"fid","lichen_species","lichen_notes","quadrat_id","obs_id","conf_level","l_frequency","functional_group","morphotype","photobiont","rainforest_indicators_morphotypes","rainforest_indicator","tree_id","aspect","site_id","tree_species","cbh_cm","bark_roughness_class","WHIA","avg_canopy_openness","dbh_cm","dbh_scaled","canopy_scaled"
34,"lobaria_pulmonaria","","LAE1_TE_QE","LAE1_TE_QE_L_20260713_141813367","high_conf",1,"foliose_cyanolichen","foliose","cyanolichen","foliose_cyanolichen",1,"LAE1_TE","qe","LAE1","Fagus_sylvatica",82,"inter_b","high_impact",67.9,26.1014106670708,-0.27776441580043,1.3510192134213
35,"hypotrachyna_laevigata","","LAE1_TW_QE","LAE1_TW_QE_L_20260713_141813373","high_conf",4,"foliose_chlorolichen","foliose","chlorolichen","foliose_chlorolichen",1,"LAE1_TW","qe","LAE1","Fagus_sylvatica",90.25,"rough_b","high_impact",67.9,28.7274672280871,-0.145089867256835,1.3510192134213
36,"melanelixia_glabratula","","LAE1_TW_QE","LAE1_TW_QE_L_20260713_141813383","med_conf",2,"foliose_chlorolichen","foliose","chlorolichen","foliose_chlorolichen",0,"LAE1_TW","qe","LAE1","Fagus_sylvatica",90.25,"rough_b","high_impact",67.9,28.7274672280871,-0.145089867256835,1.3510192134213
37,"lecanora_chlarotera_s._lat.","","LAE1_TW_QE","LAE1_TW_QE_L_20260713_141813393","med_conf",2,"crustose_chlorolichen","crustose","chlorolichen","crustose_chlorolichen",0,"LAE1_TW","qe","LAE1","Fagus_sylvatica",90.25,"rough_b","high_impact",67.9,28.7274672280871,-0.145089867256835,1.3510192134213
38,"lecanora_chlarotera_s._lat.","","LAE1_TW_QS","LAE1_TW_QS_L_20260713_141813403","med_conf",5,"crustose_chlorolichen","crustose","chlorolichen","crustose_chlorolichen",0,"LAE1_TW","qs","LAE1","Fagus_sylvatica",90.25,"rough_b","high_impact",67.9,28.7274672280871,-0.145089867256835,1.3510192134213
39,"hypotrachyna_laevigata","","LAE1_TW_QS","LAE1_TW_QS_L_20260713_141813413","high_conf",3,"foliose_chlorolichen","foliose","chlorolichen","foliose_chlorolichen",1,"LAE1_TW","qs","LAE1","Fagus_sylvatica",90.25,"rough_b","high_impact",67.9,28.7274672280871,-0.145089867256835,1.3510192134213
40,"lecanora_chlarotera_s._lat.","","LAE1_TW_QW","LAE1_TW_QW_L_20260713_141813423","med_conf",5,"crustose_chlorolichen","crustose","chlorolichen","crustose_chlorolichen",0,"LAE1_TW","qw","LAE1","Fagus_sylvatica",90.25,"rough_b","high_impact",67.9,28.7274672280871,-0.145089867256835,1.3510192134213
41,"hypotrachyna_sinuosa","","LAE1_TW_QW","LAE1_TW_QW_L_20260713_141813440","high_conf",2,"foliose_chlorolichen","foliose","chlorolichen","foliose_chlorolichen",1,"LAE1_TW","qw","LAE1","Fagus_sylvatica",90.25,"rough_b","high_impact",67.9,28.7274672280871,-0.145089867256835,1.3510192134213
42,"pertusaria_sp","","LAE1_TW_QW","LAE1_TW_QW_L_20260713_141813454","high_conf",1,"crustose_chlorolichen","crustose","chlorolichen","crustose_chlorolichen",0,"LAE1_TW","qw","LAE1","Fagus_sylvatica",90.25,"rough_b","high_impact",67.9,28.7274672280871,-0.145089867256835,1.3510192134213
43,"hypotrachyna_sinuosa","","LAE1_TW_QN","LAE1_TW_QN_L_20260713_141813463","high_conf",4,"foliose_chlorolichen","foliose","chlorolichen","foliose_chlorolichen",1,"LAE1_TW","qn","LAE1","Fagus_sylvatica",90.25,"rough_b","high_impact",67.9,28.7274672280871,-0.145089867256835,1.3510192134213
44,"lecanora_chlarotera_s._lat.","","LAE1_TW_QN","LAE1_TW_QN_L_20260713_141813473","med_conf",2,"crustose_chlorolichen","crustose","chlorolichen","crustose_chlorolichen",0,"LAE1_TW","qn","LAE1","Fagus_sylvatica",90.25,"rough_b","high_impact",67.9,28.7274672280871,-0.145089867256835,1.3510192134213
45,"thelotrema_lepadinum","","LAE1_TS_QE","LAE1_TS_QE_L_20260713_141813479","high_conf",4,"crustose_chlorolichen","crustose","chlorolichen","crustose_chlorolichen",1,"LAE1_TS","qe","LAE1","Fagus_sylvatica",50.65,"inter_b","high_impact",67.9,16.122395735209,-0.781927700266092,1.3510192134213
46,"pyrenula_macrospora","","LAE1_TS_QE","LAE1_TS_QE_L_20260713_141813483","high_conf",3,"crustose_chlorolichen","crustose","chlorolichen","crustose_chlorolichen",1,"LAE1_TS","qe","LAE1","Fagus_sylvatica",50.65,"inter_b","high_impact",67.9,16.122395735209,-0.781927700266092,1.3510192134213
47,"graphis_scripta_s._lat.","","LAE1_TS_QE","LAE1_TS_QE_L_20260713_141813503","high_conf",1,"crustose_chlorolichen","crustose","chlorolichen","crustose_chlorolichen",0,"LAE1_TS","qe","LAE1","Fagus_sylvatica",50.65,"inter_b","high_impact",67.9,16.122395735209,-0.781927700266092,1.3510192134213
48,"lecanora_chlarotera_s._lat.","","LAE1_TS_QS","LAE1_TS_QS_L_20260713_141813513","med_conf",2,"crustose_chlorolichen","crustose","chlorolichen","crustose_chlorolichen",0,"LAE1_TS","qs","LAE1","Fagus_sylvatica",50.65,"inter_b","high_impact",67.9,16.122395735209,-0.781927700266092,1.3510192134213
49,"pyrenula_macrospora","","LAE1_TS_QS","LAE1_TS_QS_L_20260713_141813526","high_conf",5,"crustose_chlorolichen","crustose","chlorolichen","crustose_chlorolichen",1,"LAE1_TS","qs","LAE1","Fagus_sylvatica",50.65,"inter_b","high_impact",67.9,16.122395735209,-0.781927700266092,1.3510192134213
50,"pyrenula_macrospora","","LAE1_TS_QW","LAE1_TS_QW_L_20260713_141813535","high_conf",4,"crustose_chlorolichen","crustose","chlorolichen","crustose_chlorolichen",1,"LAE1_TS","qw","LAE1","Fagus_sylvatica",50.65,"inter_b","high_impact",67.9,16.122395735209,-0.781927700266092,1.3510192134213
51,"thelotrema_lepadinum","","LAE1_TS_QW","LAE1_TS_QW_L_20260713_141813548","high_conf",3,"crustose_chlorolichen","crustose","chlorolichen","crustose_chlorolichen",1,"LAE1_TS","qw","LAE1","Fagus_sylvatica",50.65,"inter_b","high_impact",67.9,16.122395735209,-0.781927700266092,1.3510192134213
52,"lecanora_chlarotera_s._lat.","","LAE1_TS_QW","LAE1_TS_QW_L_20260713_141813558","high_conf",2,"crustose_chlorolichen","crustose","chlorolichen","crustose_chlorolichen",0,"LAE1_TS","qw","LAE1","Fagus_sylvatica",50.65,"inter_b","high_impact",67.9,16.122395735209,-0.781927700266092,1.3510192134213
53,"pyrenula_macrospora","","LAE1_TS_QN","LAE1_TS_QN_L_20260713_141813569","high_conf",5,"crustose_chlorolichen","crustose","chlorolichen","crustose_chlorolichen",1,"LAE1_TS","qn","LAE1","Fagus_sylvatica",50.65,"inter_b","high_impact",67.9,16.122395735209,-0.781927700266092,1.3510192134213
54,"thelotrema_lepadinum","","LAE1_TS_QN","LAE1_TS_QN_L_20260713_141813573","high_conf",4,"crustose_chlorolichen","crustose","chlorolichen","crustose_chlorolichen",1,"LAE1_TS","qn","LAE1","Fagus_sylvatica",50.65,"inter_b","high_impact",67.9,16.122395735209,-0.781927700266092,1.3510192134213
55,"lecanora_chlarotera_s._lat.","","LAE1_TS_QN","LAE1_TS_QN_L_20260713_141813589","high_conf",4,"crustose_chlorolichen","crustose","chlorolichen","crustose_chlorolichen",0,"LAE1_TS","qn","LAE1","Fagus_sylvatica",50.65,"inter_b","high_impact",67.9,16.122395735209,-0.781927700266092,1.3510192134213
56,"lecanora_chlarotera_s._lat.","","LAE1_TE_QN","LAE1_TE_QN_L_20260713_141813598","high_conf",5,"crustose_chlorolichen","crustose","chlorolichen","crustose_chlorolichen",0,"LAE1_TE","qn","LAE1","Fagus_sylvatica",82,"inter_b","high_impact",67.9,26.1014106670708,-0.27776441580043,1.3510192134213
57,"thelotrema_lepadinum","","LAE1_TE_QN","LAE1_TE_QN_L_20260713_141813606","high_conf",4,"crustose_chlorolichen","crustose","chlorolichen","crustose_chlorolichen",1,"LAE1_TE","qn","LAE1","Fagus_sylvatica",82,"inter_b","high_impact",67.9,26.1014106670708,-0.27776441580043,1.3510192134213
58,"pyrenula_macrospora","","LAE1_TE_QN","LAE1_TE_QN_L_20260713_141813613","high_conf",3,"crustose_chlorolichen","crustose","chlorolichen","crustose_chlorolichen",1,"LAE1_TE","qn","LAE1","Fagus_sylvatica",82,"inter_b","high_impact",67.9,26.1014106670708,-0.27776441580043,1.3510192134213
59,"lecanora_chlarotera_s._lat.","","LAE1_TE_QE","LAE1_TE_QE_L_20260713_141813623","high_conf",5,"crustose_chlorolichen","crustose","chlorolichen","crustose_chlorolichen",0,"LAE1_TE","qe","LAE1","Fagus_sylvatica",82,"inter_b","high_impact",67.9,26.1014106670708,-0.27776441580043,1.3510192134213
60,"pyrenula_macrospora","","LAE1_TE_QE","LAE1_TE_QE_L_20260713_141813637","high_conf",5,"crustose_chlorolichen","crustose","chlorolichen","crustose_chlorolichen",1,"LAE1_TE","qe","LAE1","Fagus_sylvatica",82,"inter_b","high_impact",67.9,26.1014106670708,-0.27776441580043,1.3510192134213
61,"pyrenula_macrospora","","LAE1_TE_QS","LAE1_TE_QS_L_20260713_141813643","high_conf",3,"crustose_chlorolichen","crustose","chlorolichen","crustose_chlorolichen",1,"LAE1_TE","qs","LAE1","Fagus_sylvatica",82,"inter_b","high_impact",67.9,26.1014106670708,-0.27776441580043,1.3510192134213
62,"lecanora_chlarotera_s._lat.","","LAE1_TE_QS","LAE1_TE_QS_L_20260713_141813654","high_conf",5,"crustose_chlorolichen","crustose","chlorolichen","crustose_chlorolichen",0,"LAE1_TE","qs","LAE1","Fagus_sylvatica",82,"inter_b","high_impact",67.9,26.1014106670708,-0.27776441580043,1.3510192134213
63,"lecanora_chlarotera_s._lat.","","LAE1_TE_QW","LAE1_TE_QW_L_20260713_141813668","high_conf",5,"crustose_chlorolichen","crustose","chlorolichen","crustose_chlorolichen",0,"LAE1_TE","qw","LAE1","Fagus_sylvatica",82,"inter_b","high_impact",67.9,26.1014106670708,-0.27776441580043,1.3510192134213
64,"thelotrema_lepadinum","","LAE1_TE_QW","LAE1_TE_QW_L_20260713_141813673","high_conf",2,"crustose_chlorolichen","crustose","chlorolichen","crustose_chlorolichen",1,"LAE1_TE","qw","LAE1","Fagus_sylvatica",82,"inter_b","high_impact",67.9,26.1014106670708,-0.27776441580043,1.3510192134213
65,"hypotrachyna_sinuosa","","LAE1_TN_QS","LAE1_TN_QS_L_20260713_141813685","high_conf",5,"foliose_chlorolichen","foliose","chlorolichen","foliose_chlorolichen",1,"LAE1_TN","qs","LAE1","Fagus_sylvatica",39,"rough_b","high_impact",67.9,12.4140855611678,-0.969280244573108,1.3510192134213
66,"lecanora_chlarotera_s._lat.","","LAE1_TN_QS","LAE1_TN_QS_L_20260713_141813693","high_conf",3,"crustose_chlorolichen","crustose","chlorolichen","crustose_chlorolichen",0,"LAE1_TN","qs","LAE1","Fagus_sylvatica",39,"rough_b","high_impact",67.9,12.4140855611678,-0.969280244573108,1.3510192134213
67,"melanelixia_glabratula","","LAE1_TN_QS","LAE1_TN_QS_L_20260713_141813706","high_conf",3,"foliose_chlorolichen","foliose","chlorolichen","foliose_chlorolichen",0,"LAE1_TN","qs","LAE1","Fagus_sylvatica",39,"rough_b","high_impact",67.9,12.4140855611678,-0.969280244573108,1.3510192134213
68,"hypotrachyna_laevigata","","LAE1_TN_QE","LAE1_TN_QE_L_20260713_141813713","high_conf",3,"foliose_chlorolichen","foliose","chlorolichen","foliose_chlorolichen",1,"LAE1_TN","qe","LAE1","Fagus_sylvatica",39,"rough_b","high_impact",67.9,12.4140855611678,-0.969280244573108,1.3510192134213
69,"hypotrachyna_sinuosa","","LAE1_TN_QE","LAE1_TN_QE_L_20260713_141813727","high_conf",5,"foliose_chlorolichen","foliose","chlorolichen","foliose_chlorolichen",1,"LAE1_TN","qe","LAE1","Fagus_sylvatica",39,"rough_b","high_impact",67.9,12.4140855611678,-0.969280244573108,1.3510192134213
70,"melanelixia_glabratula","","LAE1_TN_QE","LAE1_TN_QE_L_20260713_141813736","high_conf",3,"foliose_chlorolichen","foliose","chlorolichen","foliose_chlorolichen",0,"LAE1_TN","qe","LAE1","Fagus_sylvatica",39,"rough_b","high_impact",67.9,12.4140855611678,-0.969280244573108,1.3510192134213
71,"lepraria_sp","","LAE1_TN_QE","LAE1_TN_QE_L_20260713_141813747","med_conf",5,"leprose_chlorolichen","leprose","chlorolichen","leprose_chlorolichen",0,"LAE1_TN","qe","LAE1","Fagus_sylvatica",39,"rough_b","high_impact",67.9,12.4140855611678,-0.969280244573108,1.3510192134213
72,"hypotrachyna_sinuosa","","LAE1_TN_QN","LAE1_TN_QN_L_20260713_141813757","high_conf",5,"foliose_chlorolichen","foliose","chlorolichen","foliose_chlorolichen",1,"LAE1_TN","qn","LAE1","Fagus_sylvatica",39,"rough_b","high_impact",67.9,12.4140855611678,-0.969280244573108,1.3510192134213
73,"lepraria_sp","","LAE1_TN_QN","LAE1_TN_QN_L_20260713_141813763","med_conf",3,"leprose_chlorolichen","leprose","chlorolichen","leprose_chlorolichen",0,"LAE1_TN","qn","LAE1","Fagus_sylvatica",39,"rough_b","high_impact",67.9,12.4140855611678,-0.969280244573108,1.3510192134213
74,"melanelixia_glabratula","","LAE1_TN_QW","LAE1_TN_QW_L_20260713_141813773","high_conf",5,"foliose_chlorolichen","foliose","chlorolichen","foliose_chlorolichen",0,"LAE1_TN","qw","LAE1","Fagus_sylvatica",39,"rough_b","high_impact",67.9,12.4140855611678,-0.969280244573108,1.3510192134213
75,"hypotrachyna_sinuosa","","LAE1_TN_QW","LAE1_TN_QW_L_20260713_141813783","high_conf",2,"foliose_chlorolichen","foliose","chlorolichen","foliose_chlorolichen",1,"LAE1_TN","qw","LAE1","Fagus_sylvatica",39,"rough_b","high_impact",67.9,12.4140855611678,-0.969280244573108,1.3510192134213
76,"lecanora_chlarotera_s._lat.","","LAE1_TN_QW","LAE1_TN_QW_L_20260713_141813789","high_conf",3,"crustose_chlorolichen","crustose","chlorolichen","crustose_chlorolichen",0,"LAE1_TN","qw","LAE1","Fagus_sylvatica",39,"rough_b","high_impact",67.9,12.4140855611678,-0.969280244573108,1.3510192134213
77,"lepraria_sp","","LAE1_TN_QW","LAE1_TN_QW_L_20260713_141813803","med_conf",5,"leprose_chlorolichen","leprose","chlorolichen","leprose_chlorolichen",0,"LAE1_TN","qw","LAE1","Fagus_sylvatica",39,"rough_b","high_impact",67.9,12.4140855611678,-0.969280244573108,1.3510192134213
78,"hypotrachyna_laevigata","","LAN1_TN_QE","LAN1_TN_QE_L_20260713_141813813","high_conf",4,"foliose_chlorolichen","foliose","chlorolichen","foliose_chlorolichen",1,"LAN1_TN","qe","LAN1","Betula_sp",123,"rough_b","medium_impact",21.6995,39.1521160006063,0.381587886052589,-0.631614391822598
79,"usnea_cornuta_s._lat.","","LAN1_TN_QE","LAN1_TN_QE_L_20260713_141813821","high_conf",4,"fruticose_chlorolichen","fruticose","chlorolichen","fruticose_chlorolichen",1,"LAN1_TN","qe","LAN1","Betula_sp",123,"rough_b","medium_impact",21.6995,39.1521160006063,0.381587886052589,-0.631614391822598
80,"cladonia_coniocraea","","LAN1_TN_QE","LAN1_TN_QE_L_20260713_141813828","",2,"foliose_chlorolichen","foliose","chlorolichen","foliose_chlorolichen",0,"LAN1_TN","qe","LAN1","Betula_sp",123,"rough_b","medium_impact",21.6995,39.1521160006063,0.381587886052589,-0.631614391822598
81,"ochrolechia_androgyna","","LAN1_TN_QE","LAN1_TN_QE_L_20260713_141813837","high_conf",1,"crustose_chlorolichen","crustose","chlorolichen","crustose_chlorolichen",0,"LAN1_TN","qe","LAN1","Betula_sp",123,"rough_b","medium_impact",21.6995,39.1521160006063,0.381587886052589,-0.631614391822598
82,"lecanactis_abietina","","LAN1_TN_QE","LAN1_TN_QE_L_20260713_141813843","med_conf",2,"crustose_chlorolichen","crustose","chlorolichen","crustose_chlorolichen",0,"LAN1_TN","qe","LAN1","Betula_sp",123,"rough_b","medium_impact",21.6995,39.1521160006063,0.381587886052589,-0.631614391822598
83,"hypotrachyna_sinuosa","","LAN1_TN_QN","LAN1_TN_QN_L_20260713_141813855","high_conf",2,"foliose_chlorolichen","foliose","chlorolichen","foliose_chlorolichen",1,"LAN1_TN","qn","LAN1","Betula_sp",123,"rough_b","medium_impact",21.6995,39.1521160006063,0.381587886052589,-0.631614391822598
84,"cladonia_coniocraea","","LAN1_TN_QN","LAN1_TN_QN_L_20260713_141813863","high_conf",5,"foliose_chlorolichen","foliose","chlorolichen","foliose_chlorolichen",0,"LAN1_TN","qn","LAN1","Betula_sp",123,"rough_b","medium_impact",21.6995,39.1521160006063,0.381587886052589,-0.631614391822598
85,"usnea_cornuta_s._lat.","","LAN1_TN_QS","LAN1_TN_QS_L_20260713_141813873","high_conf",2,"fruticose_chlorolichen","fruticose","chlorolichen","fruticose_chlorolichen",1,"LAN1_TN","qs","LAN1","Betula_sp",123,"rough_b","medium_impact",21.6995,39.1521160006063,0.381587886052589,-0.631614391822598
86,"hypotrachyna_sinuosa","","LAN1_TN_QS","LAN1_TN_QS_L_20260713_141813884","",5,"foliose_chlorolichen","foliose","chlorolichen","foliose_chlorolichen",1,"LAN1_TN","qs","LAN1","Betula_sp",123,"rough_b","medium_impact",21.6995,39.1521160006063,0.381587886052589,-0.631614391822598
87,"cladonia_coniocraea","","LAN1_TN_QS","LAN1_TN_QS_L_20260713_141813893","high_conf",5,"foliose_chlorolichen","foliose","chlorolichen","foliose_chlorolichen",0,"LAN1_TN","qs","LAN1","Betula_sp",123,"rough_b","medium_impact",21.6995,39.1521160006063,0.381587886052589,-0.631614391822598
88,"cladonia_coniocraea","","LAN1_TN_QW","LAN1_TN_QW_L_20260713_141813900","high_conf",4,"foliose_chlorolichen","foliose","chlorolichen","foliose_chlorolichen",0,"LAN1_TN","qw","LAN1","Betula_sp",123,"rough_b","medium_impact",21.6995,39.1521160006063,0.381587886052589,-0.631614391822598
89,"hypotrachyna_sinuosa","","LAN1_TN_QW","LAN1_TN_QW_L_20260713_141813903","high_conf",1,"foliose_chlorolichen","foliose","chlorolichen","foliose_chlorolichen",1,"LAN1_TN","qw","LAN1","Betula_sp",123,"rough_b","medium_impact",21.6995,39.1521160006063,0.381587886052589,-0.631614391822598
90,"platismatia_glauca","","LAN1_TE_QE","LAN1_TE_QE_L_20260713_141813916","high_conf",5,"foliose_chlorolichen","foliose","chlorolichen","foliose_chlorolichen",1,"LAN1_TE","qe","LAN1","Betula_sp",99,"rough_b","medium_impact",21.6995,31.5126787321953,-0.00437443698332481,-0.631614391822598
91,"hypotrachyna_laevigata","","LAN1_TE_QE","LAN1_TE_QE_L_20260713_141813930","high_conf",5,"foliose_chlorolichen","foliose","chlorolichen","foliose_chlorolichen",1,"LAN1_TE","qe","LAN1","Betula_sp",99,"rough_b","medium_impact",21.6995,31.5126787321953,-0.00437443698332481,-0.631614391822598
92,"cladonia_coniocraea","","LAN1_TE_QE","LAN1_TE_QE_L_20260713_141813938","high_conf",4,"foliose_chlorolichen","foliose","chlorolichen","foliose_chlorolichen",0,"LAN1_TE","qe","LAN1","Betula_sp",99,"rough_b","medium_impact",21.6995,31.5126787321953,-0.00437443698332481,-0.631614391822598
93,"cladonia_coniocraea","","LAN1_TE_QN","LAN1_TE_QN_L_20260713_141813943","high_conf",5,"foliose_chlorolichen","foliose","chlorolichen","foliose_chlorolichen",0,"LAN1_TE","qn","LAN1","Betula_sp",99,"rough_b","medium_impact",21.6995,31.5126787321953,-0.00437443698332481,-0.631614391822598
94,"hypotrachyna_laevigata","","LAN1_TE_QN","LAN1_TE_QN_L_20260713_141813955","high_conf",1,"foliose_chlorolichen","foliose","chlorolichen","foliose_chlorolichen",1,"LAN1_TE","qn","LAN1","Betula_sp",99,"rough_b","medium_impact",21.6995,31.5126787321953,-0.00437443698332481,-0.631614391822598
95,"usnea_cornuta_s._lat.","","LAN1_TE_QN","LAN1_TE_QN_L_20260713_141813964","high_conf",2,"fruticose_chlorolichen","fruticose","chlorolichen","fruticose_chlorolichen",1,"LAN1_TE","qn","LAN1","Betula_sp",99,"rough_b","medium_impact",21.6995,31.5126787321953,-0.00437443698332481,-0.631614391822598
96,"lobaria_pulmonaria","","LAN1_TE_QS","LAN1_TE_QS_L_20260713_141813964","high_conf",1,"foliose_cyanolichen","foliose","cyanolichen","foliose_cyanolichen",1,"LAN1_TE","qs","LAN1","Betula_sp",99,"rough_b","medium_impact",21.6995,31.5126787321953,-0.00437443698332481,-0.631614391822598
97,"hypotrachyna_sinuosa","","LAN1_TE_QS","LAN1_TE_QS_L_20260713_141813980","med_conf",4,"foliose_chlorolichen","foliose","chlorolichen","foliose_chlorolichen",1,"LAN1_TE","qs","LAN1","Betula_sp",99,"rough_b","medium_impact",21.6995,31.5126787321953,-0.00437443698332481,-0.631614391822598
98,"sticta_sylvatica","","LAN1_TE_QS","LAN1_TE_QS_L_20260713_141813988","med_conf",4,"foliose_cyanolichen","foliose","cyanolichen","foliose_cyanolichen",1,"LAN1_TE","qs","LAN1","Betula_sp",99,"rough_b","medium_impact",21.6995,31.5126787321953,-0.00437443698332481,-0.631614391822598
99,"usnea_cornuta_s._lat.","","LAN1_TE_QW","LAN1_TE_QW_L_20260713_141813996","high_conf",3,"fruticose_chlorolichen","fruticose","chlorolichen","fruticose_chlorolichen",1,"LAN1_TE","qw","LAN1","Betula_sp",99,"rough_b","medium_impact",21.6995,31.5126787321953,-0.00437443698332481,-0.631614391822598
100,"cladonia_coniocraea","","LAN1_TE_QW","LAN1_TE_QW_L_20260713_141814003","high_conf",3,"foliose_chlorolichen","foliose","chlorolichen","foliose_chlorolichen",0,"LAN1_TE","qw","LAN1","Betula_sp",99,"rough_b","medium_impact",21.6995,31.5126787321953,-0.00437443698332481,-0.631614391822598
101,"hypotrachyna_laevigata","","LAN1_TE_QW","LAN1_TE_QW_L_20260713_141814018","high_conf",5,"foliose_chlorolichen","foliose","chlorolichen","foliose_chlorolichen",1,"LAN1_TE","qw","LAN1","Betula_sp",99,"rough_b","medium_impact",21.6995,31.5126787321953,-0.00437443698332481,-0.631614391822598
102,"platismatia_glauca","","LAN1_TE_QW","LAN1_TE_QW_L_20260713_141814028","high_conf",3,"foliose_chlorolichen","foliose","chlorolichen","foliose_chlorolichen",1,"LAN1_TE","qw","LAN1","Betula_sp",99,"rough_b","medium_impact",21.6995,31.5126787321953,-0.00437443698332481,-0.631614391822598
103,"cladonia_coniocraea","","LAN1_TS_QE","LAN1_TS_QE_L_20260713_141814033","high_conf",1,"foliose_chlorolichen","foliose","chlorolichen","foliose_chlorolichen",0,"LAN1_TS","qe","LAN1","Betula_sp",87,"rough_b","medium_impact",21.6995,27.6929600979898,-0.197355598501281,-0.631614391822598
104,"platismatia_glauca","","LAN1_TS_QE","LAN1_TS_QE_L_20260713_141814043","med_conf",1,"foliose_chlorolichen","foliose","chlorolichen","foliose_chlorolichen",1,"LAN1_TS","qe","LAN1","Betula_sp",87,"rough_b","medium_impact",21.6995,27.6929600979898,-0.197355598501281,-0.631614391822598
105,"cladonia_coniocraea","","LAN1_TS_QN","LAN1_TS_QN_L_20260713_141814055","high_conf",5,"foliose_chlorolichen","foliose","chlorolichen","foliose_chlorolichen",0,"LAN1_TS","qn","LAN1","Betula_sp",87,"rough_b","medium_impact",21.6995,27.6929600979898,-0.197355598501281,-0.631614391822598
106,"usnea_cornuta_s._lat.","","LAN1_TS_QN","LAN1_TS_QN_L_20260713_141814063","high_conf",4,"fruticose_chlorolichen","fruticose","chlorolichen","fruticose_chlorolichen",1,"LAN1_TS","qn","LAN1","Betula_sp",87,"rough_b","medium_impact",21.6995,27.6929600979898,-0.197355598501281,-0.631614391822598
107,"hypotrachyna_sinuosa","","LAN1_TS_QN","LAN1_TS_QN_L_20260713_141814073","high_conf",3,"foliose_chlorolichen","foliose","chlorolichen","foliose_chlorolichen",1,"LAN1_TS","qn","LAN1","Betula_sp",87,"rough_b","medium_impact",21.6995,27.6929600979898,-0.197355598501281,-0.631614391822598
108,"hypotrachyna_sinuosa","","LAN1_TS_QS","LAN1_TS_QS_L_20260713_141814075","med_conf",4,"foliose_chlorolichen","foliose","chlorolichen","foliose_chlorolichen",1,"LAN1_TS","qs","LAN1","Betula_sp",87,"rough_b","medium_impact",21.6995,27.6929600979898,-0.197355598501281,-0.631614391822598
109,"cladonia_coniocraea","","LAN1_TS_QS","LAN1_TS_QS_L_20260713_141814088","high_conf",5,"foliose_chlorolichen","foliose","chlorolichen","foliose_chlorolichen",0,"LAN1_TS","qs","LAN1","Betula_sp",87,"rough_b","medium_impact",21.6995,27.6929600979898,-0.197355598501281,-0.631614391822598
110,"platismatia_glauca","","LAN1_TS_QS","LAN1_TS_QS_L_20260713_141814093","med_conf",1,"foliose_chlorolichen","foliose","chlorolichen","foliose_chlorolichen",1,"LAN1_TS","qs","LAN1","Betula_sp",87,"rough_b","medium_impact",21.6995,27.6929600979898,-0.197355598501281,-0.631614391822598
111,"cladonia_coniocraea","","LAN1_TS_QW","LAN1_TS_QW_L_20260713_141814107","high_conf",5,"foliose_chlorolichen","foliose","chlorolichen","foliose_chlorolichen",0,"LAN1_TS","qw","LAN1","Betula_sp",87,"rough_b","medium_impact",21.6995,27.6929600979898,-0.197355598501281,-0.631614391822598
112,"platismatia_glauca","","LAN1_TS_QW","LAN1_TS_QW_L_20260713_141814113","high_conf",1,"foliose_chlorolichen","foliose","chlorolichen","foliose_chlorolichen",1,"LAN1_TS","qw","LAN1","Betula_sp",87,"rough_b","medium_impact",21.6995,27.6929600979898,-0.197355598501281,-0.631614391822598
113,"usnea_cornuta_s._lat.","","LAN1_TW_QE","LAN1_TW_QE_L_20260713_141814123","high_conf",5,"fruticose_chlorolichen","fruticose","chlorolichen","fruticose_chlorolichen",1,"LAN1_TW","qe","LAN1","Betula_sp",42,"rough_b","medium_impact",21.6995,13.3690152197192,-0.921034954193619,-0.631614391822598
114,"hypotrachyna_laevigata","","LAN1_TW_QE","LAN1_TW_QE_L_20260713_141814133","high_conf",3,"foliose_chlorolichen","foliose","chlorolichen","foliose_chlorolichen",1,"LAN1_TW","qe","LAN1","Betula_sp",42,"rough_b","medium_impact",21.6995,13.3690152197192,-0.921034954193619,-0.631614391822598
115,"hypotrachyna_sinuosa","","LAN1_TW_QE","LAN1_TW_QE_L_20260713_141814143","high_conf",4,"foliose_chlorolichen","foliose","chlorolichen","foliose_chlorolichen",1,"LAN1_TW","qe","LAN1","Betula_sp",42,"rough_b","medium_impact",21.6995,13.3690152197192,-0.921034954193619,-0.631614391822598
116,"cladonia_coniocraea","","LAN1_TW_QE","LAN1_TW_QE_L_20260713_141814143","high_conf",5,"foliose_chlorolichen","foliose","chlorolichen","foliose_chlorolichen",0,"LAN1_TW","qe","LAN1","Betula_sp",42,"rough_b","medium_impact",21.6995,13.3690152197192,-0.921034954193619,-0.631614391822598
117,"platismatia_glauca","","LAN1_TW_QE","LAN1_TW_QE_L_20260713_141814155","high_conf",4,"foliose_chlorolichen","foliose","chlorolichen","foliose_chlorolichen",1,"LAN1_TW","qe","LAN1","Betula_sp",42,"rough_b","medium_impact",21.6995,13.3690152197192,-0.921034954193619,-0.631614391822598
118,"usnea_cornuta_s._lat.","","LAN1_TW_QN","LAN1_TW_QN_L_20260713_141814163","high_conf",5,"fruticose_chlorolichen","fruticose","chlorolichen","fruticose_chlorolichen",1,"LAN1_TW","qn","LAN1","Betula_sp",42,"rough_b","medium_impact",21.6995,13.3690152197192,-0.921034954193619,-0.631614391822598
119,"hypotrachyna_laevigata","","LAN1_TW_QN","LAN1_TW_QN_L_20260713_141814173","high_conf",5,"foliose_chlorolichen","foliose","chlorolichen","foliose_chlorolichen",1,"LAN1_TW","qn","LAN1","Betula_sp",42,"rough_b","medium_impact",21.6995,13.3690152197192,-0.921034954193619,-0.631614391822598
120,"platismatia_glauca","","LAN1_TW_QN","LAN1_TW_QN_L_20260713_141814186","med_conf",3,"foliose_chlorolichen","foliose","chlorolichen","foliose_chlorolichen",1,"LAN1_TW","qn","LAN1","Betula_sp",42,"rough_b","medium_impact",21.6995,13.3690152197192,-0.921034954193619,-0.631614391822598
121,"cladonia_coniocraea","","LAN1_TW_QN","LAN1_TW_QN_L_20260713_141814193","high_conf",3,"foliose_chlorolichen","foliose","chlorolichen","foliose_chlorolichen",0,"LAN1_TW","qn","LAN1","Betula_sp",42,"rough_b","medium_impact",21.6995,13.3690152197192,-0.921034954193619,-0.631614391822598
122,"cladonia_fimbriata","","LAN1_TW_QN","LAN1_TW_QN_L_20260713_141814203","med_conf",2,"foliose_chlorolichen","foliose","chlorolichen","foliose_chlorolichen",0,"LAN1_TW","qn","LAN1","Betula_sp",42,"rough_b","medium_impact",21.6995,13.3690152197192,-0.921034954193619,-0.631614391822598
123,"ochrolechia_androgyna","","LAN1_TW_QN","LAN1_TW_QN_L_20260713_141814213","med_conf",3,"crustose_chlorolichen","crustose","chlorolichen","crustose_chlorolichen",0,"LAN1_TW","qn","LAN1","Betula_sp",42,"rough_b","medium_impact",21.6995,13.3690152197192,-0.921034954193619,-0.631614391822598
124,"usnea_cornuta_s._lat.","","LAN1_TW_QS","LAN1_TW_QS_L_20260713_141814218","high_conf",5,"fruticose_chlorolichen","fruticose","chlorolichen","fruticose_chlorolichen",1,"LAN1_TW","qs","LAN1","Betula_sp",42,"rough_b","medium_impact",21.6995,13.3690152197192,-0.921034954193619,-0.631614391822598
125,"hypotrachyna_laevigata","","LAN1_TW_QS","LAN1_TW_QS_L_20260713_141814223","high_conf",3,"foliose_chlorolichen","foliose","chlorolichen","foliose_chlorolichen",1,"LAN1_TW","qs","LAN1","Betula_sp",42,"rough_b","medium_impact",21.6995,13.3690152197192,-0.921034954193619,-0.631614391822598
126,"hypotrachyna_sinuosa","","LAN1_TW_QS","LAN1_TW_QS_L_20260713_141814241","med_conf",2,"foliose_chlorolichen","foliose","chlorolichen","foliose_chlorolichen",1,"LAN1_TW","qs","LAN1","Betula_sp",42,"rough_b","medium_impact",21.6995,13.3690152197192,-0.921034954193619,-0.631614391822598
127,"cladonia_coniocraea","","LAN1_TW_QS","LAN1_TW_QS_L_20260713_141814249","high_conf",4,"foliose_chlorolichen","foliose","chlorolichen","foliose_chlorolichen",0,"LAN1_TW","qs","LAN1","Betula_sp",42,"rough_b","medium_impact",21.6995,13.3690152197192,-0.921034954193619,-0.631614391822598
128,"evernia_prunastri","","LAN1_TW_QS","LAN1_TW_QS_L_20260713_141814255","med_conf",1,"fruticose_chlorolichen","fruticose","chlorolichen","fruticose_chlorolichen",0,"LAN1_TW","qs","LAN1","Betula_sp",42,"rough_b","medium_impact",21.6995,13.3690152197192,-0.921034954193619,-0.631614391822598
129,"usnea_cornuta_s._lat.","","LAN1_TW_QW","LAN1_TW_QW_L_20260713_141814266","high_conf",5,"fruticose_chlorolichen","fruticose","chlorolichen","fruticose_chlorolichen",1,"LAN1_TW","qw","LAN1","Betula_sp",42,"rough_b","medium_impact",21.6995,13.3690152197192,-0.921034954193619,-0.631614391822598
130,"hypotrachyna_laevigata","","LAN1_TW_QW","LAN1_TW_QW_L_20260713_141814273","med_conf",3,"foliose_chlorolichen","foliose","chlorolichen","foliose_chlorolichen",1,"LAN1_TW","qw","LAN1","Betula_sp",42,"rough_b","medium_impact",21.6995,13.3690152197192,-0.921034954193619,-0.631614391822598
131,"platismatia_glauca","","LAN1_TW_QW","LAN1_TW_QW_L_20260713_141814283","high_conf",2,"foliose_chlorolichen","foliose","chlorolichen","foliose_chlorolichen",1,"LAN1_TW","qw","LAN1","Betula_sp",42,"rough_b","medium_impact",21.6995,13.3690152197192,-0.921034954193619,-0.631614391822598
132,"ochrolechia_androgyna","","LAN1_TW_QW","LAN1_TW_QW_L_20260713_141814293","med_conf",5,"crustose_chlorolichen","crustose","chlorolichen","crustose_chlorolichen",0,"LAN1_TW","qw","LAN1","Betula_sp",42,"rough_b","medium_impact",21.6995,13.3690152197192,-0.921034954193619,-0.631614391822598
133,"ochrolechia_androgyna","","BG2_TE_QW","BG2_TE_QW_L_20260713_141814303","high_conf",2,"crustose_chlorolichen","crustose","chlorolichen","crustose_chlorolichen",0,"BG2_TE","qw","BG2","Quercus_sp",80.35,"rough_b","low_impact",53.82575,25.5761993548676,-0.304299325509149,0.747041312346552
134,"ochrolechia_androgyna","","BG2_TE_QN","BG2_TE_QN_L_20260713_141814313","high_conf",5,"crustose_chlorolichen","crustose","chlorolichen","crustose_chlorolichen",0,"BG2_TE","qn","BG2","Quercus_sp",80.35,"rough_b","low_impact",53.82575,25.5761993548676,-0.304299325509149,0.747041312346552
135,"thelotrema_lepadinum","","BG2_TE_QN","BG2_TE_QN_L_20260713_141814318","high_conf",4,"crustose_chlorolichen","crustose","chlorolichen","crustose_chlorolichen",1,"BG2_TE","qn","BG2","Quercus_sp",80.35,"rough_b","low_impact",53.82575,25.5761993548676,-0.304299325509149,0.747041312346552
136,"cladonia_coniocraea","","BG2_TE_QN","BG2_TE_QN_L_20260713_141814329","high_conf",4,"foliose_chlorolichen","foliose","chlorolichen","foliose_chlorolichen",0,"BG2_TE","qn","BG2","Quercus_sp",80.35,"rough_b","low_impact",53.82575,25.5761993548676,-0.304299325509149,0.747041312346552
137,"ochrolechia_tartarea","","BG2_TE_QE","BG2_TE_QE_L_20260713_141814333","high_conf",5,"crustose_chlorolichen","crustose","chlorolichen","crustose_chlorolichen",1,"BG2_TE","qe","BG2","Quercus_sp",80.35,"rough_b","low_impact",53.82575,25.5761993548676,-0.304299325509149,0.747041312346552
138,"ochrolechia_tartarea","","BG2_TE_QS","BG2_TE_QS_L_20260713_141814345","high_conf",1,"crustose_chlorolichen","crustose","chlorolichen","crustose_chlorolichen",1,"BG2_TE","qs","BG2","Quercus_sp",80.35,"rough_b","low_impact",53.82575,25.5761993548676,-0.304299325509149,0.747041312346552
139,"lepra_albescens_var._albescens","","BG2_TE_QS","BG2_TE_QS_L_20260713_141814355","low_conf",2,"crustose_chlorolichen","crustose","chlorolichen","crustose_chlorolichen",0,"BG2_TE","qs","BG2","Quercus_sp",80.35,"rough_b","low_impact",53.82575,25.5761993548676,-0.304299325509149,0.747041312346552
140,"thelotrema_lepadinum","","BG2_TN_QS","BG2_TN_QS_L_20260713_141814366","high_conf",5,"crustose_chlorolichen","crustose","chlorolichen","crustose_chlorolichen",1,"BG2_TN","qs","BG2","Quercus_sp",136.5,"rough_b","low_impact",53.82575,43.4492994640874,0.59869169276029,0.747041312346552
141,"pectenia_plumbea_s._lat.","","BG2_TN_QS","BG2_TN_QS_L_20260713_141814373","med_conf",3,"foliose_cyanolichen","foliose","cyanolichen","foliose_cyanolichen",1,"BG2_TN","qs","BG2","Quercus_sp",136.5,"rough_b","low_impact",53.82575,43.4492994640874,0.59869169276029,0.747041312346552
142,"thelotrema_lepadinum","","BG2_TN_QW","BG2_TN_QW_L_20260713_141814383","high_conf",5,"crustose_chlorolichen","crustose","chlorolichen","crustose_chlorolichen",1,"BG2_TN","qw","BG2","Quercus_sp",136.5,"rough_b","low_impact",53.82575,43.4492994640874,0.59869169276029,0.747041312346552
143,"thelotrema_lepadinum","","BG2_TN_QN","BG2_TN_QN_L_20260713_141814383","med_conf",1,"crustose_chlorolichen","crustose","chlorolichen","crustose_chlorolichen",1,"BG2_TN","qn","BG2","Quercus_sp",136.5,"rough_b","low_impact",53.82575,43.4492994640874,0.59869169276029,0.747041312346552
144,"thelotrema_lepadinum","","BG2_TN_QE","BG2_TN_QE_L_20260713_141814393","med_conf",4,"crustose_chlorolichen","crustose","chlorolichen","crustose_chlorolichen",1,"BG2_TN","qe","BG2","Quercus_sp",136.5,"rough_b","low_impact",53.82575,43.4492994640874,0.59869169276029,0.747041312346552
145,"thelotrema_lepadinum","","BG2_TS_QN","BG2_TS_QN_L_20260713_141814409","high_conf",5,"crustose_chlorolichen","crustose","chlorolichen","crustose_chlorolichen",1,"BG2_TS","qn","BG2","Quercus_sp",138.5,"rough_b","low_impact",53.82575,44.085919236455,0.63085521967995,0.747041312346552
146,"cladonia_coniocraea","","BG2_TS_QN","BG2_TS_QN_L_20260713_141814413","med_conf",4,"foliose_chlorolichen","foliose","chlorolichen","foliose_chlorolichen",0,"BG2_TS","qn","BG2","Quercus_sp",138.5,"rough_b","low_impact",53.82575,44.085919236455,0.63085521967995,0.747041312346552
147,"thelotrema_lepadinum","","BG2_TS_QE","BG2_TS_QE_L_20260713_141814425","high_conf",5,"crustose_chlorolichen","crustose","chlorolichen","crustose_chlorolichen",1,"BG2_TS","qe","BG2","Quercus_sp",138.5,"rough_b","low_impact",53.82575,44.085919236455,0.63085521967995,0.747041312346552
148,"hypotrachyna_laevigata","","BG2_TS_QE","BG2_TS_QE_L_20260713_141814433","med_conf",1,"foliose_chlorolichen","foliose","chlorolichen","foliose_chlorolichen",1,"BG2_TS","qe","BG2","Quercus_sp",138.5,"rough_b","low_impact",53.82575,44.085919236455,0.63085521967995,0.747041312346552
149,"thelotrema_macrosporum","","BG2_TS_QS","BG2_TS_QS_L_20260713_141814443","med_conf",5,"crustose_chlorolichen","crustose","chlorolichen","crustose_chlorolichen",1,"BG2_TS","qs","BG2","Quercus_sp",138.5,"rough_b","low_impact",53.82575,44.085919236455,0.63085521967995,0.747041312346552
150,"thelotrema_lepadinum","","BG2_TS_QS","BG2_TS_QS_L_20260713_141814456","high_conf",2,"crustose_chlorolichen","crustose","chlorolichen","crustose_chlorolichen",1,"BG2_TS","qs","BG2","Quercus_sp",138.5,"rough_b","low_impact",53.82575,44.085919236455,0.63085521967995,0.747041312346552
151,"thelotrema_lepadinum","","BG2_TS_QW","BG2_TS_QW_L_20260713_141814463","high_conf",3,"crustose_chlorolichen","crustose","chlorolichen","crustose_chlorolichen",1,"BG2_TS","qw","BG2","Quercus_sp",138.5,"rough_b","low_impact",53.82575,44.085919236455,0.63085521967995,0.747041312346552
152,"thelotrema_macrosporum","","BG2_TS_QW","BG2_TS_QW_L_20260713_141814473","med_conf",5,"crustose_chlorolichen","crustose","chlorolichen","crustose_chlorolichen",1,"BG2_TS","qw","BG2","Quercus_sp",138.5,"rough_b","low_impact",53.82575,44.085919236455,0.63085521967995,0.747041312346552
153,"thelotrema_lepadinum","","BG2_TW_QS","BG2_TW_QS_L_20260713_141814483","high_conf",5,"crustose_chlorolichen","crustose","chlorolichen","crustose_chlorolichen",1,"BG2_TW","qs","BG2","Betula_sp",76,"inter_b","low_impact",53.82575,24.1915513499681,-0.374254996559408,0.747041312346552
154,"thelotrema_macrosporum","","BG2_TW_QS","BG2_TW_QS_L_20260713_141814496","med_conf",5,"crustose_chlorolichen","crustose","chlorolichen","crustose_chlorolichen",1,"BG2_TW","qs","BG2","Betula_sp",76,"inter_b","low_impact",53.82575,24.1915513499681,-0.374254996559408,0.747041312346552
155,"cladonia_coniocraea","","BG2_TW_QS","BG2_TW_QS_L_20260713_141814503","high_conf",4,"foliose_chlorolichen","foliose","chlorolichen","foliose_chlorolichen",0,"BG2_TW","qs","BG2","Betula_sp",76,"inter_b","low_impact",53.82575,24.1915513499681,-0.374254996559408,0.747041312346552
156,"thelotrema_macrosporum","","BG2_TW_QE","BG2_TW_QE_L_20260713_141814513","med_conf",5,"crustose_chlorolichen","crustose","chlorolichen","crustose_chlorolichen",1,"BG2_TW","qe","BG2","Betula_sp",76,"inter_b","low_impact",53.82575,24.1915513499681,-0.374254996559408,0.747041312346552
157,"cladonia_coniocraea","","BG2_TW_QE","BG2_TW_QE_L_20260713_141814523","med_conf",4,"foliose_chlorolichen","foliose","chlorolichen","foliose_chlorolichen",0,"BG2_TW","qe","BG2","Betula_sp",76,"inter_b","low_impact",53.82575,24.1915513499681,-0.374254996559408,0.747041312346552
158,"hypotrachyna_sinuosa","","BG2_TW_QN","BG2_TW_QN_L_20260713_141814528","high_conf",2,"foliose_chlorolichen","foliose","chlorolichen","foliose_chlorolichen",1,"BG2_TW","qn","BG2","Betula_sp",76,"inter_b","low_impact",53.82575,24.1915513499681,-0.374254996559408,0.747041312346552
159,"thelotrema_macrosporum","","BG2_TW_QN","BG2_TW_QN_L_20260713_141814535","high_conf",3,"crustose_chlorolichen","crustose","chlorolichen","crustose_chlorolichen",1,"BG2_TW","qn","BG2","Betula_sp",76,"inter_b","low_impact",53.82575,24.1915513499681,-0.374254996559408,0.747041312346552
160,"cladonia_coniocraea","","BG2_TW_QN","BG2_TW_QN_L_20260713_141814543","high_conf",2,"foliose_chlorolichen","foliose","chlorolichen","foliose_chlorolichen",0,"BG2_TW","qn","BG2","Betula_sp",76,"inter_b","low_impact",53.82575,24.1915513499681,-0.374254996559408,0.747041312346552
161,"thelotrema_macrosporum","","BG2_TW_QW","BG2_TW_QW_L_20260713_141814555","med_conf",5,"crustose_chlorolichen","crustose","chlorolichen","crustose_chlorolichen",1,"BG2_TW","qw","BG2","Betula_sp",76,"inter_b","low_impact",53.82575,24.1915513499681,-0.374254996559408,0.747041312346552
162,"thelotrema_lepadinum","","BG2_TW_QW","BG2_TW_QW_L_20260713_141814566","high_conf",2,"crustose_chlorolichen","crustose","chlorolichen","crustose_chlorolichen",1,"BG2_TW","qw","BG2","Betula_sp",76,"inter_b","low_impact",53.82575,24.1915513499681,-0.374254996559408,0.747041312346552
163,"cladonia_coniocraea","","BG2_TW_QW","BG2_TW_QW_L_20260713_141814573","high_conf",2,"foliose_chlorolichen","foliose","chlorolichen","foliose_chlorolichen",0,"BG2_TW","qw","BG2","Betula_sp",76,"inter_b","low_impact",53.82575,24.1915513499681,-0.374254996559408,0.747041312346552
164,"lepra_sp","","INN2_TW_QE","INN2_TW_QE_L_20260713_141814588","med_conf",4,"crustose_chlorolichen","crustose","chlorolichen","crustose_chlorolichen",0,"INN2_TW","qe","INN2","Alnus_glutinosa",80,"rough_b","medium_impact",5.5085,25.4647908947033,-0.309927942720089,-1.32642983110364
165,"cladonia_sp","","INN2_TW_QS","INN2_TW_QS_L_20260713_141814593","high_conf",5,"squamulose_chlorolichen","squamulose","chlorolichen","squamulose_chlorolichen",0,"INN2_TW","qs","INN2","Alnus_glutinosa",80,"rough_b","medium_impact",5.5085,25.4647908947033,-0.309927942720089,-1.32642983110364
166,"lepra_sp","","INN2_TW_QS","INN2_TW_QS_L_20260713_141814603","med_conf",3,"crustose_chlorolichen","crustose","chlorolichen","crustose_chlorolichen",0,"INN2_TW","qs","INN2","Alnus_glutinosa",80,"rough_b","medium_impact",5.5085,25.4647908947033,-0.309927942720089,-1.32642983110364
167,"cladonia_sp","","INN2_TW_QW","INN2_TW_QW_L_20260713_141814613","high_conf",4,"squamulose_chlorolichen","squamulose","chlorolichen","squamulose_chlorolichen",0,"INN2_TW","qw","INN2","Alnus_glutinosa",80,"rough_b","medium_impact",5.5085,25.4647908947033,-0.309927942720089,-1.32642983110364
168,"graphis_scripta_s._lat.","","INN2_TW_QW","INN2_TW_QW_L_20260713_141814624","high_conf",1,"crustose_chlorolichen","crustose","chlorolichen","crustose_chlorolichen",0,"INN2_TW","qw","INN2","Alnus_glutinosa",80,"rough_b","medium_impact",5.5085,25.4647908947033,-0.309927942720089,-1.32642983110364
169,"mycoblastus_sanguinarius_f._sanguinarius","","INN2_TW_QW","INN2_TW_QW_L_20260713_141814633","med_conf",2,"crustose_chlorolichen","crustose","chlorolichen","crustose_chlorolichen",0,"INN2_TW","qw","INN2","Alnus_glutinosa",80,"rough_b","medium_impact",5.5085,25.4647908947033,-0.309927942720089,-1.32642983110364
170,"cladonia_sp","","INN2_TS_QW","INN2_TS_QW_L_20260713_141814633","high_conf",1,"squamulose_chlorolichen","squamulose","chlorolichen","squamulose_chlorolichen",0,"INN2_TS","qw","INN2","Alnus_glutinosa",74,"rough_b","medium_impact",5.5085,23.5549315776005,-0.406418523479068,-1.32642983110364
171,"lichen_(unidentified)","Pale blue, hard to distinguish. Cell 5","INN2_TS_QW","INN2_TS_QW_L_20260713_142847643","low_conf",1,"crustose_unknown_photobiont",NA,NA,"",0,"INN2_TS","qw","INN2","Alnus_glutinosa",74,"rough_b","medium_impact",5.5085,23.5549315776005,-0.406418523479068,-1.32642983110364
172,"mycoblastus_sanguinarius_f._sanguinarius","Tucked behind moss.","INN2_TS_QN","INN2_TS_QN_L_20260713_141814661","high_conf",3,"crustose_chlorolichen","crustose","chlorolichen","crustose_chlorolichen",0,"INN2_TS","qn","INN2","Alnus_glutinosa",74,"rough_b","medium_impact",5.5085,23.5549315776005,-0.406418523479068,-1.32642983110364
173,"mycoblastus_sanguinarius_f._sanguinarius","","INN2_TS_QE","INN2_TS_QE_L_20260713_141814673","high_conf",3,"crustose_chlorolichen","crustose","chlorolichen","crustose_chlorolichen",0,"INN2_TS","qe","INN2","Alnus_glutinosa",74,"rough_b","medium_impact",5.5085,23.5549315776005,-0.406418523479068,-1.32642983110364
174,"mycoblastus_sanguinarius_f._sanguinarius","","INN2_TS_QS","INN2_TS_QS_L_20260713_141814683","med_conf",2,"crustose_chlorolichen","crustose","chlorolichen","crustose_chlorolichen",0,"INN2_TS","qs","INN2","Alnus_glutinosa",74,"rough_b","medium_impact",5.5085,23.5549315776005,-0.406418523479068,-1.32642983110364
175,"cladonia_sp","","INN2_TS_QS","INN2_TS_QS_L_20260713_141814695","low_conf",3,"squamulose_chlorolichen","squamulose","chlorolichen","squamulose_chlorolichen",0,"INN2_TS","qs","INN2","Alnus_glutinosa",74,"rough_b","medium_impact",5.5085,23.5549315776005,-0.406418523479068,-1.32642983110364
176,"graphis_scripta_s._lat.","","INN2_TN_QE","INN2_TN_QE_L_20260713_141814703","med_conf",5,"crustose_chlorolichen","crustose","chlorolichen","crustose_chlorolichen",0,"INN2_TN","qe","INN2","Corylus_avellana",31,"smooth_b","medium_impact",5.5085,9.86760647169751,-1.09793435225175,-1.32642983110364
177,"pyrenula_macrospora","","INN2_TN_QS","INN2_TN_QS_L_20260713_141814713","high_conf",5,"crustose_chlorolichen","crustose","chlorolichen","crustose_chlorolichen",1,"INN2_TN","qs","INN2","Corylus_avellana",31,"smooth_b","medium_impact",5.5085,9.86760647169751,-1.09793435225175,-1.32642983110364
178,"pyrenula_laevigata","","INN2_TN_QS","INN2_TN_QS_L_20260713_141814713","med_conf",2,"crustose_chlorolichen","crustose","chlorolichen","crustose_chlorolichen",1,"INN2_TN","qs","INN2","Corylus_avellana",31,"smooth_b","medium_impact",5.5085,9.86760647169751,-1.09793435225175,-1.32642983110364
179,"pertusaria_leioplaca","","INN2_TN_QS","INN2_TN_QS_L_20260713_141814724","med_conf",5,"crustose_chlorolichen","crustose","chlorolichen","crustose_chlorolichen",0,"INN2_TN","qs","INN2","Corylus_avellana",31,"smooth_b","medium_impact",5.5085,9.86760647169751,-1.09793435225175,-1.32642983110364
180,"pertusaria_leioplaca","","INN2_TN_QW","INN2_TN_QW_L_20260713_141814743","med_conf",3,"crustose_chlorolichen","crustose","chlorolichen","crustose_chlorolichen",0,"INN2_TN","qw","INN2","Corylus_avellana",31,"smooth_b","medium_impact",5.5085,9.86760647169751,-1.09793435225175,-1.32642983110364
181,"pyrenula_macrospora","","INN2_TN_QW","INN2_TN_QW_L_20260713_141814753","high_conf",4,"crustose_chlorolichen","crustose","chlorolichen","crustose_chlorolichen",1,"INN2_TN","qw","INN2","Corylus_avellana",31,"smooth_b","medium_impact",5.5085,9.86760647169751,-1.09793435225175,-1.32642983110364
182,"pertusaria_leioplaca","","INN2_TN_QN","INN2_TN_QN_L_20260713_141814755","med_conf",1,"crustose_chlorolichen","crustose","chlorolichen","crustose_chlorolichen",0,"INN2_TN","qn","INN2","Corylus_avellana",31,"smooth_b","medium_impact",5.5085,9.86760647169751,-1.09793435225175,-1.32642983110364
183,"pyrenula_macrospora","","INN2_TN_QN","INN2_TN_QN_L_20260713_141814771","high_conf",5,"crustose_chlorolichen","crustose","chlorolichen","crustose_chlorolichen",1,"INN2_TN","qn","INN2","Corylus_avellana",31,"smooth_b","medium_impact",5.5085,9.86760647169751,-1.09793435225175,-1.32642983110364
184,"graphis_scripta_s._lat.","","INN2_TE_QW","INN2_TE_QW_L_20260713_141814773","high_conf",3,"crustose_chlorolichen","crustose","chlorolichen","crustose_chlorolichen",0,"INN2_TE","qw","INN2","Betula_sp",109,"inter_b","medium_impact",5.5085,34.6957775940332,0.156443197614972,-1.32642983110364
185,"pyrenula_macrospora","","INN2_TE_QW","INN2_TE_QW_L_20260713_141814787","high_conf",5,"crustose_chlorolichen","crustose","chlorolichen","crustose_chlorolichen",1,"INN2_TE","qw","INN2","Betula_sp",109,"inter_b","medium_impact",5.5085,34.6957775940332,0.156443197614972,-1.32642983110364
186,"cladonia_sp","","INN2_TE_QN","INN2_TE_QN_L_20260713_141814803","high_conf",5,"squamulose_chlorolichen","squamulose","chlorolichen","squamulose_chlorolichen",0,"INN2_TE","qn","INN2","Betula_sp",109,"inter_b","medium_impact",5.5085,34.6957775940332,0.156443197614972,-1.32642983110364
187,"pyrenula_macrospora","","INN2_TE_QN","INN2_TE_QN_L_20260713_141814813","med_conf",3,"crustose_chlorolichen","crustose","chlorolichen","crustose_chlorolichen",1,"INN2_TE","qn","INN2","Betula_sp",109,"inter_b","medium_impact",5.5085,34.6957775940332,0.156443197614972,-1.32642983110364
188,"pyrenula_macrospora","","INN2_TE_QE","INN2_TE_QE_L_20260713_141814823","high_conf",4,"crustose_chlorolichen","crustose","chlorolichen","crustose_chlorolichen",1,"INN2_TE","qe","INN2","Betula_sp",109,"inter_b","medium_impact",5.5085,34.6957775940332,0.156443197614972,-1.32642983110364
189,"lichen_(unidentified)","","INN2_TE_QE","INN2_TE_QE_L_20260713_141814828","low_conf",1,"leprose_lichen","leprose",NA,"",0,"INN2_TE","qe","INN2","Betula_sp",109,"inter_b","medium_impact",5.5085,34.6957775940332,0.156443197614972,-1.32642983110364
190,"pyrenula_macrospora","","INN2_TE_QS","INN2_TE_QS_L_20260713_141814835","high_conf",4,"crustose_chlorolichen","crustose","chlorolichen","crustose_chlorolichen",1,"INN2_TE","qs","INN2","Betula_sp",109,"inter_b","medium_impact",5.5085,34.6957775940332,0.156443197614972,-1.32642983110364
191,"lichen_(unidentified)","","INN2_TE_QS","INN2_TE_QS_L_20260713_141814848","low_conf",1,"leprose_lichen","leprose",NA,"",0,"INN2_TE","qs","INN2","Betula_sp",109,"inter_b","medium_impact",5.5085,34.6957775940332,0.156443197614972,-1.32642983110364
192,"ochrolechia_androgyna","","ARI1_TE_QN","ARI1_TE_QN_L_20260713_141814855","high_conf",5,"crustose_chlorolichen","crustose","chlorolichen","crustose_chlorolichen",0,"ARI1_TE","qn","ARI1","Quercus_sp",182,"rough_b","low_impact",27.62525,57.9323992854499,1.33041193018254,-0.377318635580262
193,"usnea_cornuta_s._lat.","","ARI1_TE_QN","ARI1_TE_QN_L_20260713_141814867","high_conf",1,"fruticose_chlorolichen","fruticose","chlorolichen","fruticose_chlorolichen",1,"ARI1_TE","qn","ARI1","Quercus_sp",182,"rough_b","low_impact",27.62525,57.9323992854499,1.33041193018254,-0.377318635580262
194,"cladonia_sp","","ARI1_TE_QN","ARI1_TE_QN_L_20260713_141814873","high_conf",5,"squamulose_chlorolichen","squamulose","chlorolichen","squamulose_chlorolichen",0,"ARI1_TE","qn","ARI1","Quercus_sp",182,"rough_b","low_impact",27.62525,57.9323992854499,1.33041193018254,-0.377318635580262
195,"hypotrachyna_laevigata","","ARI1_TE_QN","ARI1_TE_QN_L_20260713_141814884","high_conf",2,"foliose_chlorolichen","foliose","chlorolichen","foliose_chlorolichen",1,"ARI1_TE","qn","ARI1","Quercus_sp",182,"rough_b","low_impact",27.62525,57.9323992854499,1.33041193018254,-0.377318635580262
196,"ochrolechia_androgyna","","ARI1_TE_QE","ARI1_TE_QE_L_20260713_141814888","high_conf",5,"crustose_chlorolichen","crustose","chlorolichen","crustose_chlorolichen",0,"ARI1_TE","qe","ARI1","Quercus_sp",182,"rough_b","low_impact",27.62525,57.9323992854499,1.33041193018254,-0.377318635580262
197,"hypotrachyna_laevigata","","ARI1_TE_QE","ARI1_TE_QE_L_20260713_141814900","high_conf",2,"foliose_chlorolichen","foliose","chlorolichen","foliose_chlorolichen",1,"ARI1_TE","qe","ARI1","Quercus_sp",182,"rough_b","low_impact",27.62525,57.9323992854499,1.33041193018254,-0.377318635580262
198,"cladonia_sp","","ARI1_TE_QE","ARI1_TE_QE_L_20260713_141814906","high_conf",4,"squamulose_chlorolichen","squamulose","chlorolichen","squamulose_chlorolichen",0,"ARI1_TE","qe","ARI1","Quercus_sp",182,"rough_b","low_impact",27.62525,57.9323992854499,1.33041193018254,-0.377318635580262
199,"ochrolechia_androgyna","","ARI1_TE_QS","ARI1_TE_QS_L_20260713_141814916","high_conf",5,"crustose_chlorolichen","crustose","chlorolichen","crustose_chlorolichen",0,"ARI1_TE","qs","ARI1","Quercus_sp",182,"rough_b","low_impact",27.62525,57.9323992854499,1.33041193018254,-0.377318635580262
200,"usnea_cornuta_s._lat.","","ARI1_TE_QS","ARI1_TE_QS_L_20260713_141814932","high_conf",1,"fruticose_chlorolichen","fruticose","chlorolichen","fruticose_chlorolichen",1,"ARI1_TE","qs","ARI1","Quercus_sp",182,"rough_b","low_impact",27.62525,57.9323992854499,1.33041193018254,-0.377318635580262
201,"hypotrachyna_laevigata","","ARI1_TE_QS","ARI1_TE_QS_L_20260713_141814932","high_conf",1,"foliose_chlorolichen","foliose","chlorolichen","foliose_chlorolichen",1,"ARI1_TE","qs","ARI1","Quercus_sp",182,"rough_b","low_impact",27.62525,57.9323992854499,1.33041193018254,-0.377318635580262
202,"ochrolechia_androgyna","","ARI1_TE_QW","ARI1_TE_QW_L_20260713_141814947","high_conf",5,"crustose_chlorolichen","crustose","chlorolichen","crustose_chlorolichen",0,"ARI1_TE","qw","ARI1","Quercus_sp",182,"rough_b","low_impact",27.62525,57.9323992854499,1.33041193018254,-0.377318635580262
203,"hypotrachyna_laevigata","","ARI1_TE_QW","ARI1_TE_QW_L_20260713_141814955","high_conf",3,"foliose_chlorolichen","foliose","chlorolichen","foliose_chlorolichen",1,"ARI1_TE","qw","ARI1","Quercus_sp",182,"rough_b","low_impact",27.62525,57.9323992854499,1.33041193018254,-0.377318635580262
204,"cladonia_sp","","ARI1_TE_QW","ARI1_TE_QW_L_20260713_141814963","high_conf",2,"squamulose_chlorolichen","squamulose","chlorolichen","squamulose_chlorolichen",0,"ARI1_TE","qw","ARI1","Quercus_sp",182,"rough_b","low_impact",27.62525,57.9323992854499,1.33041193018254,-0.377318635580262
205,"ochrolechia_androgyna","","ARI1_TS_QN","ARI1_TS_QN_L_20260713_141814963","high_conf",5,"crustose_chlorolichen","crustose","chlorolichen","crustose_chlorolichen",0,"ARI1_TS","qn","ARI1","Quercus_sp",144,"rough_b","low_impact",27.62525,45.8366236104659,0.719304918709013,-0.377318635580262
206,"cladonia_sp","","ARI1_TS_QN","ARI1_TS_QN_L_20260713_141814979","high_conf",1,"squamulose_chlorolichen","squamulose","chlorolichen","squamulose_chlorolichen",0,"ARI1_TS","qn","ARI1","Quercus_sp",144,"rough_b","low_impact",27.62525,45.8366236104659,0.719304918709013,-0.377318635580262
207,"normandina_pulchella","","ARI1_TS_QN","ARI1_TS_QN_L_20260713_141814995","high_conf",2,"squamulose_cyanolichen","squamulose","cyanolichen","squamulose_chlorolichen",1,"ARI1_TS","qn","ARI1","Quercus_sp",144,"rough_b","low_impact",27.62525,45.8366236104659,0.719304918709013,-0.377318635580262
208,"ochrolechia_androgyna","","ARI1_TS_QE","ARI1_TS_QE_L_20260713_141814995","high_conf",5,"crustose_chlorolichen","crustose","chlorolichen","crustose_chlorolichen",0,"ARI1_TS","qe","ARI1","Quercus_sp",144,"rough_b","low_impact",27.62525,45.8366236104659,0.719304918709013,-0.377318635580262
209,"normandina_pulchella","","ARI1_TS_QE","ARI1_TS_QE_L_20260713_141815011","high_conf",1,"squamulose_cyanolichen","squamulose","cyanolichen","squamulose_chlorolichen",1,"ARI1_TS","qe","ARI1","Quercus_sp",144,"rough_b","low_impact",27.62525,45.8366236104659,0.719304918709013,-0.377318635580262
210,"cladonia_sp","","ARI1_TS_QE","ARI1_TS_QE_L_20260713_141815027","high_conf",4,"squamulose_chlorolichen","squamulose","chlorolichen","squamulose_chlorolichen",0,"ARI1_TS","qe","ARI1","Quercus_sp",144,"rough_b","low_impact",27.62525,45.8366236104659,0.719304918709013,-0.377318635580262
211,"hypotrachyna_laevigata","","ARI1_TS_QE","ARI1_TS_QE_L_20260713_141815027","med_conf",3,"foliose_chlorolichen","foliose","chlorolichen","foliose_chlorolichen",1,"ARI1_TS","qe","ARI1","Quercus_sp",144,"rough_b","low_impact",27.62525,45.8366236104659,0.719304918709013,-0.377318635580262
212,"ochrolechia_androgyna","","ARI1_TS_QS","ARI1_TS_QS_L_20260713_141815043","high_conf",5,"crustose_chlorolichen","crustose","chlorolichen","crustose_chlorolichen",0,"ARI1_TS","qs","ARI1","Quercus_sp",144,"rough_b","low_impact",27.62525,45.8366236104659,0.719304918709013,-0.377318635580262
213,"cladonia_sp","","ARI1_TS_QS","ARI1_TS_QS_L_20260713_141815043","high_conf",4,"squamulose_chlorolichen","squamulose","chlorolichen","squamulose_chlorolichen",0,"ARI1_TS","qs","ARI1","Quercus_sp",144,"rough_b","low_impact",27.62525,45.8366236104659,0.719304918709013,-0.377318635580262
214,"ochrolechia_androgyna","","ARI1_TS_QW","ARI1_TS_QW_L_20260713_141815058","high_conf",3,"crustose_chlorolichen","crustose","chlorolichen","crustose_chlorolichen",0,"ARI1_TS","qw","ARI1","Quercus_sp",144,"rough_b","low_impact",27.62525,45.8366236104659,0.719304918709013,-0.377318635580262
215,"normandina_pulchella","","ARI1_TS_QW","ARI1_TS_QW_L_20260713_141815066","high_conf",1,"squamulose_cyanolichen","squamulose","cyanolichen","squamulose_chlorolichen",1,"ARI1_TS","qw","ARI1","Quercus_sp",144,"rough_b","low_impact",27.62525,45.8366236104659,0.719304918709013,-0.377318635580262
216,"cladonia_sp","","ARI1_TW_QE","ARI1_TW_QE_L_20260713_141815074","high_conf",3,"squamulose_chlorolichen","squamulose","chlorolichen","squamulose_chlorolichen",0,"ARI1_TW","qe","ARI1","Quercus_sp",41.5,"rough_b","low_impact",27.62525,13.2098602766273,-0.929075835923534,-0.377318635580262
217,"cladonia_sp","","ARI1_TW_QS","ARI1_TW_QS_L_20260713_141815074","high_conf",5,"squamulose_chlorolichen","squamulose","chlorolichen","squamulose_chlorolichen",0,"ARI1_TW","qs","ARI1","Quercus_sp",41.5,"rough_b","low_impact",27.62525,13.2098602766273,-0.929075835923534,-0.377318635580262
218,"cladonia_sp","","ARI1_TW_QW","ARI1_TW_QW_L_20260713_141815090","high_conf",5,"squamulose_chlorolichen","squamulose","chlorolichen","squamulose_chlorolichen",0,"ARI1_TW","qw","ARI1","Quercus_sp",41.5,"rough_b","low_impact",27.62525,13.2098602766273,-0.929075835923534,-0.377318635580262
219,"ochrolechia_androgyna","","ARI1_TW_QW","ARI1_TW_QW_L_20260713_141815106","high_conf",5,"crustose_chlorolichen","crustose","chlorolichen","crustose_chlorolichen",0,"ARI1_TW","qw","ARI1","Quercus_sp",41.5,"rough_b","low_impact",27.62525,13.2098602766273,-0.929075835923534,-0.377318635580262
220,"ochrolechia_androgyna","","ARI1_TW_QN","ARI1_TW_QN_L_20260713_141815106","high_conf",3,"crustose_chlorolichen","crustose","chlorolichen","crustose_chlorolichen",0,"ARI1_TW","qn","ARI1","Quercus_sp",41.5,"rough_b","low_impact",27.62525,13.2098602766273,-0.929075835923534,-0.377318635580262
221,"cladonia_sp","","ARI1_TW_QN","ARI1_TW_QN_L_20260713_141815121","high_conf",4,"squamulose_chlorolichen","squamulose","chlorolichen","squamulose_chlorolichen",0,"ARI1_TW","qn","ARI1","Quercus_sp",41.5,"rough_b","low_impact",27.62525,13.2098602766273,-0.929075835923534,-0.377318635580262
222,"ochrolechia_androgyna","","ARI1_TN_QS","ARI1_TN_QS_L_20260713_141815121","high_conf",5,"crustose_chlorolichen","crustose","chlorolichen","crustose_chlorolichen",0,"ARI1_TN","qs","ARI1","Quercus_sp",2.51,"rough_b","low_impact",27.62525,0.798957814321315,-1.55610379322229,-0.377318635580262
223,"cladonia_sp","","ARI1_TN_QS","ARI1_TN_QS_L_20260713_141815137","high_conf",3,"squamulose_chlorolichen","squamulose","chlorolichen","squamulose_chlorolichen",0,"ARI1_TN","qs","ARI1","Quercus_sp",2.51,"rough_b","low_impact",27.62525,0.798957814321315,-1.55610379322229,-0.377318635580262
224,"pectenia_plumbea_s._lat.","","ARI1_TN_QS","ARI1_TN_QS_L_20260713_141815137","high_conf",2,"foliose_cyanolichen","foliose","cyanolichen","foliose_cyanolichen",1,"ARI1_TN","qs","ARI1","Quercus_sp",2.51,"rough_b","low_impact",27.62525,0.798957814321315,-1.55610379322229,-0.377318635580262
225,"pannaria_conoplea","","ARI1_TN_QS","ARI1_TN_QS_L_20260713_141815156","high_conf",2,"foliose_cyanolichen","foliose","cyanolichen","foliose_cyanolichen",1,"ARI1_TN","qs","ARI1","Quercus_sp",2.51,"rough_b","low_impact",27.62525,0.798957814321315,-1.55610379322229,-0.377318635580262
226,"pectenia_plumbea_s._lat.","","ARI1_TN_QW","ARI1_TN_QW_L_20260713_141815169","high_conf",3,"foliose_cyanolichen","foliose","cyanolichen","foliose_cyanolichen",1,"ARI1_TN","qw","ARI1","Quercus_sp",2.51,"rough_b","low_impact",27.62525,0.798957814321315,-1.55610379322229,-0.377318635580262
227,"cladonia_sp","","ARI1_TN_QW","ARI1_TN_QW_L_20260713_141815169","high_conf",2,"squamulose_chlorolichen","squamulose","chlorolichen","squamulose_chlorolichen",0,"ARI1_TN","qw","ARI1","Quercus_sp",2.51,"rough_b","low_impact",27.62525,0.798957814321315,-1.55610379322229,-0.377318635580262
228,"ochrolechia_androgyna","","ARI1_TN_QW","ARI1_TN_QW_L_20260713_141815185","med_conf",3,"crustose_chlorolichen","crustose","chlorolichen","crustose_chlorolichen",0,"ARI1_TN","qw","ARI1","Quercus_sp",2.51,"rough_b","low_impact",27.62525,0.798957814321315,-1.55610379322229,-0.377318635580262
229,"ochrolechia_androgyna","","ARI1_TN_QN","ARI1_TN_QN_L_20260713_141815185","high_conf",2,"crustose_chlorolichen","crustose","chlorolichen","crustose_chlorolichen",0,"ARI1_TN","qn","ARI1","Quercus_sp",2.51,"rough_b","low_impact",27.62525,0.798957814321315,-1.55610379322229,-0.377318635580262
230,"pertusaria_sp","","ARI1_TN_QN","ARI1_TN_QN_L_20260713_141815201","high_conf",1,"crustose_chlorolichen","crustose","chlorolichen","crustose_chlorolichen",0,"ARI1_TN","qn","ARI1","Quercus_sp",2.51,"rough_b","low_impact",27.62525,0.798957814321315,-1.55610379322229,-0.377318635580262
231,"cladonia_sp","","ARI1_TN_QN","ARI1_TN_QN_L_20260713_141815201","high_conf",2,"squamulose_chlorolichen","squamulose","chlorolichen","squamulose_chlorolichen",0,"ARI1_TN","qn","ARI1","Quercus_sp",2.51,"rough_b","low_impact",27.62525,0.798957814321315,-1.55610379322229,-0.377318635580262
232,"ochrolechia_androgyna","","ARI1_TN_QE","ARI1_TN_QE_L_20260713_141815217","high_conf",5,"crustose_chlorolichen","crustose","chlorolichen","crustose_chlorolichen",0,"ARI1_TN","qe","ARI1","Quercus_sp",2.51,"rough_b","low_impact",27.62525,0.798957814321315,-1.55610379322229,-0.377318635580262
233,"hypotrachyna_laevigata","","ARI1_TN_QE","ARI1_TN_QE_L_20260713_141815233","med_conf",1,"foliose_chlorolichen","foliose","chlorolichen","foliose_chlorolichen",1,"ARI1_TN","qe","ARI1","Quercus_sp",2.51,"rough_b","low_impact",27.62525,0.798957814321315,-1.55610379322229,-0.377318635580262
234,"usnea_cornuta_s._lat.","","AGG3_TE_QW","AGG3_TE_QW_L_20260713_141815233","high_conf",5,"fruticose_chlorolichen","fruticose","chlorolichen","fruticose_chlorolichen",1,"AGG3_TE","qw","AGG3","Betula_sp",40,"inter_b","high_impact",38.948,12.7323954473516,-0.953198481113278,0.108582267089089
235,"hypotrachyna_laevigata","","AGG3_TE_QW","AGG3_TE_QW_L_20260713_141815249","high_conf",4,"foliose_chlorolichen","foliose","chlorolichen","foliose_chlorolichen",1,"AGG3_TE","qw","AGG3","Betula_sp",40,"inter_b","high_impact",38.948,12.7323954473516,-0.953198481113278,0.108582267089089
236,"parmelia_sulcata","","AGG3_TE_QW","AGG3_TE_QW_L_20260713_141815256","med_conf",4,"foliose_chlorolichen","foliose","chlorolichen","foliose_chlorolichen",0,"AGG3_TE","qw","AGG3","Betula_sp",40,"inter_b","high_impact",38.948,12.7323954473516,-0.953198481113278,0.108582267089089
237,"lecanactis_abietina","","AGG3_TE_QW","AGG3_TE_QW_L_20260713_141815264","low_conf",3,"crustose_chlorolichen","crustose","chlorolichen","crustose_chlorolichen",0,"AGG3_TE","qw","AGG3","Betula_sp",40,"inter_b","high_impact",38.948,12.7323954473516,-0.953198481113278,0.108582267089089
238,"usnea_cornuta_s._lat.","","AGG3_TE_QN","AGG3_TE_QN_L_20260713_141815264","high_conf",5,"fruticose_chlorolichen","fruticose","chlorolichen","fruticose_chlorolichen",1,"AGG3_TE","qn","AGG3","Betula_sp",40,"inter_b","high_impact",38.948,12.7323954473516,-0.953198481113278,0.108582267089089
239,"hypotrachyna_laevigata","","AGG3_TE_QN","AGG3_TE_QN_L_20260713_141815280","high_conf",5,"foliose_chlorolichen","foliose","chlorolichen","foliose_chlorolichen",1,"AGG3_TE","qn","AGG3","Betula_sp",40,"inter_b","high_impact",38.948,12.7323954473516,-0.953198481113278,0.108582267089089
240,"parmelia_sulcata","","AGG3_TE_QN","AGG3_TE_QN_L_20260713_141815296","med_conf",4,"foliose_chlorolichen","foliose","chlorolichen","foliose_chlorolichen",0,"AGG3_TE","qn","AGG3","Betula_sp",40,"inter_b","high_impact",38.948,12.7323954473516,-0.953198481113278,0.108582267089089
241,"cladonia_sp","","AGG3_TE_QN","AGG3_TE_QN_L_20260713_141815296","high_conf",2,"squamulose_chlorolichen","squamulose","chlorolichen","squamulose_chlorolichen",0,"AGG3_TE","qn","AGG3","Betula_sp",40,"inter_b","high_impact",38.948,12.7323954473516,-0.953198481113278,0.108582267089089
242,"parmelia_sulcata","","AGG3_TE_QE","AGG3_TE_QE_L_20260713_141815312","med_conf",5,"foliose_chlorolichen","foliose","chlorolichen","foliose_chlorolichen",0,"AGG3_TE","qe","AGG3","Betula_sp",40,"inter_b","high_impact",38.948,12.7323954473516,-0.953198481113278,0.108582267089089
243,"hypotrachyna_laevigata","","AGG3_TE_QE","AGG3_TE_QE_L_20260713_141815312","high_conf",5,"foliose_chlorolichen","foliose","chlorolichen","foliose_chlorolichen",1,"AGG3_TE","qe","AGG3","Betula_sp",40,"inter_b","high_impact",38.948,12.7323954473516,-0.953198481113278,0.108582267089089
244,"usnea_cornuta_s._lat.","","AGG3_TE_QE","AGG3_TE_QE_L_20260713_141815328","high_conf",4,"fruticose_chlorolichen","fruticose","chlorolichen","fruticose_chlorolichen",1,"AGG3_TE","qe","AGG3","Betula_sp",40,"inter_b","high_impact",38.948,12.7323954473516,-0.953198481113278,0.108582267089089
245,"usnea_cornuta_s._lat.","","AGG3_TE_QS","AGG3_TE_QS_L_20260713_141815328","high_conf",5,"fruticose_chlorolichen","fruticose","chlorolichen","fruticose_chlorolichen",1,"AGG3_TE","qs","AGG3","Betula_sp",40,"inter_b","high_impact",38.948,12.7323954473516,-0.953198481113278,0.108582267089089
246,"parmelia_sulcata","","AGG3_TE_QS","AGG3_TE_QS_L_20260713_141815344","med_conf",3,"foliose_chlorolichen","foliose","chlorolichen","foliose_chlorolichen",0,"AGG3_TE","qs","AGG3","Betula_sp",40,"inter_b","high_impact",38.948,12.7323954473516,-0.953198481113278,0.108582267089089
247,"hypotrachyna_laevigata","","AGG3_TE_QS","AGG3_TE_QS_L_20260713_141815356","high_conf",5,"foliose_chlorolichen","foliose","chlorolichen","foliose_chlorolichen",1,"AGG3_TE","qs","AGG3","Betula_sp",40,"inter_b","high_impact",38.948,12.7323954473516,-0.953198481113278,0.108582267089089
248,"lecanactis_abietina","","AGG3_TE_QS","AGG3_TE_QS_L_20260713_141815360","med_conf",1,"crustose_chlorolichen","crustose","chlorolichen","crustose_chlorolichen",0,"AGG3_TE","qs","AGG3","Betula_sp",40,"inter_b","high_impact",38.948,12.7323954473516,-0.953198481113278,0.108582267089089
249,"hypotrachyna_laevigata","","AGG3_TN_QN","AGG3_TN_QN_L_20260713_141815376","high_conf",5,"foliose_chlorolichen","foliose","chlorolichen","foliose_chlorolichen",1,"AGG3_TN","qn","AGG3","Betula_sp",46.5,"rough_b","high_impact",38.948,14.8014097075463,-0.848667018624385,0.108582267089089
250,"cladonia_sp","","AGG3_TN_QN","AGG3_TN_QN_L_20260713_141815376","high_conf",2,"squamulose_chlorolichen","squamulose","chlorolichen","squamulose_chlorolichen",0,"AGG3_TN","qn","AGG3","Betula_sp",46.5,"rough_b","high_impact",38.948,14.8014097075463,-0.848667018624385,0.108582267089089
251,"usnea_cornuta_s._lat.","","AGG3_TN_QN","AGG3_TN_QN_L_20260713_141815391","high_conf",5,"fruticose_chlorolichen","fruticose","chlorolichen","fruticose_chlorolichen",1,"AGG3_TN","qn","AGG3","Betula_sp",46.5,"rough_b","high_impact",38.948,14.8014097075463,-0.848667018624385,0.108582267089089
252,"ochrolechia_androgyna","","AGG3_TN_QN","AGG3_TN_QN_L_20260713_141815391","med_conf",4,"crustose_chlorolichen","crustose","chlorolichen","crustose_chlorolichen",0,"AGG3_TN","qn","AGG3","Betula_sp",46.5,"rough_b","high_impact",38.948,14.8014097075463,-0.848667018624385,0.108582267089089
253,"parmelia_sulcata","","AGG3_TN_QN","AGG3_TN_QN_L_20260713_141815407","med_conf",2,"foliose_chlorolichen","foliose","chlorolichen","foliose_chlorolichen",0,"AGG3_TN","qn","AGG3","Betula_sp",46.5,"rough_b","high_impact",38.948,14.8014097075463,-0.848667018624385,0.108582267089089
254,"parmelia_sulcata","","AGG3_TN_QE","AGG3_TN_QE_L_20260713_141815423","low_conf",4,"foliose_chlorolichen","foliose","chlorolichen","foliose_chlorolichen",0,"AGG3_TN","qe","AGG3","Betula_sp",46.5,"rough_b","high_impact",38.948,14.8014097075463,-0.848667018624385,0.108582267089089
255,"hypotrachyna_laevigata","","AGG3_TN_QE","AGG3_TN_QE_L_20260713_141815423","high_conf",5,"foliose_chlorolichen","foliose","chlorolichen","foliose_chlorolichen",1,"AGG3_TN","qe","AGG3","Betula_sp",46.5,"rough_b","high_impact",38.948,14.8014097075463,-0.848667018624385,0.108582267089089
256,"usnea_cornuta_s._lat.","","AGG3_TN_QE","AGG3_TN_QE_L_20260713_141815439","high_conf",5,"fruticose_chlorolichen","fruticose","chlorolichen","fruticose_chlorolichen",1,"AGG3_TN","qe","AGG3","Betula_sp",46.5,"rough_b","high_impact",38.948,14.8014097075463,-0.848667018624385,0.108582267089089
257,"evernia_prunastri","","AGG3_TN_QE","AGG3_TN_QE_L_20260713_141815439","high_conf",2,"fruticose_chlorolichen","fruticose","chlorolichen","fruticose_chlorolichen",0,"AGG3_TN","qe","AGG3","Betula_sp",46.5,"rough_b","high_impact",38.948,14.8014097075463,-0.848667018624385,0.108582267089089
258,"ochrolechia_androgyna","","AGG3_TN_QE","AGG3_TN_QE_L_20260713_141815457","high_conf",2,"crustose_chlorolichen","crustose","chlorolichen","crustose_chlorolichen",0,"AGG3_TN","qe","AGG3","Betula_sp",46.5,"rough_b","high_impact",38.948,14.8014097075463,-0.848667018624385,0.108582267089089
259,"usnea_cornuta_s._lat.","","AGG3_TN_QS","AGG3_TN_QS_L_20260713_141815457","high_conf",5,"fruticose_chlorolichen","fruticose","chlorolichen","fruticose_chlorolichen",1,"AGG3_TN","qs","AGG3","Betula_sp",46.5,"rough_b","high_impact",38.948,14.8014097075463,-0.848667018624385,0.108582267089089
260,"evernia_prunastri","","AGG3_TN_QS","AGG3_TN_QS_L_20260713_141815470","high_conf",4,"fruticose_chlorolichen","fruticose","chlorolichen","fruticose_chlorolichen",0,"AGG3_TN","qs","AGG3","Betula_sp",46.5,"rough_b","high_impact",38.948,14.8014097075463,-0.848667018624385,0.108582267089089
261,"hypotrachyna_laevigata","","AGG3_TN_QS","AGG3_TN_QS_L_20260713_141815486","high_conf",5,"foliose_chlorolichen","foliose","chlorolichen","foliose_chlorolichen",1,"AGG3_TN","qs","AGG3","Betula_sp",46.5,"rough_b","high_impact",38.948,14.8014097075463,-0.848667018624385,0.108582267089089
262,"hypotrachyna_sinuosa","","AGG3_TN_QS","AGG3_TN_QS_L_20260713_141815486","med_conf",2,"foliose_chlorolichen","foliose","chlorolichen","foliose_chlorolichen",1,"AGG3_TN","qs","AGG3","Betula_sp",46.5,"rough_b","high_impact",38.948,14.8014097075463,-0.848667018624385,0.108582267089089
263,"ochrolechia_androgyna","","AGG3_TN_QS","AGG3_TN_QS_L_20260713_141815502","high_conf",4,"crustose_chlorolichen","crustose","chlorolichen","crustose_chlorolichen",0,"AGG3_TN","qs","AGG3","Betula_sp",46.5,"rough_b","high_impact",38.948,14.8014097075463,-0.848667018624385,0.108582267089089
264,"evernia_prunastri","","AGG3_TN_QW","AGG3_TN_QW_L_20260713_141815502","high_conf",5,"fruticose_chlorolichen","fruticose","chlorolichen","fruticose_chlorolichen",0,"AGG3_TN","qw","AGG3","Betula_sp",46.5,"rough_b","high_impact",38.948,14.8014097075463,-0.848667018624385,0.108582267089089
265,"usnea_cornuta_s._lat.","","AGG3_TN_QW","AGG3_TN_QW_L_20260713_141815518","high_conf",5,"fruticose_chlorolichen","fruticose","chlorolichen","fruticose_chlorolichen",1,"AGG3_TN","qw","AGG3","Betula_sp",46.5,"rough_b","high_impact",38.948,14.8014097075463,-0.848667018624385,0.108582267089089
266,"hypotrachyna_laevigata","","AGG3_TN_QW","AGG3_TN_QW_L_20260713_141815518","high_conf",5,"foliose_chlorolichen","foliose","chlorolichen","foliose_chlorolichen",1,"AGG3_TN","qw","AGG3","Betula_sp",46.5,"rough_b","high_impact",38.948,14.8014097075463,-0.848667018624385,0.108582267089089
267,"ochrolechia_androgyna","","AGG3_TN_QW","AGG3_TN_QW_L_20260713_141815533","high_conf",2,"crustose_chlorolichen","crustose","chlorolichen","crustose_chlorolichen",0,"AGG3_TN","qw","AGG3","Betula_sp",46.5,"rough_b","high_impact",38.948,14.8014097075463,-0.848667018624385,0.108582267089089
268,"pectenia_atlantica","","AGG3_TS_QS","AGG3_TS_QS_L_20260713_141815540","high_conf",2,"foliose_cyanolichen","foliose","cyanolichen","foliose_cyanolichen",1,"AGG3_TS","qs","AGG3","Betula_sp",194,"rough_b","high_impact",38.948,61.7521179196554,1.5233930917005,0.108582267089089
269,"lobaria_pulmonaria","","AGG3_TS_QS","AGG3_TS_QS_L_20260713_141815557","high_conf",4,"foliose_cyanolichen","foliose","cyanolichen","foliose_cyanolichen",1,"AGG3_TS","qs","AGG3","Betula_sp",194,"rough_b","high_impact",38.948,61.7521179196554,1.5233930917005,0.108582267089089
270,"sticta_limbata","","AGG3_TS_QS","AGG3_TS_QS_L_20260713_141815565","high_conf",4,"foliose_cyanolichen","foliose","cyanolichen","foliose_cyanolichen",1,"AGG3_TS","qs","AGG3","Betula_sp",194,"rough_b","high_impact",38.948,61.7521179196554,1.5233930917005,0.108582267089089
271,"hypotrachyna_laevigata","","AGG3_TS_QS","AGG3_TS_QS_L_20260713_141815565","high_conf",5,"foliose_chlorolichen","foliose","chlorolichen","foliose_chlorolichen",1,"AGG3_TS","qs","AGG3","Betula_sp",194,"rough_b","high_impact",38.948,61.7521179196554,1.5233930917005,0.108582267089089
272,"hypotrachyna_laevigata","","AGG3_TS_QN","AGG3_TS_QN_L_20260713_141815581","high_conf",1,"foliose_chlorolichen","foliose","chlorolichen","foliose_chlorolichen",1,"AGG3_TS","qn","AGG3","Betula_sp",194,"rough_b","high_impact",38.948,61.7521179196554,1.5233930917005,0.108582267089089
273,"ochrolechia_tartarea","","AGG3_TS_QW","AGG3_TS_QW_L_20260713_141815581","high_conf",5,"crustose_chlorolichen","crustose","chlorolichen","crustose_chlorolichen",1,"AGG3_TS","qw","AGG3","Betula_sp",194,"rough_b","high_impact",38.948,61.7521179196554,1.5233930917005,0.108582267089089
274,"hypotrachyna_laevigata","","AGG3_TS_QW","AGG3_TS_QW_L_20260713_141815597","high_conf",5,"foliose_chlorolichen","foliose","chlorolichen","foliose_chlorolichen",1,"AGG3_TS","qw","AGG3","Betula_sp",194,"rough_b","high_impact",38.948,61.7521179196554,1.5233930917005,0.108582267089089
275,"sticta_limbata","","AGG3_TS_QN","AGG3_TS_QN_L_20260713_141815597","high_conf",5,"foliose_cyanolichen","foliose","cyanolichen","foliose_cyanolichen",1,"AGG3_TS","qn","AGG3","Betula_sp",194,"rough_b","high_impact",38.948,61.7521179196554,1.5233930917005,0.108582267089089
276,"lobaria_pulmonaria","","AGG3_TS_QN","AGG3_TS_QN_L_20260713_141815613","high_conf",1,"foliose_cyanolichen","foliose","cyanolichen","foliose_cyanolichen",1,"AGG3_TS","qn","AGG3","Betula_sp",194,"rough_b","high_impact",38.948,61.7521179196554,1.5233930917005,0.108582267089089
277,"sticta_sylvatica","","AGG3_TS_QE","AGG3_TS_QE_L_20260713_141815629","high_conf",5,"foliose_cyanolichen","foliose","cyanolichen","foliose_cyanolichen",1,"AGG3_TS","qe","AGG3","Betula_sp",194,"rough_b","high_impact",38.948,61.7521179196554,1.5233930917005,0.108582267089089
278,"hypotrachyna_laevigata","","AGG3_TS_QE","AGG3_TS_QE_L_20260713_141815629","high_conf",5,"foliose_chlorolichen","foliose","chlorolichen","foliose_chlorolichen",1,"AGG3_TS","qe","AGG3","Betula_sp",194,"rough_b","high_impact",38.948,61.7521179196554,1.5233930917005,0.108582267089089
279,"lobaria_pulmonaria","","AGG3_TS_QE","AGG3_TS_QE_L_20260713_141815645","high_conf",2,"foliose_cyanolichen","foliose","cyanolichen","foliose_cyanolichen",1,"AGG3_TS","qe","AGG3","Betula_sp",194,"rough_b","high_impact",38.948,61.7521179196554,1.5233930917005,0.108582267089089
280,"pannaria_rubiginosa","","AGG3_TS_QE","AGG3_TS_QE_L_20260713_141815645","high_conf",2,"foliose_cyanolichen","foliose","cyanolichen","foliose_cyanolichen",1,"AGG3_TS","qe","AGG3","Betula_sp",194,"rough_b","high_impact",38.948,61.7521179196554,1.5233930917005,0.108582267089089
281,"pectenia_atlantica","","AGG3_TS_QE","AGG3_TS_QE_L_20260713_141815661","high_conf",1,"foliose_cyanolichen","foliose","cyanolichen","foliose_cyanolichen",1,"AGG3_TS","qe","AGG3","Betula_sp",194,"rough_b","high_impact",38.948,61.7521179196554,1.5233930917005,0.108582267089089
282,"ochrolechia_tartarea","","AGG3_TW_QS","AGG3_TW_QS_L_20260713_141815677","high_conf",5,"crustose_chlorolichen","crustose","chlorolichen","crustose_chlorolichen",1,"AGG3_TW","qs","AGG3","Betula_sp",73,"rough_b","high_impact",38.948,23.2366216914167,-0.422500286938898,0.108582267089089
283,"hypotrachyna_laevigata","","AGG3_TW_QS","AGG3_TW_QS_L_20260713_141815679","high_conf",5,"foliose_chlorolichen","foliose","chlorolichen","foliose_chlorolichen",1,"AGG3_TW","qs","AGG3","Betula_sp",73,"rough_b","high_impact",38.948,23.2366216914167,-0.422500286938898,0.108582267089089
284,"cladonia_sp","","AGG3_TW_QS","AGG3_TW_QS_L_20260713_141815693","high_conf",3,"squamulose_chlorolichen","squamulose","chlorolichen","squamulose_chlorolichen",0,"AGG3_TW","qs","AGG3","Betula_sp",73,"rough_b","high_impact",38.948,23.2366216914167,-0.422500286938898,0.108582267089089
285,"usnea_cornuta_s._lat.","","AGG3_TW_QS","AGG3_TW_QS_L_20260713_141815693","high_conf",2,"fruticose_chlorolichen","fruticose","chlorolichen","fruticose_chlorolichen",1,"AGG3_TW","qs","AGG3","Betula_sp",73,"rough_b","high_impact",38.948,23.2366216914167,-0.422500286938898,0.108582267089089
286,"ochrolechia_tartarea","","AGG3_TW_QW","AGG3_TW_QW_L_20260713_141815708","high_conf",5,"crustose_chlorolichen","crustose","chlorolichen","crustose_chlorolichen",1,"AGG3_TW","qw","AGG3","Betula_sp",73,"rough_b","high_impact",38.948,23.2366216914167,-0.422500286938898,0.108582267089089
287,"hypotrachyna_laevigata","","AGG3_TW_QW","AGG3_TW_QW_L_20260713_141815708","high_conf",5,"foliose_chlorolichen","foliose","chlorolichen","foliose_chlorolichen",1,"AGG3_TW","qw","AGG3","Betula_sp",73,"rough_b","high_impact",38.948,23.2366216914167,-0.422500286938898,0.108582267089089
288,"usnea_cornuta_s._lat.","","AGG3_TW_QW","AGG3_TW_QW_L_20260713_141815724","high_conf",1,"fruticose_chlorolichen","fruticose","chlorolichen","fruticose_chlorolichen",1,"AGG3_TW","qw","AGG3","Betula_sp",73,"rough_b","high_impact",38.948,23.2366216914167,-0.422500286938898,0.108582267089089
289,"cladonia_sp","","AGG3_TW_QW","AGG3_TW_QW_L_20260713_141815724","high_conf",2,"squamulose_chlorolichen","squamulose","chlorolichen","squamulose_chlorolichen",0,"AGG3_TW","qw","AGG3","Betula_sp",73,"rough_b","high_impact",38.948,23.2366216914167,-0.422500286938898,0.108582267089089
290,"hypotrachyna_laevigata","","AGG3_TW_QN","AGG3_TW_QN_L_20260713_141815740","high_conf",4,"foliose_chlorolichen","foliose","chlorolichen","foliose_chlorolichen",1,"AGG3_TW","qn","AGG3","Betula_sp",73,"rough_b","high_impact",38.948,23.2366216914167,-0.422500286938898,0.108582267089089
291,"sphaerophorus_globosus","","AGG3_TW_QN","AGG3_TW_QN_L_20260713_141815757","high_conf",1,"fruticose_chlorolichen","fruticose","chlorolichen","fruticose_chlorolichen",1,"AGG3_TW","qn","AGG3","Betula_sp",73,"rough_b","high_impact",38.948,23.2366216914167,-0.422500286938898,0.108582267089089
292,"sphaerophorus_fragilis","","AGG3_TW_QN","AGG3_TW_QN_L_20260713_141815757","high_conf",1,"fruticose_chlorolichen","fruticose","chlorolichen","fruticose_chlorolichen",1,"AGG3_TW","qn","AGG3","Betula_sp",73,"rough_b","high_impact",38.948,23.2366216914167,-0.422500286938898,0.108582267089089
293,"usnea_cornuta_s._lat.","","AGG3_TW_QN","AGG3_TW_QN_L_20260713_141815772","high_conf",4,"fruticose_chlorolichen","fruticose","chlorolichen","fruticose_chlorolichen",1,"AGG3_TW","qn","AGG3","Betula_sp",73,"rough_b","high_impact",38.948,23.2366216914167,-0.422500286938898,0.108582267089089
294,"cladonia_coniocraea","","AGG3_TW_QN","AGG3_TW_QN_L_20260713_141815772","high_conf",3,"foliose_chlorolichen","foliose","chlorolichen","foliose_chlorolichen",0,"AGG3_TW","qn","AGG3","Betula_sp",73,"rough_b","high_impact",38.948,23.2366216914167,-0.422500286938898,0.108582267089089
295,"ochrolechia_androgyna","","AGG3_TW_QN","AGG3_TW_QN_L_20260713_141815790","high_conf",5,"crustose_chlorolichen","crustose","chlorolichen","crustose_chlorolichen",0,"AGG3_TW","qn","AGG3","Betula_sp",73,"rough_b","high_impact",38.948,23.2366216914167,-0.422500286938898,0.108582267089089
296,"lobaria_pulmonaria","","AGG3_TW_QE","AGG3_TW_QE_L_20260713_141815790","high_conf",1,"foliose_cyanolichen","foliose","cyanolichen","foliose_cyanolichen",1,"AGG3_TW","qe","AGG3","Betula_sp",73,"rough_b","high_impact",38.948,23.2366216914167,-0.422500286938898,0.108582267089089
297,"hypotrachyna_laevigata","","AGG3_TW_QE","AGG3_TW_QE_L_20260713_141815810","high_conf",5,"foliose_chlorolichen","foliose","chlorolichen","foliose_chlorolichen",1,"AGG3_TW","qe","AGG3","Betula_sp",73,"rough_b","high_impact",38.948,23.2366216914167,-0.422500286938898,0.108582267089089
298,"sphaerophorus_fragilis","","AGG3_TW_QE","AGG3_TW_QE_L_20260713_141815820","high_conf",2,"fruticose_chlorolichen","fruticose","chlorolichen","fruticose_chlorolichen",1,"AGG3_TW","qe","AGG3","Betula_sp",73,"rough_b","high_impact",38.948,23.2366216914167,-0.422500286938898,0.108582267089089
299,"sphaerophorus_globosus","","AGG3_TW_QE","AGG3_TW_QE_L_20260713_141815820","high_conf",4,"fruticose_chlorolichen","fruticose","chlorolichen","fruticose_chlorolichen",1,"AGG3_TW","qe","AGG3","Betula_sp",73,"rough_b","high_impact",38.948,23.2366216914167,-0.422500286938898,0.108582267089089
300,"normandina_pulchella","","AGG3_TW_QE","AGG3_TW_QE_L_20260713_141815835","high_conf",1,"squamulose_cyanolichen","squamulose","cyanolichen","squamulose_chlorolichen",1,"AGG3_TW","qe","AGG3","Betula_sp",73,"rough_b","high_impact",38.948,23.2366216914167,-0.422500286938898,0.108582267089089
301,"cladonia_coniocraea","","AGG3_TW_QE","AGG3_TW_QE_L_20260713_141815844","high_conf",5,"foliose_chlorolichen","foliose","chlorolichen","foliose_chlorolichen",0,"AGG3_TW","qe","AGG3","Betula_sp",73,"rough_b","high_impact",38.948,23.2366216914167,-0.422500286938898,0.108582267089089
302,"usnea_cornuta_s._lat.","","AGG3_TW_QE","AGG3_TW_QE_L_20260713_141815852","high_conf",4,"fruticose_chlorolichen","fruticose","chlorolichen","fruticose_chlorolichen",1,"AGG3_TW","qe","AGG3","Betula_sp",73,"rough_b","high_impact",38.948,23.2366216914167,-0.422500286938898,0.108582267089089
303,"ochrolechia_androgyna","","AGG3_TW_QE","AGG3_TW_QE_L_20260713_141815857","high_conf",3,"crustose_chlorolichen","crustose","chlorolichen","crustose_chlorolichen",0,"AGG3_TW","qe","AGG3","Betula_sp",73,"rough_b","high_impact",38.948,23.2366216914167,-0.422500286938898,0.108582267089089
304,"ricasolia_virens","","LAE5_TE_QW","LAE5_TE_QW_L_20260713_141815868","high_conf",5,"foliose_cyanolichen","foliose","cyanolichen","foliose_cyanolichen",1,"LAE5_TE","qw","LAE5","Corylus_avellana",34,"smooth_b","medium_impact",7.3065,10.8225361302489,-1.04968906187226,-1.24927102931084
305,"sticta_fuliginosa_s._lat.","","LAE5_TE_QW","LAE5_TE_QW_L_20260713_141815868","high_conf",2,"foliose_cyanolichen","foliose","cyanolichen","foliose_cyanolichen",1,"LAE5_TE","qw","LAE5","Corylus_avellana",34,"smooth_b","medium_impact",7.3065,10.8225361302489,-1.04968906187226,-1.24927102931084
306,"sticta_sylvatica","","LAE5_TE_QW","LAE5_TE_QW_L_20260713_141815884","high_conf",1,"foliose_cyanolichen","foliose","cyanolichen","foliose_cyanolichen",1,"LAE5_TE","qw","LAE5","Corylus_avellana",34,"smooth_b","medium_impact",7.3065,10.8225361302489,-1.04968906187226,-1.24927102931084
307,"lobaria_pulmonaria","","LAE5_TE_QW","LAE5_TE_QW_L_20260713_141815884","high_conf",2,"foliose_cyanolichen","foliose","cyanolichen","foliose_cyanolichen",1,"LAE5_TE","qw","LAE5","Corylus_avellana",34,"smooth_b","medium_impact",7.3065,10.8225361302489,-1.04968906187226,-1.24927102931084
308,"graphis_scripta_s._lat.","","LAE5_TE_QW","LAE5_TE_QW_L_20260713_141815899","high_conf",3,"crustose_chlorolichen","crustose","chlorolichen","crustose_chlorolichen",0,"LAE5_TE","qw","LAE5","Corylus_avellana",34,"smooth_b","medium_impact",7.3065,10.8225361302489,-1.04968906187226,-1.24927102931084
309,"normandina_pulchella","","LAE5_TE_QW","LAE5_TE_QW_L_20260713_141815915","high_conf",2,"squamulose_cyanolichen","squamulose","cyanolichen","squamulose_chlorolichen",1,"LAE5_TE","qw","LAE5","Corylus_avellana",34,"smooth_b","medium_impact",7.3065,10.8225361302489,-1.04968906187226,-1.24927102931084
310,"pyrenula_macrospora","","LAE5_TE_QW","LAE5_TE_QW_L_20260713_141815915","high_conf",4,"crustose_chlorolichen","crustose","chlorolichen","crustose_chlorolichen",1,"LAE5_TE","qw","LAE5","Corylus_avellana",34,"smooth_b","medium_impact",7.3065,10.8225361302489,-1.04968906187226,-1.24927102931084
311,"ricasolia_virens","","LAE5_TE_QS","LAE5_TE_QS_L_20260713_141815931","high_conf",5,"foliose_cyanolichen","foliose","cyanolichen","foliose_cyanolichen",1,"LAE5_TE","qs","LAE5","Corylus_avellana",34,"smooth_b","medium_impact",7.3065,10.8225361302489,-1.04968906187226,-1.24927102931084
312,"pyrenula_macrospora","","LAE5_TE_QS","LAE5_TE_QS_L_20260713_141815934","high_conf",4,"crustose_chlorolichen","crustose","chlorolichen","crustose_chlorolichen",1,"LAE5_TE","qs","LAE5","Corylus_avellana",34,"smooth_b","medium_impact",7.3065,10.8225361302489,-1.04968906187226,-1.24927102931084
313,"graphis_scripta_s._lat.","","LAE5_TE_QS","LAE5_TE_QS_L_20260713_141815947","high_conf",3,"crustose_chlorolichen","crustose","chlorolichen","crustose_chlorolichen",0,"LAE5_TE","qs","LAE5","Corylus_avellana",34,"smooth_b","medium_impact",7.3065,10.8225361302489,-1.04968906187226,-1.24927102931084
314,"sticta_sylvatica","","LAE5_TE_QS","LAE5_TE_QS_L_20260713_141815957","high_conf",1,"foliose_cyanolichen","foliose","cyanolichen","foliose_cyanolichen",1,"LAE5_TE","qs","LAE5","Corylus_avellana",34,"smooth_b","medium_impact",7.3065,10.8225361302489,-1.04968906187226,-1.24927102931084
315,"pectenia_atlantica","","LAE5_TE_QS","LAE5_TE_QS_L_20260713_141815963","high_conf",1,"foliose_cyanolichen","foliose","cyanolichen","foliose_cyanolichen",1,"LAE5_TE","qs","LAE5","Corylus_avellana",34,"smooth_b","medium_impact",7.3065,10.8225361302489,-1.04968906187226,-1.24927102931084
316,"pectenia_plumbea_s._lat.","","LAE5_TE_QS","LAE5_TE_QS_L_20260713_141815963","high_conf",1,"foliose_cyanolichen","foliose","cyanolichen","foliose_cyanolichen",1,"LAE5_TE","qs","LAE5","Corylus_avellana",34,"smooth_b","medium_impact",7.3065,10.8225361302489,-1.04968906187226,-1.24927102931084
317,"ricasolia_virens","","LAE5_TE_QE","LAE5_TE_QE_L_20260713_141815979","high_conf",4,"foliose_cyanolichen","foliose","cyanolichen","foliose_cyanolichen",1,"LAE5_TE","qe","LAE5","Corylus_avellana",34,"smooth_b","medium_impact",7.3065,10.8225361302489,-1.04968906187226,-1.24927102931084
318,"sticta_sylvatica","","LAE5_TE_QE","LAE5_TE_QE_L_20260713_141815979","high_conf",1,"foliose_cyanolichen","foliose","cyanolichen","foliose_cyanolichen",1,"LAE5_TE","qe","LAE5","Corylus_avellana",34,"smooth_b","medium_impact",7.3065,10.8225361302489,-1.04968906187226,-1.24927102931084
319,"pyrenula_macrospora","","LAE5_TE_QE","LAE5_TE_QE_L_20260713_141815994","high_conf",2,"crustose_chlorolichen","crustose","chlorolichen","crustose_chlorolichen",1,"LAE5_TE","qe","LAE5","Corylus_avellana",34,"smooth_b","medium_impact",7.3065,10.8225361302489,-1.04968906187226,-1.24927102931084
320,"ricasolia_virens","","LAE5_TE_QN","LAE5_TE_QN_L_20260713_141816010","high_conf",5,"foliose_cyanolichen","foliose","cyanolichen","foliose_cyanolichen",1,"LAE5_TE","qn","LAE5","Corylus_avellana",34,"smooth_b","medium_impact",7.3065,10.8225361302489,-1.04968906187226,-1.24927102931084
321,"lobaria_pulmonaria","","LAE5_TE_QN","LAE5_TE_QN_L_20260713_141816010","high_conf",1,"foliose_cyanolichen","foliose","cyanolichen","foliose_cyanolichen",1,"LAE5_TE","qn","LAE5","Corylus_avellana",34,"smooth_b","medium_impact",7.3065,10.8225361302489,-1.04968906187226,-1.24927102931084
322,"pyrenula_macrospora","","LAE5_TE_QN","LAE5_TE_QN_L_20260713_141816026","high_conf",4,"crustose_chlorolichen","crustose","chlorolichen","crustose_chlorolichen",1,"LAE5_TE","qn","LAE5","Corylus_avellana",34,"smooth_b","medium_impact",7.3065,10.8225361302489,-1.04968906187226,-1.24927102931084
323,"sticta_fuliginosa_s._lat.","","LAE5_TE_QN","LAE5_TE_QN_L_20260713_141816026","med_conf",3,"foliose_cyanolichen","foliose","cyanolichen","foliose_cyanolichen",1,"LAE5_TE","qn","LAE5","Corylus_avellana",34,"smooth_b","medium_impact",7.3065,10.8225361302489,-1.04968906187226,-1.24927102931084
324,"ricasolia_virens","","LAE5_TN_QS","LAE5_TN_QS_L_20260713_141816042","high_conf",1,"foliose_cyanolichen","foliose","cyanolichen","foliose_cyanolichen",1,"LAE5_TN","qs","LAE5","Corylus_avellana",40,"inter_b","medium_impact",7.3065,12.7323954473516,-0.953198481113278,-1.24927102931084
325,"pyrenula_macrospora","","LAE5_TN_QS","LAE5_TN_QS_L_20260713_141816042","high_conf",2,"crustose_chlorolichen","crustose","chlorolichen","crustose_chlorolichen",1,"LAE5_TN","qs","LAE5","Corylus_avellana",40,"inter_b","medium_impact",7.3065,12.7323954473516,-0.953198481113278,-1.24927102931084
326,"lepraria_sp","","LAE5_TN_QS","LAE5_TN_QS_L_20260713_141816058","med_conf",5,"leprose_chlorolichen","leprose","chlorolichen","leprose_chlorolichen",0,"LAE5_TN","qs","LAE5","Corylus_avellana",40,"inter_b","medium_impact",7.3065,12.7323954473516,-0.953198481113278,-1.24927102931084
327,"ricasolia_virens","","LAE5_TN_QE","LAE5_TN_QE_L_20260713_141816058","high_conf",2,"foliose_cyanolichen","foliose","cyanolichen","foliose_cyanolichen",1,"LAE5_TN","qe","LAE5","Corylus_avellana",40,"inter_b","medium_impact",7.3065,12.7323954473516,-0.953198481113278,-1.24927102931084
328,"lepraria_sp","","LAE5_TN_QE","LAE5_TN_QE_L_20260713_141816074","med_conf",3,"leprose_chlorolichen","leprose","chlorolichen","leprose_chlorolichen",0,"LAE5_TN","qe","LAE5","Corylus_avellana",40,"inter_b","medium_impact",7.3065,12.7323954473516,-0.953198481113278,-1.24927102931084
329,"sticta_sylvatica","","LAE5_TN_QE","LAE5_TN_QE_L_20260713_141816074","med_conf",3,"foliose_cyanolichen","foliose","cyanolichen","foliose_cyanolichen",1,"LAE5_TN","qe","LAE5","Corylus_avellana",40,"inter_b","medium_impact",7.3065,12.7323954473516,-0.953198481113278,-1.24927102931084
330,"sticta_fuliginosa_s._lat.","","LAE5_TN_QE","LAE5_TN_QE_L_20260713_141816089","med_conf",2,"foliose_cyanolichen","foliose","cyanolichen","foliose_cyanolichen",1,"LAE5_TN","qe","LAE5","Corylus_avellana",40,"inter_b","medium_impact",7.3065,12.7323954473516,-0.953198481113278,-1.24927102931084
331,"ricasolia_virens","","LAE5_TN_QW","LAE5_TN_QW_L_20260713_141816089","high_conf",5,"foliose_cyanolichen","foliose","cyanolichen","foliose_cyanolichen",1,"LAE5_TN","qw","LAE5","Corylus_avellana",40,"inter_b","medium_impact",7.3065,12.7323954473516,-0.953198481113278,-1.24927102931084
332,"sticta_sylvatica","","LAE5_TN_QW","LAE5_TN_QW_L_20260713_141816106","high_conf",3,"foliose_cyanolichen","foliose","cyanolichen","foliose_cyanolichen",1,"LAE5_TN","qw","LAE5","Corylus_avellana",40,"inter_b","medium_impact",7.3065,12.7323954473516,-0.953198481113278,-1.24927102931084
333,"sticta_limbata","","LAE5_TN_QW","LAE5_TN_QW_L_20260713_141816121","med_conf",2,"foliose_cyanolichen","foliose","cyanolichen","foliose_cyanolichen",1,"LAE5_TN","qw","LAE5","Corylus_avellana",40,"inter_b","medium_impact",7.3065,12.7323954473516,-0.953198481113278,-1.24927102931084
334,"pectenia_atlantica","","LAE5_TN_QW","LAE5_TN_QW_L_20260713_141816121","high_conf",1,"foliose_cyanolichen","foliose","cyanolichen","foliose_cyanolichen",1,"LAE5_TN","qw","LAE5","Corylus_avellana",40,"inter_b","medium_impact",7.3065,12.7323954473516,-0.953198481113278,-1.24927102931084
335,"ochrolechia_androgyna","","LAE5_TN_QW","LAE5_TN_QW_L_20260713_141816137","high_conf",3,"crustose_chlorolichen","crustose","chlorolichen","crustose_chlorolichen",0,"LAE5_TN","qw","LAE5","Corylus_avellana",40,"inter_b","medium_impact",7.3065,12.7323954473516,-0.953198481113278,-1.24927102931084
336,"lepraria_sp","","LAE5_TN_QW","LAE5_TN_QW_L_20260713_141816137","med_conf",2,"leprose_chlorolichen","leprose","chlorolichen","leprose_chlorolichen",0,"LAE5_TN","qw","LAE5","Corylus_avellana",40,"inter_b","medium_impact",7.3065,12.7323954473516,-0.953198481113278,-1.24927102931084
337,"thelotrema_lepadinum","","LAE5_TN_QW","LAE5_TN_QW_L_20260713_141816158","high_conf",3,"crustose_chlorolichen","crustose","chlorolichen","crustose_chlorolichen",1,"LAE5_TN","qw","LAE5","Corylus_avellana",40,"inter_b","medium_impact",7.3065,12.7323954473516,-0.953198481113278,-1.24927102931084
338,"ricasolia_virens","","LAE5_TN_QN","LAE5_TN_QN_L_20260713_141816158","high_conf",4,"foliose_cyanolichen","foliose","cyanolichen","foliose_cyanolichen",1,"LAE5_TN","qn","LAE5","Corylus_avellana",40,"inter_b","medium_impact",7.3065,12.7323954473516,-0.953198481113278,-1.24927102931084
339,"thelotrema_lepadinum","","LAE5_TN_QN","LAE5_TN_QN_L_20260713_141816169","high_conf",3,"crustose_chlorolichen","crustose","chlorolichen","crustose_chlorolichen",1,"LAE5_TN","qn","LAE5","Corylus_avellana",40,"inter_b","medium_impact",7.3065,12.7323954473516,-0.953198481113278,-1.24927102931084
340,"sticta_sylvatica","","LAE5_TN_QN","LAE5_TN_QN_L_20260713_141816185","med_conf",2,"foliose_cyanolichen","foliose","cyanolichen","foliose_cyanolichen",1,"LAE5_TN","qn","LAE5","Corylus_avellana",40,"inter_b","medium_impact",7.3065,12.7323954473516,-0.953198481113278,-1.24927102931084
341,"ricasolia_virens","","LAE5_TS_QE","LAE5_TS_QE_L_20260713_141816185","high_conf",1,"foliose_cyanolichen","foliose","cyanolichen","foliose_cyanolichen",1,"LAE5_TS","qe","LAE5","Corylus_avellana",47,"rough_b","medium_impact",7.3065,14.9605646506382,-0.84062613689447,-1.24927102931084
342,"graphis_scripta_s._lat.","","LAE5_TS_QE","LAE5_TS_QE_L_20260713_141816201","high_conf",3,"crustose_chlorolichen","crustose","chlorolichen","crustose_chlorolichen",0,"LAE5_TS","qe","LAE5","Corylus_avellana",47,"rough_b","medium_impact",7.3065,14.9605646506382,-0.84062613689447,-1.24927102931084
343,"lepraria_sp","","LAE5_TS_QE","LAE5_TS_QE_L_20260713_141816201","med_conf",5,"leprose_chlorolichen","leprose","chlorolichen","leprose_chlorolichen",0,"LAE5_TS","qe","LAE5","Corylus_avellana",47,"rough_b","medium_impact",7.3065,14.9605646506382,-0.84062613689447,-1.24927102931084
344,"sticta_fuliginosa_s._lat.","","LAE5_TS_QE","LAE5_TS_QE_L_20260713_141816217","med_conf",2,"foliose_cyanolichen","foliose","cyanolichen","foliose_cyanolichen",1,"LAE5_TS","qe","LAE5","Corylus_avellana",47,"rough_b","medium_impact",7.3065,14.9605646506382,-0.84062613689447,-1.24927102931084
345,"ricasolia_virens","","LAE5_TS_QS","LAE5_TS_QS_L_20260713_141816217","high_conf",3,"foliose_cyanolichen","foliose","cyanolichen","foliose_cyanolichen",1,"LAE5_TS","qs","LAE5","Corylus_avellana",47,"rough_b","medium_impact",7.3065,14.9605646506382,-0.84062613689447,-1.24927102931084
346,"sticta_sylvatica","","LAE5_TS_QS","LAE5_TS_QS_L_20260713_141816233","high_conf",5,"foliose_cyanolichen","foliose","cyanolichen","foliose_cyanolichen",1,"LAE5_TS","qs","LAE5","Corylus_avellana",47,"rough_b","medium_impact",7.3065,14.9605646506382,-0.84062613689447,-1.24927102931084
347,"thelotrema_lepadinum","","LAE5_TS_QS","LAE5_TS_QS_L_20260713_141816233","high_conf",3,"crustose_chlorolichen","crustose","chlorolichen","crustose_chlorolichen",1,"LAE5_TS","qs","LAE5","Corylus_avellana",47,"rough_b","medium_impact",7.3065,14.9605646506382,-0.84062613689447,-1.24927102931084
348,"ochrolechia_androgyna","","LAE5_TS_QS","LAE5_TS_QS_L_20260713_141816249","high_conf",4,"crustose_chlorolichen","crustose","chlorolichen","crustose_chlorolichen",0,"LAE5_TS","qs","LAE5","Corylus_avellana",47,"rough_b","medium_impact",7.3065,14.9605646506382,-0.84062613689447,-1.24927102931084
349,"ricasolia_virens","","LAE5_TS_QW","LAE5_TS_QW_L_20260713_141816258","high_conf",4,"foliose_cyanolichen","foliose","cyanolichen","foliose_cyanolichen",1,"LAE5_TS","qw","LAE5","Corylus_avellana",47,"rough_b","medium_impact",7.3065,14.9605646506382,-0.84062613689447,-1.24927102931084
350,"sticta_sylvatica","","LAE5_TS_QW","LAE5_TS_QW_L_20260713_141816265","high_conf",4,"foliose_cyanolichen","foliose","cyanolichen","foliose_cyanolichen",1,"LAE5_TS","qw","LAE5","Corylus_avellana",47,"rough_b","medium_impact",7.3065,14.9605646506382,-0.84062613689447,-1.24927102931084
351,"graphis_scripta_s._lat.","","LAE5_TS_QW","LAE5_TS_QW_L_20260713_141816281","high_conf",1,"crustose_chlorolichen","crustose","chlorolichen","crustose_chlorolichen",0,"LAE5_TS","qw","LAE5","Corylus_avellana",47,"rough_b","medium_impact",7.3065,14.9605646506382,-0.84062613689447,-1.24927102931084
352,"ochrolechia_androgyna","","LAE5_TS_QW","LAE5_TS_QW_L_20260713_141816281","high_conf",4,"crustose_chlorolichen","crustose","chlorolichen","crustose_chlorolichen",0,"LAE5_TS","qw","LAE5","Corylus_avellana",47,"rough_b","medium_impact",7.3065,14.9605646506382,-0.84062613689447,-1.24927102931084
353,"thelotrema_lepadinum","","LAE5_TS_QW","LAE5_TS_QW_L_20260713_141816296","high_conf",2,"crustose_chlorolichen","crustose","chlorolichen","crustose_chlorolichen",1,"LAE5_TS","qw","LAE5","Corylus_avellana",47,"rough_b","medium_impact",7.3065,14.9605646506382,-0.84062613689447,-1.24927102931084
354,"ricasolia_virens","","LAE5_TS_QN","LAE5_TS_QN_L_20260713_141816296","high_conf",2,"foliose_cyanolichen","foliose","cyanolichen","foliose_cyanolichen",1,"LAE5_TS","qn","LAE5","Corylus_avellana",47,"rough_b","medium_impact",7.3065,14.9605646506382,-0.84062613689447,-1.24927102931084
355,"peltigera_collina","","LAE5_TS_QW","LAE5_TS_QW_L_20260713_141816312","high_conf",2,"foliose_cyanolichen","foliose","cyanolichen","foliose_cyanolichen",1,"LAE5_TS","qw","LAE5","Corylus_avellana",47,"rough_b","medium_impact",7.3065,14.9605646506382,-0.84062613689447,-1.24927102931084
356,"sticta_sylvatica","","LAE5_TS_QN","LAE5_TS_QN_L_20260713_141816312","high_conf",2,"foliose_cyanolichen","foliose","cyanolichen","foliose_cyanolichen",1,"LAE5_TS","qn","LAE5","Corylus_avellana",47,"rough_b","medium_impact",7.3065,14.9605646506382,-0.84062613689447,-1.24927102931084
357,"ochrolechia_androgyna","","LAE5_TS_QN","LAE5_TS_QN_L_20260713_141816328","high_conf",5,"crustose_chlorolichen","crustose","chlorolichen","crustose_chlorolichen",0,"LAE5_TS","qn","LAE5","Corylus_avellana",47,"rough_b","medium_impact",7.3065,14.9605646506382,-0.84062613689447,-1.24927102931084
358,"pyrenula_macrospora","","LAE5_TS_QN","LAE5_TS_QN_L_20260713_141816328","high_conf",2,"crustose_chlorolichen","crustose","chlorolichen","crustose_chlorolichen",1,"LAE5_TS","qn","LAE5","Corylus_avellana",47,"rough_b","medium_impact",7.3065,14.9605646506382,-0.84062613689447,-1.24927102931084
359,"lichen_(unidentified)","","LAE5_TS_QN","LAE5_TS_QN_L_20260713_141816344","low_conf",5,"squamulose_lichen","squamulose",NA,"",0,"LAE5_TS","qn","LAE5","Corylus_avellana",47,"rough_b","medium_impact",7.3065,14.9605646506382,-0.84062613689447,-1.24927102931084
360,"lepraria_sp","","LAE5_TW_QE","LAE5_TW_QE_L_20260713_141816358","low_conf",5,"leprose_chlorolichen","leprose","chlorolichen","leprose_chlorolichen",0,"LAE5_TW","qe","LAE5","Crataegus_monogyna",69,"rough_b","medium_impact",7.3065,21.9633821466816,-0.486827340778216,-1.24927102931084
362,"thelotrema_lepadinum","","LAE5_TW_QS","LAE5_TW_QS_L_20260713_141816372","med_conf",1,"crustose_chlorolichen","crustose","chlorolichen","crustose_chlorolichen",1,"LAE5_TW","qs","LAE5","Crataegus_monogyna",69,"rough_b","medium_impact",7.3065,21.9633821466816,-0.486827340778216,-1.24927102931084
363,"ricasolia_virens","","LAE5_TW_QN","LAE5_TW_QN_L_20260713_141816376","high_conf",2,"foliose_cyanolichen","foliose","cyanolichen","foliose_cyanolichen",1,"LAE5_TW","qn","LAE5","Crataegus_monogyna",69,"rough_b","medium_impact",7.3065,21.9633821466816,-0.486827340778216,-1.24927102931084
364,"lepraria_sp","","LAE5_TW_QN","LAE5_TW_QN_L_20260713_141816376","high_conf",5,"leprose_chlorolichen","leprose","chlorolichen","leprose_chlorolichen",0,"LAE5_TW","qn","LAE5","Crataegus_monogyna",69,"rough_b","medium_impact",7.3065,21.9633821466816,-0.486827340778216,-1.24927102931084
365,"thelotrema_lepadinum","","LAE5_TW_QN","LAE5_TW_QN_L_20260713_141816392","high_conf",2,"crustose_chlorolichen","crustose","chlorolichen","crustose_chlorolichen",1,"LAE5_TW","qn","LAE5","Crataegus_monogyna",69,"rough_b","medium_impact",7.3065,21.9633821466816,-0.486827340778216,-1.24927102931084
366,"pectenia_atlantica","","LAE5_TW_QW","LAE5_TW_QW_L_20260713_141816392","high_conf",1,"foliose_cyanolichen","foliose","cyanolichen","foliose_cyanolichen",1,"LAE5_TW","qw","LAE5","Crataegus_monogyna",69,"rough_b","medium_impact",7.3065,21.9633821466816,-0.486827340778216,-1.24927102931084
367,"ricasolia_virens","","LAE5_TW_QW","LAE5_TW_QW_L_20260713_141816408","high_conf",5,"foliose_cyanolichen","foliose","cyanolichen","foliose_cyanolichen",1,"LAE5_TW","qw","LAE5","Crataegus_monogyna",69,"rough_b","medium_impact",7.3065,21.9633821466816,-0.486827340778216,-1.24927102931084
368,"cladonia_coniocraea","","LAE5_TW_QW","LAE5_TW_QW_L_20260713_141816424","high_conf",3,"foliose_chlorolichen","foliose","chlorolichen","foliose_chlorolichen",0,"LAE5_TW","qw","LAE5","Crataegus_monogyna",69,"rough_b","medium_impact",7.3065,21.9633821466816,-0.486827340778216,-1.24927102931084
369,"normandina_pulchella","","LAE5_TW_QW","LAE5_TW_QW_L_20260713_141816429","high_conf",3,"squamulose_cyanolichen","squamulose","cyanolichen","squamulose_chlorolichen",1,"LAE5_TW","qw","LAE5","Crataegus_monogyna",69,"rough_b","medium_impact",7.3065,21.9633821466816,-0.486827340778216,-1.24927102931084
370,"sticta_sylvatica","","LAE5_TW_QW","LAE5_TW_QW_L_20260713_141816441","high_conf",3,"foliose_cyanolichen","foliose","cyanolichen","foliose_cyanolichen",1,"LAE5_TW","qw","LAE5","Crataegus_monogyna",69,"rough_b","medium_impact",7.3065,21.9633821466816,-0.486827340778216,-1.24927102931084
371,"pectenia_plumbea_s._lat.","","LAE5_TW_QW","LAE5_TW_QW_L_20260713_141816441","med_conf",3,"foliose_cyanolichen","foliose","cyanolichen","foliose_cyanolichen",1,"LAE5_TW","qw","LAE5","Crataegus_monogyna",69,"rough_b","medium_impact",7.3065,21.9633821466816,-0.486827340778216,-1.24927102931084
372,"lecidella_elaeochroma_f._elaeochroma","","LAE5_TW_QW","LAE5_TW_QW_L_20260713_141816458","med_conf",1,"crustose_chlorolichen","crustose","chlorolichen","crustose_chlorolichen",0,"LAE5_TW","qw","LAE5","Crataegus_monogyna",69,"rough_b","medium_impact",7.3065,21.9633821466816,-0.486827340778216,-1.24927102931084
373,"thelotrema_lepadinum","","LAE5_TW_QW","LAE5_TW_QW_L_20260713_141816458","high_conf",3,"crustose_chlorolichen","crustose","chlorolichen","crustose_chlorolichen",1,"LAE5_TW","qw","LAE5","Crataegus_monogyna",69,"rough_b","medium_impact",7.3065,21.9633821466816,-0.486827340778216,-1.24927102931084
374,"ochrolechia_androgyna","","LAE5_TW_QW","LAE5_TW_QW_L_20260713_141816471","high_conf",1,"crustose_chlorolichen","crustose","chlorolichen","crustose_chlorolichen",0,"LAE5_TW","qw","LAE5","Crataegus_monogyna",69,"rough_b","medium_impact",7.3065,21.9633821466816,-0.486827340778216,-1.24927102931084
375,"pyrenula_macrospora","","LAE5_TW_QW","LAE5_TW_QW_L_20260713_141816471","high_conf",1,"crustose_chlorolichen","crustose","chlorolichen","crustose_chlorolichen",1,"LAE5_TW","qw","LAE5","Crataegus_monogyna",69,"rough_b","medium_impact",7.3065,21.9633821466816,-0.486827340778216,-1.24927102931084
376,"cladonia_coniocraea","","AGG5_TE_QE","AGG5_TE_QE_L_20260713_141816487","high_conf",3,"foliose_chlorolichen","foliose","chlorolichen","foliose_chlorolichen",0,"AGG5_TE","qe","AGG5","Quercus_sp",119,"rough_b","high_impact",63.60475,37.8788764558711,0.31726083221327,1.16669421709174
377,"hypotrachyna_laevigata","","AGG5_TE_QE","AGG5_TE_QE_L_20260713_141816487","med_conf",2,"foliose_chlorolichen","foliose","chlorolichen","foliose_chlorolichen",1,"AGG5_TE","qe","AGG5","Quercus_sp",119,"rough_b","high_impact",63.60475,37.8788764558711,0.31726083221327,1.16669421709174
378,"ochrolechia_androgyna","","AGG5_TE_QE","AGG5_TE_QE_L_20260713_141816503","high_conf",5,"crustose_chlorolichen","crustose","chlorolichen","crustose_chlorolichen",0,"AGG5_TE","qe","AGG5","Quercus_sp",119,"rough_b","high_impact",63.60475,37.8788764558711,0.31726083221327,1.16669421709174
379,"pertusaria_coccodes","","AGG5_TE_QE","AGG5_TE_QE_L_20260713_141816519","med_conf",5,"crustose_chlorolichen","crustose","chlorolichen","crustose_chlorolichen",0,"AGG5_TE","qe","AGG5","Quercus_sp",119,"rough_b","high_impact",63.60475,37.8788764558711,0.31726083221327,1.16669421709174
380,"usnea_subfloridana","","AGG5_TE_QN","AGG5_TE_QN_L_20260713_141816519","med_conf",1,"fruticose_chlorolichen","fruticose","chlorolichen","fruticose_chlorolichen",1,"AGG5_TE","qn","AGG5","Quercus_sp",119,"rough_b","high_impact",63.60475,37.8788764558711,0.31726083221327,1.16669421709174
381,"cladonia_coniocraea","","AGG5_TE_QN","AGG5_TE_QN_L_20260713_141816535","high_conf",5,"foliose_chlorolichen","foliose","chlorolichen","foliose_chlorolichen",0,"AGG5_TE","qn","AGG5","Quercus_sp",119,"rough_b","high_impact",63.60475,37.8788764558711,0.31726083221327,1.16669421709174
382,"hypotrachyna_laevigata","","AGG5_TE_QN","AGG5_TE_QN_L_20260713_141816550","high_conf",5,"foliose_chlorolichen","foliose","chlorolichen","foliose_chlorolichen",1,"AGG5_TE","qn","AGG5","Quercus_sp",119,"rough_b","high_impact",63.60475,37.8788764558711,0.31726083221327,1.16669421709174
383,"normandina_pulchella","","AGG5_TE_QN","AGG5_TE_QN_L_20260713_141816558","high_conf",1,"squamulose_cyanolichen","squamulose","cyanolichen","squamulose_chlorolichen",1,"AGG5_TE","qn","AGG5","Quercus_sp",119,"rough_b","high_impact",63.60475,37.8788764558711,0.31726083221327,1.16669421709174
384,"pertusaria_coccodes","","AGG5_TE_QN","AGG5_TE_QN_L_20260713_141816566","med_conf",3,"crustose_chlorolichen","crustose","chlorolichen","crustose_chlorolichen",0,"AGG5_TE","qn","AGG5","Quercus_sp",119,"rough_b","high_impact",63.60475,37.8788764558711,0.31726083221327,1.16669421709174
385,"ochrolechia_androgyna","","AGG5_TE_QN","AGG5_TE_QN_L_20260713_141816566","high_conf",3,"crustose_chlorolichen","crustose","chlorolichen","crustose_chlorolichen",0,"AGG5_TE","qn","AGG5","Quercus_sp",119,"rough_b","high_impact",63.60475,37.8788764558711,0.31726083221327,1.16669421709174
386,"lepraria_sp","","AGG5_TE_QN","AGG5_TE_QN_L_20260713_141816582","high_conf",2,"leprose_chlorolichen","leprose","chlorolichen","leprose_chlorolichen",0,"AGG5_TE","qn","AGG5","Quercus_sp",119,"rough_b","high_impact",63.60475,37.8788764558711,0.31726083221327,1.16669421709174
387,"sphaerophorus_globosus","","AGG5_TE_QN","AGG5_TE_QN_L_20260713_141816582","high_conf",2,"fruticose_chlorolichen","fruticose","chlorolichen","fruticose_chlorolichen",1,"AGG5_TE","qn","AGG5","Quercus_sp",119,"rough_b","high_impact",63.60475,37.8788764558711,0.31726083221327,1.16669421709174
388,"sphaerophorus_globosus","","AGG5_TE_QS","AGG5_TE_QS_L_20260713_141816598","high_conf",2,"fruticose_chlorolichen","fruticose","chlorolichen","fruticose_chlorolichen",1,"AGG5_TE","qs","AGG5","Quercus_sp",119,"rough_b","high_impact",63.60475,37.8788764558711,0.31726083221327,1.16669421709174
389,"hypotrachyna_laevigata","","AGG5_TE_QS","AGG5_TE_QS_L_20260713_141816598","high_conf",3,"foliose_chlorolichen","foliose","chlorolichen","foliose_chlorolichen",1,"AGG5_TE","qs","AGG5","Quercus_sp",119,"rough_b","high_impact",63.60475,37.8788764558711,0.31726083221327,1.16669421709174
390,"cladonia_coniocraea","","AGG5_TE_QS","AGG5_TE_QS_L_20260713_141816614","high_conf",4,"foliose_chlorolichen","foliose","chlorolichen","foliose_chlorolichen",0,"AGG5_TE","qs","AGG5","Quercus_sp",119,"rough_b","high_impact",63.60475,37.8788764558711,0.31726083221327,1.16669421709174
391,"lecanactis_abietina","","AGG5_TE_QS","AGG5_TE_QS_L_20260713_141816614","med_conf",5,"crustose_chlorolichen","crustose","chlorolichen","crustose_chlorolichen",0,"AGG5_TE","qs","AGG5","Quercus_sp",119,"rough_b","high_impact",63.60475,37.8788764558711,0.31726083221327,1.16669421709174
392,"ochrolechia_androgyna","","AGG5_TE_QS","AGG5_TE_QS_L_20260713_141816630","high_conf",5,"crustose_chlorolichen","crustose","chlorolichen","crustose_chlorolichen",0,"AGG5_TE","qs","AGG5","Quercus_sp",119,"rough_b","high_impact",63.60475,37.8788764558711,0.31726083221327,1.16669421709174
393,"sphaerophorus_globosus","","AGG5_TE_QW","AGG5_TE_QW_L_20260713_141816630","high_conf",5,"fruticose_chlorolichen","fruticose","chlorolichen","fruticose_chlorolichen",1,"AGG5_TE","qw","AGG5","Quercus_sp",119,"rough_b","high_impact",63.60475,37.8788764558711,0.31726083221327,1.16669421709174
394,"cladonia_coniocraea","","AGG5_TE_QW","AGG5_TE_QW_L_20260713_141816646","high_conf",1,"foliose_chlorolichen","foliose","chlorolichen","foliose_chlorolichen",0,"AGG5_TE","qw","AGG5","Quercus_sp",119,"rough_b","high_impact",63.60475,37.8788764558711,0.31726083221327,1.16669421709174
395,"lecanactis_abietina","","AGG5_TE_QW","AGG5_TE_QW_L_20260713_141816664","high_conf",3,"crustose_chlorolichen","crustose","chlorolichen","crustose_chlorolichen",0,"AGG5_TE","qw","AGG5","Quercus_sp",119,"rough_b","high_impact",63.60475,37.8788764558711,0.31726083221327,1.16669421709174
396,"ochrolechia_androgyna","","AGG5_TE_QW","AGG5_TE_QW_L_20260713_141816671","high_conf",2,"crustose_chlorolichen","crustose","chlorolichen","crustose_chlorolichen",0,"AGG5_TE","qw","AGG5","Quercus_sp",119,"rough_b","high_impact",63.60475,37.8788764558711,0.31726083221327,1.16669421709174
397,"hypotrachyna_laevigata","","AGG5_TE_QW","AGG5_TE_QW_L_20260713_141816677","high_conf",1,"foliose_chlorolichen","foliose","chlorolichen","foliose_chlorolichen",1,"AGG5_TE","qw","AGG5","Quercus_sp",119,"rough_b","high_impact",63.60475,37.8788764558711,0.31726083221327,1.16669421709174
398,"pertusaria_leioplaca","","AGG5_TN_QN","AGG5_TN_QN_L_20260713_141816677","med_conf",2,"crustose_chlorolichen","crustose","chlorolichen","crustose_chlorolichen",0,"AGG5_TN","qn","AGG5","Quercus_sp",140,"rough_b","high_impact",63.60475,44.5633840657307,0.654977864869694,1.16669421709174
399,"lepraria_sp","","AGG5_TN_QN","AGG5_TN_QN_L_20260713_141816693","med_conf",2,"leprose_chlorolichen","leprose","chlorolichen","leprose_chlorolichen",0,"AGG5_TN","qn","AGG5","Quercus_sp",140,"rough_b","high_impact",63.60475,44.5633840657307,0.654977864869694,1.16669421709174
400,"ochrolechia_androgyna","","AGG5_TN_QN","AGG5_TN_QN_L_20260713_141816693","high_conf",3,"crustose_chlorolichen","crustose","chlorolichen","crustose_chlorolichen",0,"AGG5_TN","qn","AGG5","Quercus_sp",140,"rough_b","high_impact",63.60475,44.5633840657307,0.654977864869694,1.16669421709174
401,"lobaria_pulmonaria","","AGG5_TN_QS","AGG5_TN_QS_L_20260713_141816709","high_conf",3,"foliose_cyanolichen","foliose","cyanolichen","foliose_cyanolichen",1,"AGG5_TN","qs","AGG5","Quercus_sp",140,"rough_b","high_impact",63.60475,44.5633840657307,0.654977864869694,1.16669421709174
402,"peltigera_collina","","AGG5_TN_QS","AGG5_TN_QS_L_20260713_141816725","high_conf",3,"foliose_cyanolichen","foliose","cyanolichen","foliose_cyanolichen",1,"AGG5_TN","qs","AGG5","Quercus_sp",140,"rough_b","high_impact",63.60475,44.5633840657307,0.654977864869694,1.16669421709174
403,"cladonia_chlorophaea_s._lat.","","AGG5_TN_QS","AGG5_TN_QS_L_20260713_141816725","high_conf",5,"foliose_chlorolichen","foliose","chlorolichen","foliose_chlorolichen",0,"AGG5_TN","qs","AGG5","Quercus_sp",140,"rough_b","high_impact",63.60475,44.5633840657307,0.654977864869694,1.16669421709174
404,"cladonia_chlorophaea_s._lat.","","AGG5_TN_QE","AGG5_TN_QE_L_20260713_141816740","high_conf",5,"foliose_chlorolichen","foliose","chlorolichen","foliose_chlorolichen",0,"AGG5_TN","qe","AGG5","Quercus_sp",140,"rough_b","high_impact",63.60475,44.5633840657307,0.654977864869694,1.16669421709174
405,"ochrolechia_androgyna","","AGG5_TN_QE","AGG5_TN_QE_L_20260713_141816740","med_conf",3,"crustose_chlorolichen","crustose","chlorolichen","crustose_chlorolichen",0,"AGG5_TN","qe","AGG5","Quercus_sp",140,"rough_b","high_impact",63.60475,44.5633840657307,0.654977864869694,1.16669421709174
406,"lobaria_pulmonaria","","AGG5_TN_QW","AGG5_TN_QW_L_20260713_141816758","high_conf",3,"foliose_cyanolichen","foliose","cyanolichen","foliose_cyanolichen",1,"AGG5_TN","qw","AGG5","Quercus_sp",140,"rough_b","high_impact",63.60475,44.5633840657307,0.654977864869694,1.16669421709174
407,"pectenia_atlantica","Young, small","AGG5_TN_QW","AGG5_TN_QW_L_20260713_141816758","med_conf",1,"foliose_cyanolichen","foliose","cyanolichen","foliose_cyanolichen",1,"AGG5_TN","qw","AGG5","Quercus_sp",140,"rough_b","high_impact",63.60475,44.5633840657307,0.654977864869694,1.16669421709174
408,"hypotrachyna_laevigata","","AGG5_TN_QW","AGG5_TN_QW_L_20260713_141816772","med_conf",1,"foliose_chlorolichen","foliose","chlorolichen","foliose_chlorolichen",1,"AGG5_TN","qw","AGG5","Quercus_sp",140,"rough_b","high_impact",63.60475,44.5633840657307,0.654977864869694,1.16669421709174
409,"ochrolechia_androgyna","","AGG5_TS_QS","AGG5_TS_QS_L_20260713_141816772","high_conf",5,"crustose_chlorolichen","crustose","chlorolichen","crustose_chlorolichen",0,"AGG5_TS","qs","AGG5","Quercus_sp",124,"rough_b","high_impact",63.60475,39.47042588679,0.397669649512418,1.16669421709174
410,"eopyrenula_grandicula","","AGG5_TS_QS","AGG5_TS_QS_L_20260713_141816788","med_conf",4,"crustose_chlorolichen","crustose","chlorolichen","crustose_chlorolichen",0,"AGG5_TS","qs","AGG5","Quercus_sp",124,"rough_b","high_impact",63.60475,39.47042588679,0.397669649512418,1.16669421709174
411,"usnea_subfloridana","","AGG5_TS_QS","AGG5_TS_QS_L_20260713_141816804","med_conf",1,"fruticose_chlorolichen","fruticose","chlorolichen","fruticose_chlorolichen",1,"AGG5_TS","qs","AGG5","Quercus_sp",124,"rough_b","high_impact",63.60475,39.47042588679,0.397669649512418,1.16669421709174
412,"sphaerophorus_globosus","","AGG5_TS_QW","AGG5_TS_QW_L_20260713_141816804","high_conf",5,"fruticose_chlorolichen","fruticose","chlorolichen","fruticose_chlorolichen",1,"AGG5_TS","qw","AGG5","Quercus_sp",124,"rough_b","high_impact",63.60475,39.47042588679,0.397669649512418,1.16669421709174
413,"ochrolechia_androgyna","","AGG5_TS_QW","AGG5_TS_QW_L_20260713_141816820","high_conf",5,"crustose_chlorolichen","crustose","chlorolichen","crustose_chlorolichen",0,"AGG5_TS","qw","AGG5","Quercus_sp",124,"rough_b","high_impact",63.60475,39.47042588679,0.397669649512418,1.16669421709174
414,"hypotrachyna_laevigata","","AGG5_TS_QW","AGG5_TS_QW_L_20260713_141816820","med_conf",3,"foliose_chlorolichen","foliose","chlorolichen","foliose_chlorolichen",1,"AGG5_TS","qw","AGG5","Quercus_sp",124,"rough_b","high_impact",63.60475,39.47042588679,0.397669649512418,1.16669421709174
415,"cladonia_sp","","AGG5_TS_QW","AGG5_TS_QW_L_20260713_141816836","high_conf",1,"squamulose_chlorolichen","squamulose","chlorolichen","squamulose_chlorolichen",0,"AGG5_TS","qw","AGG5","Quercus_sp",124,"rough_b","high_impact",63.60475,39.47042588679,0.397669649512418,1.16669421709174
416,"eopyrenula_grandicula","","AGG5_TS_QW","AGG5_TS_QW_L_20260713_141816836","med_conf",2,"crustose_chlorolichen","crustose","chlorolichen","crustose_chlorolichen",0,"AGG5_TS","qw","AGG5","Quercus_sp",124,"rough_b","high_impact",63.60475,39.47042588679,0.397669649512418,1.16669421709174
417,"sphaerophorus_globosus","","AGG5_TS_QN","AGG5_TS_QN_L_20260713_141816858","high_conf",5,"fruticose_chlorolichen","fruticose","chlorolichen","fruticose_chlorolichen",1,"AGG5_TS","qn","AGG5","Quercus_sp",124,"rough_b","high_impact",63.60475,39.47042588679,0.397669649512418,1.16669421709174
418,"cladonia_sp","","AGG5_TS_QN","AGG5_TS_QN_L_20260713_141816858","high_conf",2,"squamulose_chlorolichen","squamulose","chlorolichen","squamulose_chlorolichen",0,"AGG5_TS","qn","AGG5","Quercus_sp",124,"rough_b","high_impact",63.60475,39.47042588679,0.397669649512418,1.16669421709174
419,"sphaerophorus_fragilis","","AGG5_TS_QN","AGG5_TS_QN_L_20260713_141816868","high_conf",2,"fruticose_chlorolichen","fruticose","chlorolichen","fruticose_chlorolichen",1,"AGG5_TS","qn","AGG5","Quercus_sp",124,"rough_b","high_impact",63.60475,39.47042588679,0.397669649512418,1.16669421709174
420,"eopyrenula_grandicula","","AGG5_TS_QN","AGG5_TS_QN_L_20260713_141816884","med_conf",2,"crustose_chlorolichen","crustose","chlorolichen","crustose_chlorolichen",0,"AGG5_TS","qn","AGG5","Quercus_sp",124,"rough_b","high_impact",63.60475,39.47042588679,0.397669649512418,1.16669421709174
421,"hypotrachyna_laevigata","","AGG5_TS_QN","AGG5_TS_QN_L_20260713_141816900","high_conf",3,"foliose_chlorolichen","foliose","chlorolichen","foliose_chlorolichen",1,"AGG5_TS","qn","AGG5","Quercus_sp",124,"rough_b","high_impact",63.60475,39.47042588679,0.397669649512418,1.16669421709174
422,"ochrolechia_androgyna","","AGG5_TS_QN","AGG5_TS_QN_L_20260713_141816908","high_conf",4,"crustose_chlorolichen","crustose","chlorolichen","crustose_chlorolichen",0,"AGG5_TS","qn","AGG5","Quercus_sp",124,"rough_b","high_impact",63.60475,39.47042588679,0.397669649512418,1.16669421709174
423,"hypotrachyna_laevigata","","AGG5_TS_QE","AGG5_TS_QE_L_20260713_141816915","high_conf",5,"foliose_chlorolichen","foliose","chlorolichen","foliose_chlorolichen",1,"AGG5_TS","qe","AGG5","Quercus_sp",124,"rough_b","high_impact",63.60475,39.47042588679,0.397669649512418,1.16669421709174
424,"ochrolechia_androgyna","","AGG5_TS_QE","AGG5_TS_QE_L_20260713_141816923","med_conf",5,"crustose_chlorolichen","crustose","chlorolichen","crustose_chlorolichen",0,"AGG5_TS","qe","AGG5","Quercus_sp",124,"rough_b","high_impact",63.60475,39.47042588679,0.397669649512418,1.16669421709174
425,"lecanactis_abietina","","AGG5_TS_QE","AGG5_TS_QE_L_20260713_141816931","high_conf",5,"crustose_chlorolichen","crustose","chlorolichen","crustose_chlorolichen",0,"AGG5_TS","qe","AGG5","Quercus_sp",124,"rough_b","high_impact",63.60475,39.47042588679,0.397669649512418,1.16669421709174
426,"parmelia_sulcata","","AGG5_TS_QE","AGG5_TS_QE_L_20260713_141816931","med_conf",1,"foliose_chlorolichen","foliose","chlorolichen","foliose_chlorolichen",0,"AGG5_TS","qe","AGG5","Quercus_sp",124,"rough_b","high_impact",63.60475,39.47042588679,0.397669649512418,1.16669421709174
427,"cladonia_coniocraea","","AGG5_TS_QE","AGG5_TS_QE_L_20260713_141816946","high_conf",2,"foliose_chlorolichen","foliose","chlorolichen","foliose_chlorolichen",0,"AGG5_TS","qe","AGG5","Quercus_sp",124,"rough_b","high_impact",63.60475,39.47042588679,0.397669649512418,1.16669421709174
428,"ochrolechia_androgyna","","AGG5_TW_QE","AGG5_TW_QE_L_20260713_141816961","high_conf",5,"crustose_chlorolichen","crustose","chlorolichen","crustose_chlorolichen",0,"AGG5_TW","qe","AGG5","Quercus_sp",107,"rough_b","high_impact",63.60475,34.0591578216656,0.124279670695313,1.16669421709174
429,"lecanactis_abietina","","AGG5_TW_QE","AGG5_TW_QE_L_20260713_141816963","high_conf",5,"crustose_chlorolichen","crustose","chlorolichen","crustose_chlorolichen",0,"AGG5_TW","qe","AGG5","Quercus_sp",107,"rough_b","high_impact",63.60475,34.0591578216656,0.124279670695313,1.16669421709174
430,"cladonia_coniocraea","","AGG5_TW_QE","AGG5_TW_QE_L_20260713_141816963","high_conf",1,"foliose_chlorolichen","foliose","chlorolichen","foliose_chlorolichen",0,"AGG5_TW","qe","AGG5","Quercus_sp",107,"rough_b","high_impact",63.60475,34.0591578216656,0.124279670695313,1.16669421709174
431,"ochrolechia_androgyna","","AGG5_TW_QS","AGG5_TW_QS_L_20260713_141816979","high_conf",5,"crustose_chlorolichen","crustose","chlorolichen","crustose_chlorolichen",0,"AGG5_TW","qs","AGG5","Quercus_sp",107,"rough_b","high_impact",63.60475,34.0591578216656,0.124279670695313,1.16669421709174
432,"lecanactis_abietina","","AGG5_TW_QS","AGG5_TW_QS_L_20260713_141816994","high_conf",4,"crustose_chlorolichen","crustose","chlorolichen","crustose_chlorolichen",0,"AGG5_TW","qs","AGG5","Quercus_sp",107,"rough_b","high_impact",63.60475,34.0591578216656,0.124279670695313,1.16669421709174
433,"cladonia_sp","","AGG5_TW_QS","AGG5_TW_QS_L_20260713_141816994","high_conf",1,"squamulose_chlorolichen","squamulose","chlorolichen","squamulose_chlorolichen",0,"AGG5_TW","qs","AGG5","Quercus_sp",107,"rough_b","high_impact",63.60475,34.0591578216656,0.124279670695313,1.16669421709174
434,"ochrolechia_androgyna","","AGG5_TW_QW","AGG5_TW_QW_L_20260713_141817011","high_conf",5,"crustose_chlorolichen","crustose","chlorolichen","crustose_chlorolichen",0,"AGG5_TW","qw","AGG5","Quercus_sp",107,"rough_b","high_impact",63.60475,34.0591578216656,0.124279670695313,1.16669421709174
435,"lecanactis_abietina","","AGG5_TW_QW","AGG5_TW_QW_L_20260713_141817011","high_conf",1,"crustose_chlorolichen","crustose","chlorolichen","crustose_chlorolichen",0,"AGG5_TW","qw","AGG5","Quercus_sp",107,"rough_b","high_impact",63.60475,34.0591578216656,0.124279670695313,1.16669421709174
436,"cladonia_coniocraea","","AGG5_TW_QW","AGG5_TW_QW_L_20260713_141817026","high_conf",4,"foliose_chlorolichen","foliose","chlorolichen","foliose_chlorolichen",0,"AGG5_TW","qw","AGG5","Quercus_sp",107,"rough_b","high_impact",63.60475,34.0591578216656,0.124279670695313,1.16669421709174
437,"cladonia_coniocraea","","AGG5_TW_QN","AGG5_TW_QN_L_20260713_141817026","high_conf",5,"foliose_chlorolichen","foliose","chlorolichen","foliose_chlorolichen",0,"AGG5_TW","qn","AGG5","Quercus_sp",107,"rough_b","high_impact",63.60475,34.0591578216656,0.124279670695313,1.16669421709174
438,"usnea_cornuta_s._lat.","","AGG5_TW_QN","AGG5_TW_QN_L_20260713_141817042","high_conf",1,"fruticose_chlorolichen","fruticose","chlorolichen","fruticose_chlorolichen",1,"AGG5_TW","qn","AGG5","Quercus_sp",107,"rough_b","high_impact",63.60475,34.0591578216656,0.124279670695313,1.16669421709174
439,"hypotrachyna_laevigata","","AGG5_TW_QN","AGG5_TW_QN_L_20260713_141817042","high_conf",5,"foliose_chlorolichen","foliose","chlorolichen","foliose_chlorolichen",1,"AGG5_TW","qn","AGG5","Quercus_sp",107,"rough_b","high_impact",63.60475,34.0591578216656,0.124279670695313,1.16669421709174
440,"lecanactis_abietina","","AGG5_TW_QN","AGG5_TW_QN_L_20260713_141817058","high_conf",5,"crustose_chlorolichen","crustose","chlorolichen","crustose_chlorolichen",0,"AGG5_TW","qn","AGG5","Quercus_sp",107,"rough_b","high_impact",63.60475,34.0591578216656,0.124279670695313,1.16669421709174
441,"ochrolechia_androgyna","","AGG5_TW_QN","AGG5_TW_QN_L_20260713_141817058","high_conf",4,"crustose_chlorolichen","crustose","chlorolichen","crustose_chlorolichen",0,"AGG5_TW","qn","AGG5","Quercus_sp",107,"rough_b","high_impact",63.60475,34.0591578216656,0.124279670695313,1.16669421709174
442,"ochrolechia_androgyna","","ARI6_TW_QE","ARI6_TW_QE_L_20260713_141817073","high_conf",5,"crustose_chlorolichen","crustose","chlorolichen","crustose_chlorolichen",0,"ARI6_TW","qe","ARI6","Quercus_sp",138,"inter_b","low_impact",20.6165,43.9267642933631,0.622814337950034,-0.678089910366318
443,"normandina_pulchella","","ARI6_TW_QE","ARI6_TW_QE_L_20260713_141817089","high_conf",5,"squamulose_cyanolichen","squamulose","cyanolichen","squamulose_chlorolichen",1,"ARI6_TW","qe","ARI6","Quercus_sp",138,"inter_b","low_impact",20.6165,43.9267642933631,0.622814337950034,-0.678089910366318
444,"ochrolechia_androgyna","","ARI6_TW_QS","ARI6_TW_QS_L_20260713_141817089","high_conf",5,"crustose_chlorolichen","crustose","chlorolichen","crustose_chlorolichen",0,"ARI6_TW","qs","ARI6","Quercus_sp",138,"inter_b","low_impact",20.6165,43.9267642933631,0.622814337950034,-0.678089910366318
445,"thelotrema_lepadinum","","ARI6_TW_QS","ARI6_TW_QS_L_20260713_141817105","high_conf",1,"crustose_chlorolichen","crustose","chlorolichen","crustose_chlorolichen",1,"ARI6_TW","qs","ARI6","Quercus_sp",138,"inter_b","low_impact",20.6165,43.9267642933631,0.622814337950034,-0.678089910366318
446,"ochrolechia_androgyna","","ARI6_TW_QW","ARI6_TW_QW_L_20260713_141817105","high_conf",5,"crustose_chlorolichen","crustose","chlorolichen","crustose_chlorolichen",0,"ARI6_TW","qw","ARI6","Quercus_sp",138,"inter_b","low_impact",20.6165,43.9267642933631,0.622814337950034,-0.678089910366318
447,"normandina_pulchella","","ARI6_TW_QW","ARI6_TW_QW_L_20260713_141817121","high_conf",4,"squamulose_cyanolichen","squamulose","cyanolichen","squamulose_chlorolichen",1,"ARI6_TW","qw","ARI6","Quercus_sp",138,"inter_b","low_impact",20.6165,43.9267642933631,0.622814337950034,-0.678089910366318
448,"normandina_pulchella","","ARI6_TW_QN","ARI6_TW_QN_L_20260713_141817121","high_conf",2,"squamulose_cyanolichen","squamulose","cyanolichen","squamulose_chlorolichen",1,"ARI6_TW","qn","ARI6","Quercus_sp",138,"inter_b","low_impact",20.6165,43.9267642933631,0.622814337950034,-0.678089910366318
449,"ochrolechia_androgyna","","ARI6_TW_QN","ARI6_TW_QN_L_20260713_141817136","high_conf",1,"crustose_chlorolichen","crustose","chlorolichen","crustose_chlorolichen",0,"ARI6_TW","qn","ARI6","Quercus_sp",138,"inter_b","low_impact",20.6165,43.9267642933631,0.622814337950034,-0.678089910366318
450,"thelotrema_lepadinum","","ARI6_TN_QS","ARI6_TN_QS_L_20260713_141817136","high_conf",3,"crustose_chlorolichen","crustose","chlorolichen","crustose_chlorolichen",1,"ARI6_TN","qs","ARI6","Quercus_sp",131,"inter_b","low_impact",20.6165,41.6985950900766,0.510241993731226,-0.678089910366318
451,"ochrolechia_androgyna","","ARI6_TN_QS","ARI6_TN_QS_L_20260713_141817159","high_conf",5,"crustose_chlorolichen","crustose","chlorolichen","crustose_chlorolichen",0,"ARI6_TN","qs","ARI6","Quercus_sp",131,"inter_b","low_impact",20.6165,41.6985950900766,0.510241993731226,-0.678089910366318
452,"normandina_pulchella","","ARI6_TN_QS","ARI6_TN_QS_L_20260713_141817159","high_conf",4,"squamulose_cyanolichen","squamulose","cyanolichen","squamulose_chlorolichen",1,"ARI6_TN","qs","ARI6","Quercus_sp",131,"inter_b","low_impact",20.6165,41.6985950900766,0.510241993731226,-0.678089910366318
453,"cladonia_coniocraea","","ARI6_TN_QW","ARI6_TN_QW_L_20260713_141817168","high_conf",5,"foliose_chlorolichen","foliose","chlorolichen","foliose_chlorolichen",0,"ARI6_TN","qw","ARI6","Quercus_sp",131,"inter_b","low_impact",20.6165,41.6985950900766,0.510241993731226,-0.678089910366318
454,"ochrolechia_androgyna","","ARI6_TN_QW","ARI6_TN_QW_L_20260713_141817184","high_conf",2,"crustose_chlorolichen","crustose","chlorolichen","crustose_chlorolichen",0,"ARI6_TN","qw","ARI6","Quercus_sp",131,"inter_b","low_impact",20.6165,41.6985950900766,0.510241993731226,-0.678089910366318
455,"lepraria_sp","","ARI6_TN_QN","ARI6_TN_QN_L_20260713_141817186","med_conf",5,"leprose_chlorolichen","leprose","chlorolichen","leprose_chlorolichen",0,"ARI6_TN","qn","ARI6","Quercus_sp",131,"inter_b","low_impact",20.6165,41.6985950900766,0.510241993731226,-0.678089910366318
456,"cladonia_coniocraea","","ARI6_TN_QN","ARI6_TN_QN_L_20260713_141817200","med_conf",3,"foliose_chlorolichen","foliose","chlorolichen","foliose_chlorolichen",0,"ARI6_TN","qn","ARI6","Quercus_sp",131,"inter_b","low_impact",20.6165,41.6985950900766,0.510241993731226,-0.678089910366318
457,"ochrolechia_androgyna","","ARI6_TN_QN","ARI6_TN_QN_L_20260713_141817203","high_conf",2,"crustose_chlorolichen","crustose","chlorolichen","crustose_chlorolichen",0,"ARI6_TN","qn","ARI6","Quercus_sp",131,"inter_b","low_impact",20.6165,41.6985950900766,0.510241993731226,-0.678089910366318
458,"lepraria_sp","","ARI6_TN_QE","ARI6_TN_QE_L_20260713_141817216","med_conf",5,"leprose_chlorolichen","leprose","chlorolichen","leprose_chlorolichen",0,"ARI6_TN","qe","ARI6","Quercus_sp",131,"inter_b","low_impact",20.6165,41.6985950900766,0.510241993731226,-0.678089910366318
459,"ochrolechia_androgyna","","ARI6_TN_QE","ARI6_TN_QE_L_20260713_141817216","high_conf",5,"crustose_chlorolichen","crustose","chlorolichen","crustose_chlorolichen",0,"ARI6_TN","qe","ARI6","Quercus_sp",131,"inter_b","low_impact",20.6165,41.6985950900766,0.510241993731226,-0.678089910366318
460,"pectenia_atlantica","","ARI6_TS_QN","ARI6_TS_QN_L_20260713_141817232","high_conf",3,"foliose_cyanolichen","foliose","cyanolichen","foliose_cyanolichen",1,"ARI6_TS","qn","ARI6","Quercus_sp",151,"inter_b","low_impact",20.6165,48.0647928137524,0.831877262927821,-0.678089910366318
461,"lobarina_scrobiculata","","ARI6_TS_QN","ARI6_TS_QN_L_20260713_141817243","med_conf",4,"foliose_cyanolichen","foliose","cyanolichen","foliose_cyanolichen",1,"ARI6_TS","qn","ARI6","Quercus_sp",151,"inter_b","low_impact",20.6165,48.0647928137524,0.831877262927821,-0.678089910366318
462,"pectenia_plumbea_s._lat.","","ARI6_TS_QN","ARI6_TS_QN_L_20260713_141817248","high_conf",3,"foliose_cyanolichen","foliose","cyanolichen","foliose_cyanolichen",1,"ARI6_TS","qn","ARI6","Quercus_sp",151,"inter_b","low_impact",20.6165,48.0647928137524,0.831877262927821,-0.678089910366318
463,"ochrolechia_androgyna","","ARI6_TS_QN","ARI6_TS_QN_L_20260713_141817259","high_conf",4,"crustose_chlorolichen","crustose","chlorolichen","crustose_chlorolichen",0,"ARI6_TS","qn","ARI6","Quercus_sp",151,"inter_b","low_impact",20.6165,48.0647928137524,0.831877262927821,-0.678089910366318
464,"thelotrema_lepadinum","","ARI6_TS_QN","ARI6_TS_QN_L_20260713_141817264","high_conf",4,"crustose_chlorolichen","crustose","chlorolichen","crustose_chlorolichen",1,"ARI6_TS","qn","ARI6","Quercus_sp",151,"inter_b","low_impact",20.6165,48.0647928137524,0.831877262927821,-0.678089910366318
465,"pectenia_cyanoloma","","ARI6_TS_QE","ARI6_TS_QE_L_20260713_141817280","high_conf",5,"foliose_cyanolichen","foliose","cyanolichen","foliose_cyanolichen",1,"ARI6_TS","qe","ARI6","Quercus_sp",151,"inter_b","low_impact",20.6165,48.0647928137524,0.831877262927821,-0.678089910366318
466,"pectenia_atlantica","","ARI6_TS_QE","ARI6_TS_QE_L_20260713_141817280","high_conf",2,"foliose_cyanolichen","foliose","cyanolichen","foliose_cyanolichen",1,"ARI6_TS","qe","ARI6","Quercus_sp",151,"inter_b","low_impact",20.6165,48.0647928137524,0.831877262927821,-0.678089910366318
467,"pannaria_rubiginosa","","ARI6_TS_QE","ARI6_TS_QE_L_20260713_141817295","high_conf",1,"foliose_cyanolichen","foliose","cyanolichen","foliose_cyanolichen",1,"ARI6_TS","qe","ARI6","Quercus_sp",151,"inter_b","low_impact",20.6165,48.0647928137524,0.831877262927821,-0.678089910366318
468,"sticta_limbata","","ARI6_TS_QE","ARI6_TS_QE_L_20260713_141817295","high_conf",2,"foliose_cyanolichen","foliose","cyanolichen","foliose_cyanolichen",1,"ARI6_TS","qe","ARI6","Quercus_sp",151,"inter_b","low_impact",20.6165,48.0647928137524,0.831877262927821,-0.678089910366318
469,"ochrolechia_androgyna","","ARI6_TS_QE","ARI6_TS_QE_L_20260713_141817311","high_conf",5,"crustose_chlorolichen","crustose","chlorolichen","crustose_chlorolichen",0,"ARI6_TS","qe","ARI6","Quercus_sp",151,"inter_b","low_impact",20.6165,48.0647928137524,0.831877262927821,-0.678089910366318
470,"thelotrema_lepadinum","","ARI6_TS_QE","ARI6_TS_QE_L_20260713_141817311","high_conf",5,"crustose_chlorolichen","crustose","chlorolichen","crustose_chlorolichen",1,"ARI6_TS","qe","ARI6","Quercus_sp",151,"inter_b","low_impact",20.6165,48.0647928137524,0.831877262927821,-0.678089910366318
471,"hypotrachyna_laevigata","","ARI6_TS_QE","ARI6_TS_QE_L_20260713_141817327","high_conf",1,"foliose_chlorolichen","foliose","chlorolichen","foliose_chlorolichen",1,"ARI6_TS","qe","ARI6","Quercus_sp",151,"inter_b","low_impact",20.6165,48.0647928137524,0.831877262927821,-0.678089910366318
472,"normandina_pulchella","","ARI6_TS_QE","ARI6_TS_QE_L_20260713_141817327","high_conf",4,"squamulose_cyanolichen","squamulose","cyanolichen","squamulose_chlorolichen",1,"ARI6_TS","qe","ARI6","Quercus_sp",151,"inter_b","low_impact",20.6165,48.0647928137524,0.831877262927821,-0.678089910366318
473,"pectenia_atlantica","","ARI6_TS_QW","ARI6_TS_QW_L_20260713_141817343","high_conf",3,"foliose_cyanolichen","foliose","cyanolichen","foliose_cyanolichen",1,"ARI6_TS","qw","ARI6","Quercus_sp",151,"inter_b","low_impact",20.6165,48.0647928137524,0.831877262927821,-0.678089910366318
474,"thelotrema_lepadinum","","ARI6_TS_QW","ARI6_TS_QW_L_20260713_141817343","high_conf",4,"crustose_chlorolichen","crustose","chlorolichen","crustose_chlorolichen",1,"ARI6_TS","qw","ARI6","Quercus_sp",151,"inter_b","low_impact",20.6165,48.0647928137524,0.831877262927821,-0.678089910366318
475,"ochrolechia_androgyna","","ARI6_TS_QS","ARI6_TS_QS_L_20260713_141817359","high_conf",5,"crustose_chlorolichen","crustose","chlorolichen","crustose_chlorolichen",0,"ARI6_TS","qs","ARI6","Quercus_sp",151,"inter_b","low_impact",20.6165,48.0647928137524,0.831877262927821,-0.678089910366318
476,"pectenia_atlantica","","ARI6_TS_QS","ARI6_TS_QS_L_20260713_141817359","high_conf",4,"foliose_cyanolichen","foliose","cyanolichen","foliose_cyanolichen",1,"ARI6_TS","qs","ARI6","Quercus_sp",151,"inter_b","low_impact",20.6165,48.0647928137524,0.831877262927821,-0.678089910366318
477,"pannaria_rubiginosa","","ARI6_TS_QS","ARI6_TS_QS_L_20260713_141817375","high_conf",2,"foliose_cyanolichen","foliose","cyanolichen","foliose_cyanolichen",1,"ARI6_TS","qs","ARI6","Quercus_sp",151,"inter_b","low_impact",20.6165,48.0647928137524,0.831877262927821,-0.678089910366318
478,"cladonia_coniocraea","","ARI6_TS_QS","ARI6_TS_QS_L_20260713_141817391","high_conf",5,"foliose_chlorolichen","foliose","chlorolichen","foliose_chlorolichen",0,"ARI6_TS","qs","ARI6","Quercus_sp",151,"inter_b","low_impact",20.6165,48.0647928137524,0.831877262927821,-0.678089910366318
479,"ochrolechia_androgyna","","ARI6_TE_QS","ARI6_TE_QS_L_20260713_141817391","high_conf",5,"crustose_chlorolichen","crustose","chlorolichen","crustose_chlorolichen",0,"ARI6_TE","qs","ARI6","Fraxinus_excelsior",101,"rough_b","low_impact",20.6165,32.1492985045629,0.0277890899363346,-0.678089910366318
480,"cladonia_sp","","ARI6_TE_QS","ARI6_TE_QS_L_20260713_141817406","high_conf",2,"squamulose_chlorolichen","squamulose","chlorolichen","squamulose_chlorolichen",0,"ARI6_TE","qs","ARI6","Fraxinus_excelsior",101,"rough_b","low_impact",20.6165,32.1492985045629,0.0277890899363346,-0.678089910366318
481,"pectenia_atlantica","","ARI6_TE_QW","ARI6_TE_QW_L_20260713_141817406","high_conf",2,"foliose_cyanolichen","foliose","cyanolichen","foliose_cyanolichen",1,"ARI6_TE","qw","ARI6","Fraxinus_excelsior",101,"rough_b","low_impact",20.6165,32.1492985045629,0.0277890899363346,-0.678089910366318
482,"ochrolechia_androgyna","","ARI6_TE_QW","ARI6_TE_QW_L_20260713_141817423","high_conf",5,"crustose_chlorolichen","crustose","chlorolichen","crustose_chlorolichen",0,"ARI6_TE","qw","ARI6","Fraxinus_excelsior",101,"rough_b","low_impact",20.6165,32.1492985045629,0.0277890899363346,-0.678089910366318
483,"lecanactis_abietina","","ARI6_TE_QW","ARI6_TE_QW_L_20260713_141817423","med_conf",5,"crustose_chlorolichen","crustose","chlorolichen","crustose_chlorolichen",0,"ARI6_TE","qw","ARI6","Fraxinus_excelsior",101,"rough_b","low_impact",20.6165,32.1492985045629,0.0277890899363346,-0.678089910366318
484,"pertusaria_leioplaca","","ARI6_TE_QW","ARI6_TE_QW_L_20260713_141817446","low_conf",5,"crustose_chlorolichen","crustose","chlorolichen","crustose_chlorolichen",0,"ARI6_TE","qw","ARI6","Fraxinus_excelsior",101,"rough_b","low_impact",20.6165,32.1492985045629,0.0277890899363346,-0.678089910366318
485,"thelotrema_lepadinum","","ARI6_TE_QW","ARI6_TE_QW_L_20260713_141817446","high_conf",2,"crustose_chlorolichen","crustose","chlorolichen","crustose_chlorolichen",1,"ARI6_TE","qw","ARI6","Fraxinus_excelsior",101,"rough_b","low_impact",20.6165,32.1492985045629,0.0277890899363346,-0.678089910366318
486,"pannaria_rubiginosa","","ARI6_TE_QN","ARI6_TE_QN_L_20260713_141817459","high_conf",4,"foliose_cyanolichen","foliose","cyanolichen","foliose_cyanolichen",1,"ARI6_TE","qn","ARI6","Fraxinus_excelsior",101,"rough_b","low_impact",20.6165,32.1492985045629,0.0277890899363346,-0.678089910366318
487,"ochrolechia_androgyna","","ARI6_TE_QN","ARI6_TE_QN_L_20260713_141817459","high_conf",3,"crustose_chlorolichen","crustose","chlorolichen","crustose_chlorolichen",0,"ARI6_TE","qn","ARI6","Fraxinus_excelsior",101,"rough_b","low_impact",20.6165,32.1492985045629,0.0277890899363346,-0.678089910366318
488,"lepraria_sp","","ARI6_TE_QN","ARI6_TE_QN_L_20260713_141817470","med_conf",2,"leprose_chlorolichen","leprose","chlorolichen","leprose_chlorolichen",0,"ARI6_TE","qn","ARI6","Fraxinus_excelsior",101,"rough_b","low_impact",20.6165,32.1492985045629,0.0277890899363346,-0.678089910366318
489,"pertusaria_leioplaca","","ARI6_TE_QN","ARI6_TE_QN_L_20260713_141817486","med_conf",5,"crustose_chlorolichen","crustose","chlorolichen","crustose_chlorolichen",0,"ARI6_TE","qn","ARI6","Fraxinus_excelsior",101,"rough_b","low_impact",20.6165,32.1492985045629,0.0277890899363346,-0.678089910366318
490,"lecanactis_abietina","","ARI6_TE_QN","ARI6_TE_QN_L_20260713_141817487","med_conf",3,"crustose_chlorolichen","crustose","chlorolichen","crustose_chlorolichen",0,"ARI6_TE","qn","ARI6","Fraxinus_excelsior",101,"rough_b","low_impact",20.6165,32.1492985045629,0.0277890899363346,-0.678089910366318
491,"pannaria_rubiginosa","","ARI6_TE_QE","ARI6_TE_QE_L_20260713_141817502","high_conf",2,"foliose_cyanolichen","foliose","cyanolichen","foliose_cyanolichen",1,"ARI6_TE","qe","ARI6","Fraxinus_excelsior",101,"rough_b","low_impact",20.6165,32.1492985045629,0.0277890899363346,-0.678089910366318
492,"ochrolechia_androgyna","","ARI6_TE_QE","ARI6_TE_QE_L_20260713_141817502","high_conf",1,"crustose_chlorolichen","crustose","chlorolichen","crustose_chlorolichen",0,"ARI6_TE","qe","ARI6","Fraxinus_excelsior",101,"rough_b","low_impact",20.6165,32.1492985045629,0.0277890899363346,-0.678089910366318
493,"lepraria_sp","","ARI6_TE_QE","ARI6_TE_QE_L_20260713_141817518","med_conf",3,"leprose_chlorolichen","leprose","chlorolichen","leprose_chlorolichen",0,"ARI6_TE","qe","ARI6","Fraxinus_excelsior",101,"rough_b","low_impact",20.6165,32.1492985045629,0.0277890899363346,-0.678089910366318
494,"lecanactis_abietina","","ARI6_TE_QE","ARI6_TE_QE_L_20260713_141817518","med_conf",5,"crustose_chlorolichen","crustose","chlorolichen","crustose_chlorolichen",0,"ARI6_TE","qe","ARI6","Fraxinus_excelsior",101,"rough_b","low_impact",20.6165,32.1492985045629,0.0277890899363346,-0.678089910366318
495,"pectenia_atlantica","","ARI6_TE_QE","ARI6_TE_QE_L_20260713_141817534","med_conf",1,"foliose_cyanolichen","foliose","cyanolichen","foliose_cyanolichen",1,"ARI6_TE","qe","ARI6","Fraxinus_excelsior",101,"rough_b","low_impact",20.6165,32.1492985045629,0.0277890899363346,-0.678089910366318
496,"ochrolechia_androgyna","","ARI8_TE_QN","ARI8_TE_QN_L_20260713_141817534","high_conf",5,"crustose_chlorolichen","crustose","chlorolichen","crustose_chlorolichen",0,"ARI8_TE","qn","ARI8","Fraxinus_excelsior",288,"rough_b","medium_impact",46.32775,91.6732472209317,3.03507885692449,0.425274518218377
497,"thelotrema_lepadinum","","ARI8_TE_QN","ARI8_TE_QN_L_20260713_141817550","high_conf",4,"crustose_chlorolichen","crustose","chlorolichen","crustose_chlorolichen",1,"ARI8_TE","qn","ARI8","Fraxinus_excelsior",288,"rough_b","medium_impact",46.32775,91.6732472209317,3.03507885692449,0.425274518218377
498,"pectenia_atlantica","","ARI8_TE_QN","ARI8_TE_QN_L_20260713_141817559","high_conf",2,"foliose_cyanolichen","foliose","cyanolichen","foliose_cyanolichen",1,"ARI8_TE","qn","ARI8","Fraxinus_excelsior",288,"rough_b","medium_impact",46.32775,91.6732472209317,3.03507885692449,0.425274518218377
499,"pannaria_rubiginosa","","ARI8_TE_QN","ARI8_TE_QN_L_20260713_141817565","high_conf",1,"foliose_cyanolichen","foliose","cyanolichen","foliose_cyanolichen",1,"ARI8_TE","qn","ARI8","Fraxinus_excelsior",288,"rough_b","medium_impact",46.32775,91.6732472209317,3.03507885692449,0.425274518218377
500,"lobaria_pulmonaria","","ARI8_TE_QN","ARI8_TE_QN_L_20260713_141817581","high_conf",1,"foliose_cyanolichen","foliose","cyanolichen","foliose_cyanolichen",1,"ARI8_TE","qn","ARI8","Fraxinus_excelsior",288,"rough_b","medium_impact",46.32775,91.6732472209317,3.03507885692449,0.425274518218377
501,"ochrolechia_androgyna","","ARI8_TE_QE","ARI8_TE_QE_L_20260713_141817581","high_conf",4,"crustose_chlorolichen","crustose","chlorolichen","crustose_chlorolichen",0,"ARI8_TE","qe","ARI8","Fraxinus_excelsior",288,"rough_b","medium_impact",46.32775,91.6732472209317,3.03507885692449,0.425274518218377
502,"lecanactis_abietina","","ARI8_TE_QE","ARI8_TE_QE_L_20260713_141817597","high_conf",3,"crustose_chlorolichen","crustose","chlorolichen","crustose_chlorolichen",0,"ARI8_TE","qe","ARI8","Fraxinus_excelsior",288,"rough_b","medium_impact",46.32775,91.6732472209317,3.03507885692449,0.425274518218377
503,"lecidella_elaeochroma_f._elaeochroma","","ARI8_TE_QE","ARI8_TE_QE_L_20260713_141817597","high_conf",5,"crustose_chlorolichen","crustose","chlorolichen","crustose_chlorolichen",0,"ARI8_TE","qe","ARI8","Fraxinus_excelsior",288,"rough_b","medium_impact",46.32775,91.6732472209317,3.03507885692449,0.425274518218377
504,"normandina_pulchella","","ARI8_TE_QN","ARI8_TE_QN_L_20260713_141817613","high_conf",4,"squamulose_cyanolichen","squamulose","cyanolichen","squamulose_chlorolichen",1,"ARI8_TE","qn","ARI8","Fraxinus_excelsior",288,"rough_b","medium_impact",46.32775,91.6732472209317,3.03507885692449,0.425274518218377
505,"cladonia_sp","","ARI8_TE_QN","ARI8_TE_QN_L_20260713_141817629","med_conf",1,"squamulose_chlorolichen","squamulose","chlorolichen","squamulose_chlorolichen",0,"ARI8_TE","qn","ARI8","Fraxinus_excelsior",288,"rough_b","medium_impact",46.32775,91.6732472209317,3.03507885692449,0.425274518218377
506,"normandina_pulchella","","ARI8_TE_QS","ARI8_TE_QS_L_20260713_141817629","high_conf",5,"squamulose_cyanolichen","squamulose","cyanolichen","squamulose_chlorolichen",1,"ARI8_TE","qs","ARI8","Fraxinus_excelsior",288,"rough_b","medium_impact",46.32775,91.6732472209317,3.03507885692449,0.425274518218377
507,"lecanactis_abietina","","ARI8_TE_QS","ARI8_TE_QS_L_20260713_141817645","high_conf",5,"crustose_chlorolichen","crustose","chlorolichen","crustose_chlorolichen",0,"ARI8_TE","qs","ARI8","Fraxinus_excelsior",288,"rough_b","medium_impact",46.32775,91.6732472209317,3.03507885692449,0.425274518218377
508,"ochrolechia_androgyna","","ARI8_TE_QS","ARI8_TE_QS_L_20260713_141817661","high_conf",3,"crustose_chlorolichen","crustose","chlorolichen","crustose_chlorolichen",0,"ARI8_TE","qs","ARI8","Fraxinus_excelsior",288,"rough_b","medium_impact",46.32775,91.6732472209317,3.03507885692449,0.425274518218377
509,"lecidella_elaeochroma_f._elaeochroma","","ARI8_TE_QS","ARI8_TE_QS_L_20260713_141817676","med_conf",2,"crustose_chlorolichen","crustose","chlorolichen","crustose_chlorolichen",0,"ARI8_TE","qs","ARI8","Fraxinus_excelsior",288,"rough_b","medium_impact",46.32775,91.6732472209317,3.03507885692449,0.425274518218377
510,"ochrolechia_androgyna","","ARI8_TE_QW","ARI8_TE_QW_L_20260713_141817676","high_conf",5,"crustose_chlorolichen","crustose","chlorolichen","crustose_chlorolichen",0,"ARI8_TE","qw","ARI8","Fraxinus_excelsior",288,"rough_b","medium_impact",46.32775,91.6732472209317,3.03507885692449,0.425274518218377
511,"lobarina_scrobiculata","","ARI8_TE_QW","ARI8_TE_QW_L_20260713_141817692","high_conf",1,"foliose_cyanolichen","foliose","cyanolichen","foliose_cyanolichen",1,"ARI8_TE","qw","ARI8","Fraxinus_excelsior",288,"rough_b","medium_impact",46.32775,91.6732472209317,3.03507885692449,0.425274518218377
512,"parmelia_sulcata","","ARI8_TE_QW","ARI8_TE_QW_L_20260713_141817708","high_conf",1,"foliose_chlorolichen","foliose","chlorolichen","foliose_chlorolichen",0,"ARI8_TE","qw","ARI8","Fraxinus_excelsior",288,"rough_b","medium_impact",46.32775,91.6732472209317,3.03507885692449,0.425274518218377
513,"pectenia_cyanoloma","","ARI8_TE_QW","ARI8_TE_QW_L_20260713_141817708","high_conf",3,"foliose_cyanolichen","foliose","cyanolichen","foliose_cyanolichen",1,"ARI8_TE","qw","ARI8","Fraxinus_excelsior",288,"rough_b","medium_impact",46.32775,91.6732472209317,3.03507885692449,0.425274518218377
514,"pectenia_atlantica","","ARI8_TE_QW","ARI8_TE_QW_L_20260713_141817724","high_conf",5,"foliose_cyanolichen","foliose","cyanolichen","foliose_cyanolichen",1,"ARI8_TE","qw","ARI8","Fraxinus_excelsior",288,"rough_b","medium_impact",46.32775,91.6732472209317,3.03507885692449,0.425274518218377
515,"parmeliella_parvula","Dry dirt brown foliose or crustose lichen in TQ_QW_C4.","ARI8_TE_QW","ARI8_TE_QW_L_20260713_141817732","low_conf",1,"squamulose_cyanolichen","squamulose","cyanolichen","squamulose_cyanolichen",1,"ARI8_TE","qw","ARI8","Fraxinus_excelsior",288,"rough_b","medium_impact",46.32775,91.6732472209317,3.03507885692449,0.425274518218377
516,"thelotrema_macrosporum","","ARI8_TE_QW","ARI8_TE_QW_L_20260713_141817743","low_conf",4,"crustose_chlorolichen","crustose","chlorolichen","crustose_chlorolichen",1,"ARI8_TE","qw","ARI8","Fraxinus_excelsior",288,"rough_b","medium_impact",46.32775,91.6732472209317,3.03507885692449,0.425274518218377
517,"lobaria_pulmonaria","","ARI8_TN_QS","ARI8_TN_QS_L_20260713_141817743","high_conf",5,"foliose_cyanolichen","foliose","cyanolichen","foliose_cyanolichen",1,"ARI8_TN","qs","ARI8","Quercus_sp",149,"inter_b","medium_impact",46.32775,47.4281730413848,0.799713736008161,0.425274518218377
518,"parmelia_sulcata","","ARI8_TN_QS","ARI8_TN_QS_L_20260713_141817760","high_conf",5,"foliose_chlorolichen","foliose","chlorolichen","foliose_chlorolichen",0,"ARI8_TN","qs","ARI8","Quercus_sp",149,"inter_b","medium_impact",46.32775,47.4281730413848,0.799713736008161,0.425274518218377
519,"hypotrachyna_taylorensis","","ARI8_TN_QS","ARI8_TN_QS_L_20260713_141817770","med_conf",5,"foliose_chlorolichen","foliose","chlorolichen","foliose_chlorolichen",1,"ARI8_TN","qs","ARI8","Quercus_sp",149,"inter_b","medium_impact",46.32775,47.4281730413848,0.799713736008161,0.425274518218377
520,"ochrolechia_androgyna","","ARI8_TN_QS","ARI8_TN_QS_L_20260713_141817780","high_conf",5,"crustose_chlorolichen","crustose","chlorolichen","crustose_chlorolichen",0,"ARI8_TN","qs","ARI8","Quercus_sp",149,"inter_b","medium_impact",46.32775,47.4281730413848,0.799713736008161,0.425274518218377
521,"parmelia_sulcata","","ARI8_TN_QE","ARI8_TN_QE_L_20260713_141817787","high_conf",4,"foliose_chlorolichen","foliose","chlorolichen","foliose_chlorolichen",0,"ARI8_TN","qe","ARI8","Quercus_sp",149,"inter_b","medium_impact",46.32775,47.4281730413848,0.799713736008161,0.425274518218377
522,"ochrolechia_androgyna","","ARI8_TN_QE","ARI8_TN_QE_L_20260713_141817787","high_conf",4,"crustose_chlorolichen","crustose","chlorolichen","crustose_chlorolichen",0,"ARI8_TN","qe","ARI8","Quercus_sp",149,"inter_b","medium_impact",46.32775,47.4281730413848,0.799713736008161,0.425274518218377
523,"lepraria_sp","","ARI8_TN_QE","ARI8_TN_QE_L_20260713_141817803","med_conf",3,"leprose_chlorolichen","leprose","chlorolichen","leprose_chlorolichen",0,"ARI8_TN","qe","ARI8","Quercus_sp",149,"inter_b","medium_impact",46.32775,47.4281730413848,0.799713736008161,0.425274518218377
524,"cladonia_sp","","ARI8_TN_QE","ARI8_TN_QE_L_20260713_141817803","high_conf",1,"squamulose_chlorolichen","squamulose","chlorolichen","squamulose_chlorolichen",0,"ARI8_TN","qe","ARI8","Quercus_sp",149,"inter_b","medium_impact",46.32775,47.4281730413848,0.799713736008161,0.425274518218377
525,"melanelixia_subaurifera","","ARI8_TN_QE","ARI8_TN_QE_L_20260713_141817819","high_conf",1,"foliose_chlorolichen","foliose","chlorolichen","foliose_chlorolichen",0,"ARI8_TN","qe","ARI8","Quercus_sp",149,"inter_b","medium_impact",46.32775,47.4281730413848,0.799713736008161,0.425274518218377
526,"lobaria_pulmonaria","","ARI8_TN_QN","ARI8_TN_QN_L_20260713_141817819","high_conf",4,"foliose_cyanolichen","foliose","cyanolichen","foliose_cyanolichen",1,"ARI8_TN","qn","ARI8","Quercus_sp",149,"inter_b","medium_impact",46.32775,47.4281730413848,0.799713736008161,0.425274518218377
527,"ochrolechia_androgyna","","ARI8_TN_QN","ARI8_TN_QN_L_20260713_141817835","high_conf",5,"crustose_chlorolichen","crustose","chlorolichen","crustose_chlorolichen",0,"ARI8_TN","qn","ARI8","Quercus_sp",149,"inter_b","medium_impact",46.32775,47.4281730413848,0.799713736008161,0.425274518218377
528,"parmelia_sulcata","","ARI8_TN_QN","ARI8_TN_QN_L_20260713_141817835","high_conf",4,"foliose_chlorolichen","foliose","chlorolichen","foliose_chlorolichen",0,"ARI8_TN","qn","ARI8","Quercus_sp",149,"inter_b","medium_impact",46.32775,47.4281730413848,0.799713736008161,0.425274518218377
529,"hypotrachyna_taylorensis","","ARI8_TN_QN","ARI8_TN_QN_L_20260713_141817851","high_conf",2,"foliose_chlorolichen","foliose","chlorolichen","foliose_chlorolichen",1,"ARI8_TN","qn","ARI8","Quercus_sp",149,"inter_b","medium_impact",46.32775,47.4281730413848,0.799713736008161,0.425274518218377
530,"cladonia_sp","Squamulose","ARI8_TN_QN","ARI8_TN_QN_L_20260713_141817860","med_conf",2,"squamulose_chlorolichen","squamulose","chlorolichen","squamulose_chlorolichen",0,"ARI8_TN","qn","ARI8","Quercus_sp",149,"inter_b","medium_impact",46.32775,47.4281730413848,0.799713736008161,0.425274518218377
531,"lobaria_pulmonaria","","ARI8_TN_QW","ARI8_TN_QW_L_20260713_141817867","high_conf",5,"foliose_cyanolichen","foliose","cyanolichen","foliose_cyanolichen",1,"ARI8_TN","qw","ARI8","Quercus_sp",149,"inter_b","medium_impact",46.32775,47.4281730413848,0.799713736008161,0.425274518218377
532,"hypotrachyna_taylorensis","","ARI8_TN_QW","ARI8_TN_QW_L_20260713_141817883","med_conf",5,"foliose_chlorolichen","foliose","chlorolichen","foliose_chlorolichen",1,"ARI8_TN","qw","ARI8","Quercus_sp",149,"inter_b","medium_impact",46.32775,47.4281730413848,0.799713736008161,0.425274518218377
533,"parmelia_sulcata","","ARI8_TN_QW","ARI8_TN_QW_L_20260713_141817883","med_conf",2,"foliose_chlorolichen","foliose","chlorolichen","foliose_chlorolichen",0,"ARI8_TN","qw","ARI8","Quercus_sp",149,"inter_b","medium_impact",46.32775,47.4281730413848,0.799713736008161,0.425274518218377
534,"ochrolechia_parella","","ARI8_TN_QW","ARI8_TN_QW_L_20260713_141817898","med_conf",5,"crustose_chlorolichen","crustose","chlorolichen","crustose_chlorolichen",0,"ARI8_TN","qw","ARI8","Quercus_sp",149,"inter_b","medium_impact",46.32775,47.4281730413848,0.799713736008161,0.425274518218377
535,"lecidella_elaeochroma_f._elaeochroma","","ARI8_TN_QW","ARI8_TN_QW_L_20260713_141817898","low_conf",2,"crustose_chlorolichen","crustose","chlorolichen","crustose_chlorolichen",0,"ARI8_TN","qw","ARI8","Quercus_sp",149,"inter_b","medium_impact",46.32775,47.4281730413848,0.799713736008161,0.425274518218377
536,"melanelixia_subaurifera","","ARI8_TN_QW","ARI8_TN_QW_L_20260713_141817914","high_conf",1,"foliose_chlorolichen","foliose","chlorolichen","foliose_chlorolichen",0,"ARI8_TN","qw","ARI8","Quercus_sp",149,"inter_b","medium_impact",46.32775,47.4281730413848,0.799713736008161,0.425274518218377
537,"ricasolia_virens","","ARI8_TS_QN","ARI8_TS_QN_L_20260713_141817914","high_conf",2,"foliose_cyanolichen","foliose","cyanolichen","foliose_cyanolichen",1,"ARI8_TS","qn","ARI8","Quercus_sp",210,"rough_b","medium_impact",46.32775,66.845076098596,1.78070130705777,0.425274518218377
538,"ochrolechia_androgyna","","ARI8_TS_QN","ARI8_TS_QN_L_20260713_141817930","high_conf",1,"crustose_chlorolichen","crustose","chlorolichen","crustose_chlorolichen",0,"ARI8_TS","qn","ARI8","Quercus_sp",210,"rough_b","medium_impact",46.32775,66.845076098596,1.78070130705777,0.425274518218377
539,"pectenia_cyanoloma","","ARI8_TS_QN","ARI8_TS_QN_L_20260713_141817930","high_conf",4,"foliose_cyanolichen","foliose","cyanolichen","foliose_cyanolichen",1,"ARI8_TS","qn","ARI8","Quercus_sp",210,"rough_b","medium_impact",46.32775,66.845076098596,1.78070130705777,0.425274518218377
540,"ochrolechia_androgyna","","ARI8_TS_QW","ARI8_TS_QW_L_20260713_141817946","high_conf",5,"crustose_chlorolichen","crustose","chlorolichen","crustose_chlorolichen",0,"ARI8_TS","qw","ARI8","Quercus_sp",210,"rough_b","medium_impact",46.32775,66.845076098596,1.78070130705777,0.425274518218377
541,"lepraria_sp","","ARI8_TS_QW","ARI8_TS_QW_L_20260713_141817962","med_conf",1,"leprose_chlorolichen","leprose","chlorolichen","leprose_chlorolichen",0,"ARI8_TS","qw","ARI8","Quercus_sp",210,"rough_b","medium_impact",46.32775,66.845076098596,1.78070130705777,0.425274518218377
542,"pectenia_plumbea_s._lat.","","ARI8_TS_QW","ARI8_TS_QW_L_20260713_141817962","med_conf",1,"foliose_cyanolichen","foliose","cyanolichen","foliose_cyanolichen",1,"ARI8_TS","qw","ARI8","Quercus_sp",210,"rough_b","medium_impact",46.32775,66.845076098596,1.78070130705777,0.425274518218377
543,"ochrolechia_androgyna","","ARI8_TS_QS","ARI8_TS_QS_L_20260713_141817978","high_conf",5,"crustose_chlorolichen","crustose","chlorolichen","crustose_chlorolichen",0,"ARI8_TS","qs","ARI8","Quercus_sp",210,"rough_b","medium_impact",46.32775,66.845076098596,1.78070130705777,0.425274518218377
544,"hypotrachyna_taylorensis","","ARI8_TS_QS","ARI8_TS_QS_L_20260713_141817978","med_conf",2,"foliose_chlorolichen","foliose","chlorolichen","foliose_chlorolichen",1,"ARI8_TS","qs","ARI8","Quercus_sp",210,"rough_b","medium_impact",46.32775,66.845076098596,1.78070130705777,0.425274518218377
545,"lecidella_elaeochroma_f._elaeochroma","","ARI8_TS_QS","ARI8_TS_QS_L_20260713_141817994","med_conf",3,"crustose_chlorolichen","crustose","chlorolichen","crustose_chlorolichen",0,"ARI8_TS","qs","ARI8","Quercus_sp",210,"rough_b","medium_impact",46.32775,66.845076098596,1.78070130705777,0.425274518218377
546,"hypotrachyna_taylorensis","","ARI8_TS_QE","ARI8_TS_QE_L_20260713_141817994","med_conf",5,"foliose_chlorolichen","foliose","chlorolichen","foliose_chlorolichen",1,"ARI8_TS","qe","ARI8","Quercus_sp",210,"rough_b","medium_impact",46.32775,66.845076098596,1.78070130705777,0.425274518218377
547,"ochrolechia_androgyna","","ARI8_TS_QE","ARI8_TS_QE_L_20260713_141818010","high_conf",5,"crustose_chlorolichen","crustose","chlorolichen","crustose_chlorolichen",0,"ARI8_TS","qe","ARI8","Quercus_sp",210,"rough_b","medium_impact",46.32775,66.845076098596,1.78070130705777,0.425274518218377
548,"cladonia_sp","","ARI8_TS_QE","ARI8_TS_QE_L_20260713_141818010","med_conf",3,"squamulose_chlorolichen","squamulose","chlorolichen","squamulose_chlorolichen",0,"ARI8_TS","qe","ARI8","Quercus_sp",210,"rough_b","medium_impact",46.32775,66.845076098596,1.78070130705777,0.425274518218377
549,"lobaria_pulmonaria","","ARI8_TW_QE","ARI8_TW_QE_L_20260713_141818025","high_conf",2,"foliose_cyanolichen","foliose","cyanolichen","foliose_cyanolichen",1,"ARI8_TW","qe","ARI8","Quercus_sp",201,"inter_b","medium_impact",46.32775,63.9802871229419,1.63596543591931,0.425274518218377
550,"hypotrachyna_taylorensis","","ARI8_TW_QE","ARI8_TW_QE_L_20260713_141818025","med_conf",2,"foliose_chlorolichen","foliose","chlorolichen","foliose_chlorolichen",1,"ARI8_TW","qe","ARI8","Quercus_sp",201,"inter_b","medium_impact",46.32775,63.9802871229419,1.63596543591931,0.425274518218377
551,"cladonia_coniocraea","","ARI8_TW_QE","ARI8_TW_QE_L_20260713_141818041","high_conf",3,"foliose_chlorolichen","foliose","chlorolichen","foliose_chlorolichen",0,"ARI8_TW","qe","ARI8","Quercus_sp",201,"inter_b","medium_impact",46.32775,63.9802871229419,1.63596543591931,0.425274518218377
552,"lobaria_pulmonaria","","ARI8_TW_QN","ARI8_TW_QN_L_20260713_141818057","high_conf",1,"foliose_cyanolichen","foliose","cyanolichen","foliose_cyanolichen",1,"ARI8_TW","qn","ARI8","Quercus_sp",201,"inter_b","medium_impact",46.32775,63.9802871229419,1.63596543591931,0.425274518218377
553,"cladonia_coniocraea","","ARI8_TW_QN","ARI8_TW_QN_L_20260713_141818061","high_conf",4,"foliose_chlorolichen","foliose","chlorolichen","foliose_chlorolichen",0,"ARI8_TW","qn","ARI8","Quercus_sp",201,"inter_b","medium_impact",46.32775,63.9802871229419,1.63596543591931,0.425274518218377
554,"ochrolechia_androgyna","","ARI8_TW_QN","ARI8_TW_QN_L_20260713_141818073","high_conf",2,"crustose_chlorolichen","crustose","chlorolichen","crustose_chlorolichen",0,"ARI8_TW","qn","ARI8","Quercus_sp",201,"inter_b","medium_impact",46.32775,63.9802871229419,1.63596543591931,0.425274518218377
555,"parmelia_sulcata","","ARI8_TW_QN","ARI8_TW_QN_L_20260713_141818073","high_conf",4,"foliose_chlorolichen","foliose","chlorolichen","foliose_chlorolichen",0,"ARI8_TW","qn","ARI8","Quercus_sp",201,"inter_b","medium_impact",46.32775,63.9802871229419,1.63596543591931,0.425274518218377
556,"lobaria_pulmonaria","","ARI8_TW_QW","ARI8_TW_QW_L_20260713_141818088","high_conf",5,"foliose_cyanolichen","foliose","cyanolichen","foliose_cyanolichen",1,"ARI8_TW","qw","ARI8","Quercus_sp",201,"inter_b","medium_impact",46.32775,63.9802871229419,1.63596543591931,0.425274518218377
557,"ochrolechia_androgyna","","ARI8_TW_QW","ARI8_TW_QW_L_20260713_141818088","high_conf",5,"crustose_chlorolichen","crustose","chlorolichen","crustose_chlorolichen",0,"ARI8_TW","qw","ARI8","Quercus_sp",201,"inter_b","medium_impact",46.32775,63.9802871229419,1.63596543591931,0.425274518218377
558,"ricasolia_virens","","ARI8_TW_QW","ARI8_TW_QW_L_20260713_141818109","high_conf",1,"foliose_cyanolichen","foliose","cyanolichen","foliose_cyanolichen",1,"ARI8_TW","qw","ARI8","Quercus_sp",201,"inter_b","medium_impact",46.32775,63.9802871229419,1.63596543591931,0.425274518218377
559,"lobaria_pulmonaria","","ARI8_TW_QS","ARI8_TW_QS_L_20260713_141818114","high_conf",5,"foliose_cyanolichen","foliose","cyanolichen","foliose_cyanolichen",1,"ARI8_TW","qs","ARI8","Quercus_sp",201,"inter_b","medium_impact",46.32775,63.9802871229419,1.63596543591931,0.425274518218377
560,"ochrolechia_androgyna","","ARI8_TW_QS","ARI8_TW_QS_L_20260713_141818120","high_conf",3,"crustose_chlorolichen","crustose","chlorolichen","crustose_chlorolichen",0,"ARI8_TW","qs","ARI8","Quercus_sp",201,"inter_b","medium_impact",46.32775,63.9802871229419,1.63596543591931,0.425274518218377
561,"normandina_pulchella","","ARI8_TW_QS","ARI8_TW_QS_L_20260713_141818120","high_conf",1,"squamulose_cyanolichen","squamulose","cyanolichen","squamulose_chlorolichen",1,"ARI8_TW","qs","ARI8","Quercus_sp",201,"inter_b","medium_impact",46.32775,63.9802871229419,1.63596543591931,0.425274518218377
562,"thelotrema_lepadinum","","ARI8_TW_QS","ARI8_TW_QS_L_20260713_141818136","med_conf",1,"crustose_chlorolichen","crustose","chlorolichen","crustose_chlorolichen",1,"ARI8_TW","qs","ARI8","Quercus_sp",201,"inter_b","medium_impact",46.32775,63.9802871229419,1.63596543591931,0.425274518218377
563,"ochrolechia_tartarea","","ARI8_TW_QS","ARI8_TW_QS_L_20260713_142837303","high_conf",5,"crustose_chlorolichen","crustose","chlorolichen","crustose_chlorolichen",1,"ARI8_TW","qs","ARI8","Quercus_sp",201,"inter_b","medium_impact",46.32775,63.9802871229419,1.63596543591931,0.425274518218377
564,"lobaria_pulmonaria","","RR1_TE_QW","RR1_TE_QW_L_20260713_141818151","high_conf",5,"foliose_cyanolichen","foliose","cyanolichen","foliose_cyanolichen",1,"RR1_TE","qw","RR1","Quercus_sp",156,"rough_b","high_impact",87.011,49.6563422446713,0.912286080226969,2.17114260667064
565,"parmelia_sulcata","","RR1_TE_QW","RR1_TE_QW_L_20260713_141818167","high_conf",1,"foliose_chlorolichen","foliose","chlorolichen","foliose_chlorolichen",0,"RR1_TE","qw","RR1","Quercus_sp",156,"rough_b","high_impact",87.011,49.6563422446713,0.912286080226969,2.17114260667064
566,"ochrolechia_androgyna","","RR1_TE_QW","RR1_TE_QW_L_20260713_141818167","med_conf",2,"crustose_chlorolichen","crustose","chlorolichen","crustose_chlorolichen",0,"RR1_TE","qw","RR1","Quercus_sp",156,"rough_b","high_impact",87.011,49.6563422446713,0.912286080226969,2.17114260667064
567,"diarthonis_spadicea","","RR1_TE_QW","RR1_TE_QW_L_20260713_141818183","med_conf",5,"crustose_chlorolichen","crustose","chlorolichen","crustose_chlorolichen",0,"RR1_TE","qw","RR1","Quercus_sp",156,"rough_b","high_impact",87.011,49.6563422446713,0.912286080226969,2.17114260667064
568,"lobaria_pulmonaria","","RR1_TE_QN","RR1_TE_QN_L_20260713_141818183","high_conf",5,"foliose_cyanolichen","foliose","cyanolichen","foliose_cyanolichen",1,"RR1_TE","qn","RR1","Quercus_sp",156,"rough_b","high_impact",87.011,49.6563422446713,0.912286080226969,2.17114260667064
569,"ochrolechia_androgyna","","RR1_TE_QN","RR1_TE_QN_L_20260713_141818199","high_conf",2,"crustose_chlorolichen","crustose","chlorolichen","crustose_chlorolichen",0,"RR1_TE","qn","RR1","Quercus_sp",156,"rough_b","high_impact",87.011,49.6563422446713,0.912286080226969,2.17114260667064
570,"parmelia_sulcata","","RR1_TE_QN","RR1_TE_QN_L_20260713_141818215","high_conf",3,"foliose_chlorolichen","foliose","chlorolichen","foliose_chlorolichen",0,"RR1_TE","qn","RR1","Quercus_sp",156,"rough_b","high_impact",87.011,49.6563422446713,0.912286080226969,2.17114260667064
571,"cladonia_sp","","RR1_TE_QN","RR1_TE_QN_L_20260713_141818215","high_conf",2,"squamulose_chlorolichen","squamulose","chlorolichen","squamulose_chlorolichen",0,"RR1_TE","qn","RR1","Quercus_sp",156,"rough_b","high_impact",87.011,49.6563422446713,0.912286080226969,2.17114260667064
572,"lepraria_sp","","RR1_TE_QN","RR1_TE_QN_L_20260713_141818231","med_conf",2,"leprose_chlorolichen","leprose","chlorolichen","leprose_chlorolichen",0,"RR1_TE","qn","RR1","Quercus_sp",156,"rough_b","high_impact",87.011,49.6563422446713,0.912286080226969,2.17114260667064
573,"lobaria_pulmonaria","","RR1_TE_QS","RR1_TE_QS_L_20260713_141818231","high_conf",5,"foliose_cyanolichen","foliose","cyanolichen","foliose_cyanolichen",1,"RR1_TE","qs","RR1","Quercus_sp",156,"rough_b","high_impact",87.011,49.6563422446713,0.912286080226969,2.17114260667064
574,"parmelia_sulcata","","RR1_TE_QS","RR1_TE_QS_L_20260713_141818247","high_conf",2,"foliose_chlorolichen","foliose","chlorolichen","foliose_chlorolichen",0,"RR1_TE","qs","RR1","Quercus_sp",156,"rough_b","high_impact",87.011,49.6563422446713,0.912286080226969,2.17114260667064
575,"ochrolechia_androgyna","","RR1_TE_QS","RR1_TE_QS_L_20260713_141818247","high_conf",5,"crustose_chlorolichen","crustose","chlorolichen","crustose_chlorolichen",0,"RR1_TE","qs","RR1","Quercus_sp",156,"rough_b","high_impact",87.011,49.6563422446713,0.912286080226969,2.17114260667064
576,"lobaria_pulmonaria","","RR1_TE_QE","RR1_TE_QE_L_20260713_141818263","high_conf",2,"foliose_cyanolichen","foliose","cyanolichen","foliose_cyanolichen",1,"RR1_TE","qe","RR1","Quercus_sp",156,"rough_b","high_impact",87.011,49.6563422446713,0.912286080226969,2.17114260667064
577,"parmelia_sulcata","","RR1_TE_QE","RR1_TE_QE_L_20260713_141818279","high_conf",3,"foliose_chlorolichen","foliose","chlorolichen","foliose_chlorolichen",0,"RR1_TE","qe","RR1","Quercus_sp",156,"rough_b","high_impact",87.011,49.6563422446713,0.912286080226969,2.17114260667064
578,"cladonia_sp","","RR1_TE_QE","RR1_TE_QE_L_20260713_141818281","high_conf",2,"squamulose_chlorolichen","squamulose","chlorolichen","squamulose_chlorolichen",0,"RR1_TE","qe","RR1","Quercus_sp",156,"rough_b","high_impact",87.011,49.6563422446713,0.912286080226969,2.17114260667064
579,"diarthonis_spadicea","","RR1_TE_QE","RR1_TE_QE_L_20260713_141818294","low_conf",1,"crustose_chlorolichen","crustose","chlorolichen","crustose_chlorolichen",0,"RR1_TE","qe","RR1","Quercus_sp",156,"rough_b","high_impact",87.011,49.6563422446713,0.912286080226969,2.17114260667064
580,"lecanactis_abietina","","RR1_TE_QE","RR1_TE_QE_L_20260713_141818294","med_conf",5,"crustose_chlorolichen","crustose","chlorolichen","crustose_chlorolichen",0,"RR1_TE","qe","RR1","Quercus_sp",156,"rough_b","high_impact",87.011,49.6563422446713,0.912286080226969,2.17114260667064
581,"eopyrenula_grandicula","","RR1_TN_QE","RR1_TN_QE_L_20260713_141818310","med_conf",5,"crustose_chlorolichen","crustose","chlorolichen","crustose_chlorolichen",0,"RR1_TN","qe","RR1","Betula_sp",66,"inter_b","high_impact",87.011,21.0084524881302,-0.535072631157706,2.17114260667064
582,"eopyrenula_grandicula","","RR1_TN_QS","RR1_TN_QS_L_20260713_141818320","med_conf",5,"crustose_chlorolichen","crustose","chlorolichen","crustose_chlorolichen",0,"RR1_TN","qs","RR1","Betula_sp",66,"inter_b","high_impact",87.011,21.0084524881302,-0.535072631157706,2.17114260667064
583,"eopyrenula_grandicula","","RR1_TN_QW","RR1_TN_QW_L_20260713_141818326","med_conf",5,"crustose_chlorolichen","crustose","chlorolichen","crustose_chlorolichen",0,"RR1_TN","qw","RR1","Betula_sp",66,"inter_b","high_impact",87.011,21.0084524881302,-0.535072631157706,2.17114260667064
584,"hypotrachyna_laevigata","","RR1_TN_QW","RR1_TN_QW_L_20260713_141818326","med_conf",1,"foliose_chlorolichen","foliose","chlorolichen","foliose_chlorolichen",1,"RR1_TN","qw","RR1","Betula_sp",66,"inter_b","high_impact",87.011,21.0084524881302,-0.535072631157706,2.17114260667064
585,"eopyrenula_grandicula","","RR1_TN_QN","RR1_TN_QN_L_20260713_141818342","med_conf",5,"crustose_chlorolichen","crustose","chlorolichen","crustose_chlorolichen",0,"RR1_TN","qn","RR1","Betula_sp",66,"inter_b","high_impact",87.011,21.0084524881302,-0.535072631157706,2.17114260667064
586,"hypotrachyna_laevigata","","RR1_TN_QN","RR1_TN_QN_L_20260713_141818358","med_conf",1,"foliose_chlorolichen","foliose","chlorolichen","foliose_chlorolichen",1,"RR1_TN","qn","RR1","Betula_sp",66,"inter_b","high_impact",87.011,21.0084524881302,-0.535072631157706,2.17114260667064
587,"ochrolechia_androgyna","","RR1_TS_QN","RR1_TS_QN_L_20260713_141818361","high_conf",5,"crustose_chlorolichen","crustose","chlorolichen","crustose_chlorolichen",0,"RR1_TS","qn","RR1","Quercus_sp",153,"rough_b","high_impact",87.011,48.70141258612,0.86404078984748,2.17114260667064
588,"lecanactis_abietina","","RR1_TS_QN","RR1_TS_QN_L_20260713_141818374","med_conf",5,"crustose_chlorolichen","crustose","chlorolichen","crustose_chlorolichen",0,"RR1_TS","qn","RR1","Quercus_sp",153,"rough_b","high_impact",87.011,48.70141258612,0.86404078984748,2.17114260667064
589,"lecanactis_abietina","","RR1_TS_QE","RR1_TS_QE_L_20260713_141818374","med_conf",5,"crustose_chlorolichen","crustose","chlorolichen","crustose_chlorolichen",0,"RR1_TS","qe","RR1","Quercus_sp",153,"rough_b","high_impact",87.011,48.70141258612,0.86404078984748,2.17114260667064
590,"cladonia_coniocraea","","RR1_TS_QE","RR1_TS_QE_L_20260713_141818390","high_conf",2,"foliose_chlorolichen","foliose","chlorolichen","foliose_chlorolichen",0,"RR1_TS","qe","RR1","Quercus_sp",153,"rough_b","high_impact",87.011,48.70141258612,0.86404078984748,2.17114260667064
591,"normandina_pulchella","","RR1_TS_QE","RR1_TS_QE_L_20260713_141818390","high_conf",2,"squamulose_cyanolichen","squamulose","cyanolichen","squamulose_chlorolichen",1,"RR1_TS","qe","RR1","Quercus_sp",153,"rough_b","high_impact",87.011,48.70141258612,0.86404078984748,2.17114260667064
592,"ochrolechia_androgyna","","RR1_TS_QE","RR1_TS_QE_L_20260713_141818406","high_conf",2,"crustose_chlorolichen","crustose","chlorolichen","crustose_chlorolichen",0,"RR1_TS","qe","RR1","Quercus_sp",153,"rough_b","high_impact",87.011,48.70141258612,0.86404078984748,2.17114260667064
593,"lecanactis_abietina","","RR1_TS_QS","RR1_TS_QS_L_20260713_141818406","med_conf",5,"crustose_chlorolichen","crustose","chlorolichen","crustose_chlorolichen",0,"RR1_TS","qs","RR1","Quercus_sp",153,"rough_b","high_impact",87.011,48.70141258612,0.86404078984748,2.17114260667064
594,"cladonia_coniocraea","","RR1_TS_QS","RR1_TS_QS_L_20260713_141818421","high_conf",4,"foliose_chlorolichen","foliose","chlorolichen","foliose_chlorolichen",0,"RR1_TS","qs","RR1","Quercus_sp",153,"rough_b","high_impact",87.011,48.70141258612,0.86404078984748,2.17114260667064
595,"ochrolechia_androgyna","","RR1_TS_QS","RR1_TS_QS_L_20260713_141818431","high_conf",4,"crustose_chlorolichen","crustose","chlorolichen","crustose_chlorolichen",0,"RR1_TS","qs","RR1","Quercus_sp",153,"rough_b","high_impact",87.011,48.70141258612,0.86404078984748,2.17114260667064
596,"parmelia_sulcata","","RR1_TS_QS","RR1_TS_QS_L_20260713_141818439","high_conf",3,"foliose_chlorolichen","foliose","chlorolichen","foliose_chlorolichen",0,"RR1_TS","qs","RR1","Quercus_sp",153,"rough_b","high_impact",87.011,48.70141258612,0.86404078984748,2.17114260667064
597,"parmelia_sulcata","","RR1_TS_QW","RR1_TS_QW_L_20260713_141818439","high_conf",4,"foliose_chlorolichen","foliose","chlorolichen","foliose_chlorolichen",0,"RR1_TS","qw","RR1","Quercus_sp",153,"rough_b","high_impact",87.011,48.70141258612,0.86404078984748,2.17114260667064
598,"ochrolechia_androgyna","","RR1_TS_QW","RR1_TS_QW_L_20260713_141818454","high_conf",5,"crustose_chlorolichen","crustose","chlorolichen","crustose_chlorolichen",0,"RR1_TS","qw","RR1","Quercus_sp",153,"rough_b","high_impact",87.011,48.70141258612,0.86404078984748,2.17114260667064
599,"lecanactis_abietina","","RR1_TS_QW","RR1_TS_QW_L_20260713_141818461","med_conf",3,"crustose_chlorolichen","crustose","chlorolichen","crustose_chlorolichen",0,"RR1_TS","qw","RR1","Quercus_sp",153,"rough_b","high_impact",87.011,48.70141258612,0.86404078984748,2.17114260667064
600,"cladonia_coniocraea","","RR1_TS_QW","RR1_TS_QW_L_20260713_141818471","high_conf",1,"foliose_chlorolichen","foliose","chlorolichen","foliose_chlorolichen",0,"RR1_TS","qw","RR1","Quercus_sp",153,"rough_b","high_impact",87.011,48.70141258612,0.86404078984748,2.17114260667064
601,"lobaria_pulmonaria","","RR1_TW_QW","RR1_TW_QW_L_20260713_141818471","high_conf",3,"foliose_cyanolichen","foliose","cyanolichen","foliose_cyanolichen",1,"RR1_TW","qw","RR1","Quercus_sp",82,"rough_b","high_impact",87.011,26.1014106670708,-0.27776441580043,2.17114260667064
602,"ricasolia_virens","","RR1_TW_QW","RR1_TW_QW_L_20260713_141818485","high_conf",4,"foliose_cyanolichen","foliose","cyanolichen","foliose_cyanolichen",1,"RR1_TW","qw","RR1","Quercus_sp",82,"rough_b","high_impact",87.011,26.1014106670708,-0.27776441580043,2.17114260667064
603,"lecanactis_abietina","","RR1_TW_QW","RR1_TW_QW_L_20260713_141818485","med_conf",2,"crustose_chlorolichen","crustose","chlorolichen","crustose_chlorolichen",0,"RR1_TW","qw","RR1","Quercus_sp",82,"rough_b","high_impact",87.011,26.1014106670708,-0.27776441580043,2.17114260667064
604,"graphis_elegans","","RR1_TW_QW","RR1_TW_QW_L_20260713_141818504","med_conf",2,"crustose_chlorolichen","crustose","chlorolichen","crustose_chlorolichen",1,"RR1_TW","qw","RR1","Quercus_sp",82,"rough_b","high_impact",87.011,26.1014106670708,-0.27776441580043,2.17114260667064
605,"lobarina_scrobiculata","","RR1_TW_QN","RR1_TW_QN_L_20260713_141818516","high_conf",4,"foliose_cyanolichen","foliose","cyanolichen","foliose_cyanolichen",1,"RR1_TW","qn","RR1","Quercus_sp",82,"rough_b","high_impact",87.011,26.1014106670708,-0.27776441580043,2.17114260667064
606,"ricasolia_virens","","RR1_TW_QN","RR1_TW_QN_L_20260713_141818521","high_conf",3,"foliose_cyanolichen","foliose","cyanolichen","foliose_cyanolichen",1,"RR1_TW","qn","RR1","Quercus_sp",82,"rough_b","high_impact",87.011,26.1014106670708,-0.27776441580043,2.17114260667064
607,"lecanactis_abietina","","RR1_TW_QN","RR1_TW_QN_L_20260713_141818532","med_conf",1,"crustose_chlorolichen","crustose","chlorolichen","crustose_chlorolichen",0,"RR1_TW","qn","RR1","Quercus_sp",82,"rough_b","high_impact",87.011,26.1014106670708,-0.27776441580043,2.17114260667064
608,"lobaria_pulmonaria","","RR1_TW_QE","RR1_TW_QE_L_20260713_141818532","high_conf",4,"foliose_cyanolichen","foliose","cyanolichen","foliose_cyanolichen",1,"RR1_TW","qe","RR1","Quercus_sp",82,"rough_b","high_impact",87.011,26.1014106670708,-0.27776441580043,2.17114260667064
609,"ricasolia_virens","","RR1_TW_QE","RR1_TW_QE_L_20260713_141818548","high_conf",3,"foliose_cyanolichen","foliose","cyanolichen","foliose_cyanolichen",1,"RR1_TW","qe","RR1","Quercus_sp",82,"rough_b","high_impact",87.011,26.1014106670708,-0.27776441580043,2.17114260667064
610,"lecanactis_abietina","","RR1_TW_QE","RR1_TW_QE_L_20260713_141818562","med_conf",4,"crustose_chlorolichen","crustose","chlorolichen","crustose_chlorolichen",0,"RR1_TW","qe","RR1","Quercus_sp",82,"rough_b","high_impact",87.011,26.1014106670708,-0.27776441580043,2.17114260667064
611,"lobaria_pulmonaria","","RR1_TW_QS","RR1_TW_QS_L_20260713_141818571","high_conf",5,"foliose_cyanolichen","foliose","cyanolichen","foliose_cyanolichen",1,"RR1_TW","qs","RR1","Quercus_sp",82,"rough_b","high_impact",87.011,26.1014106670708,-0.27776441580043,2.17114260667064
612,"lecanactis_abietina","","RR1_TW_QS","RR1_TW_QS_L_20260713_141818580","med_conf",5,"crustose_chlorolichen","crustose","chlorolichen","crustose_chlorolichen",0,"RR1_TW","qs","RR1","Quercus_sp",82,"rough_b","high_impact",87.011,26.1014106670708,-0.27776441580043,2.17114260667064
613,"ricasolia_virens","","RR1_TW_QS","RR1_TW_QS_L_20260713_141818588","high_conf",3,"foliose_cyanolichen","foliose","cyanolichen","foliose_cyanolichen",1,"RR1_TW","qs","RR1","Quercus_sp",82,"rough_b","high_impact",87.011,26.1014106670708,-0.27776441580043,2.17114260667064
614,"ochrolechia_androgyna","","RR1_TW_QS","RR1_TW_QS_L_20260713_141818596","high_conf",1,"crustose_chlorolichen","crustose","chlorolichen","crustose_chlorolichen",0,"RR1_TW","qs","RR1","Quercus_sp",82,"rough_b","high_impact",87.011,26.1014106670708,-0.27776441580043,2.17114260667064
615,"ochrolechia_androgyna","","BG3_TE_QS","BG3_TE_QS_L_20260713_141818596","high_conf",5,"crustose_chlorolichen","crustose","chlorolichen","crustose_chlorolichen",0,"BG3_TE","qs","BG3","Quercus_sp",125,"rough_b","low_impact",47.4005,39.7887357729738,0.413751412972248,0.471310171512722
616,"ochrolechia_androgyna","","BG3_TE_QW","BG3_TE_QW_L_20260713_141818612","high_conf",5,"crustose_chlorolichen","crustose","chlorolichen","crustose_chlorolichen",0,"BG3_TE","qw","BG3","Quercus_sp",125,"rough_b","low_impact",47.4005,39.7887357729738,0.413751412972248,0.471310171512722
617,"ochrolechia_tartarea","","BG3_TE_QW","BG3_TE_QW_L_20260713_141818621","high_conf",2,"crustose_chlorolichen","crustose","chlorolichen","crustose_chlorolichen",1,"BG3_TE","qw","BG3","Quercus_sp",125,"rough_b","low_impact",47.4005,39.7887357729738,0.413751412972248,0.471310171512722
618,"ochrolechia_androgyna","","BG3_TE_QN","BG3_TE_QN_L_20260713_141818628","high_conf",5,"crustose_chlorolichen","crustose","chlorolichen","crustose_chlorolichen",0,"BG3_TE","qn","BG3","Quercus_sp",125,"rough_b","low_impact",47.4005,39.7887357729738,0.413751412972248,0.471310171512722
619,"ochrolechia_tartarea","","BG3_TE_QN","BG3_TE_QN_L_20260713_141818628","high_conf",3,"crustose_chlorolichen","crustose","chlorolichen","crustose_chlorolichen",1,"BG3_TE","qn","BG3","Quercus_sp",125,"rough_b","low_impact",47.4005,39.7887357729738,0.413751412972248,0.471310171512722
620,"ochrolechia_androgyna","","BG3_TE_QE","BG3_TE_QE_L_20260713_141818644","high_conf",2,"crustose_chlorolichen","crustose","chlorolichen","crustose_chlorolichen",0,"BG3_TE","qe","BG3","Quercus_sp",125,"rough_b","low_impact",47.4005,39.7887357729738,0.413751412972248,0.471310171512722
621,"ochrolechia_tartarea","","BG3_TE_QE","BG3_TE_QE_L_20260713_141818654","high_conf",5,"crustose_chlorolichen","crustose","chlorolichen","crustose_chlorolichen",1,"BG3_TE","qe","BG3","Quercus_sp",125,"rough_b","low_impact",47.4005,39.7887357729738,0.413751412972248,0.471310171512722
622,"ochrolechia_tartarea","","BG3_TN_QN","BG3_TN_QN_L_20260713_141818662","high_conf",5,"crustose_chlorolichen","crustose","chlorolichen","crustose_chlorolichen",1,"BG3_TN","qn","BG3","Betula_sp",46,"rough_b","low_impact",47.4005,14.6422547644544,-0.8567079003543,0.471310171512722
623,"hypotrachyna_laevigata","","BG3_TN_QN","BG3_TN_QN_L_20260713_141818675","high_conf",5,"foliose_chlorolichen","foliose","chlorolichen","foliose_chlorolichen",1,"BG3_TN","qn","BG3","Betula_sp",46,"rough_b","low_impact",47.4005,14.6422547644544,-0.8567079003543,0.471310171512722
624,"platismatia_glauca","","BG3_TN_QN","BG3_TN_QN_L_20260713_141818675","med_conf",1,"foliose_chlorolichen","foliose","chlorolichen","foliose_chlorolichen",1,"BG3_TN","qn","BG3","Betula_sp",46,"rough_b","low_impact",47.4005,14.6422547644544,-0.8567079003543,0.471310171512722
625,"cladonia_chlorophaea_s._lat.","","BG3_TN_QN","BG3_TN_QN_L_20260713_141818692","high_conf",3,"foliose_chlorolichen","foliose","chlorolichen","foliose_chlorolichen",0,"BG3_TN","qn","BG3","Betula_sp",46,"rough_b","low_impact",47.4005,14.6422547644544,-0.8567079003543,0.471310171512722
626,"cladonia_sp","Different, squamulose. Probably coniocracea.","BG3_TN_QN","BG3_TN_QN_L_20260713_141818692","high_conf",2,"squamulose_chlorolichen","squamulose","chlorolichen","squamulose_chlorolichen",0,"BG3_TN","qn","BG3","Betula_sp",46,"rough_b","low_impact",47.4005,14.6422547644544,-0.8567079003543,0.471310171512722
627,"ochrolechia_tartarea","","BG3_TN_QW","BG3_TN_QW_L_20260713_141818707","high_conf",3,"crustose_chlorolichen","crustose","chlorolichen","crustose_chlorolichen",1,"BG3_TN","qw","BG3","Betula_sp",46,"rough_b","low_impact",47.4005,14.6422547644544,-0.8567079003543,0.471310171512722
628,"ochrolechia_androgyna","","BG3_TN_QW","BG3_TN_QW_L_20260713_141818707","high_conf",3,"crustose_chlorolichen","crustose","chlorolichen","crustose_chlorolichen",0,"BG3_TN","qw","BG3","Betula_sp",46,"rough_b","low_impact",47.4005,14.6422547644544,-0.8567079003543,0.471310171512722
629,"hypotrachyna_laevigata","","BG3_TN_QW","BG3_TN_QW_L_20260713_141818723","high_conf",3,"foliose_chlorolichen","foliose","chlorolichen","foliose_chlorolichen",1,"BG3_TN","qw","BG3","Betula_sp",46,"rough_b","low_impact",47.4005,14.6422547644544,-0.8567079003543,0.471310171512722
630,"parmelia_saxatilis_s._lat.","","BG3_TN_QW","BG3_TN_QW_L_20260713_141818723","high_conf",3,"foliose_chlorolichen","foliose","chlorolichen","foliose_chlorolichen",0,"BG3_TN","qw","BG3","Betula_sp",46,"rough_b","low_impact",47.4005,14.6422547644544,-0.8567079003543,0.471310171512722
631,"cladonia_sp","","BG3_TN_QW","BG3_TN_QW_L_20260713_141818739","high_conf",1,"squamulose_chlorolichen","squamulose","chlorolichen","squamulose_chlorolichen",0,"BG3_TN","qw","BG3","Betula_sp",46,"rough_b","low_impact",47.4005,14.6422547644544,-0.8567079003543,0.471310171512722
632,"ochrolechia_tartarea","","BG3_TN_QS","BG3_TN_QS_L_20260713_141818751","high_conf",2,"crustose_chlorolichen","crustose","chlorolichen","crustose_chlorolichen",1,"BG3_TN","qs","BG3","Betula_sp",46,"rough_b","low_impact",47.4005,14.6422547644544,-0.8567079003543,0.471310171512722
633,"ochrolechia_androgyna","","BG3_TN_QS","BG3_TN_QS_L_20260713_141818762","high_conf",5,"crustose_chlorolichen","crustose","chlorolichen","crustose_chlorolichen",0,"BG3_TN","qs","BG3","Betula_sp",46,"rough_b","low_impact",47.4005,14.6422547644544,-0.8567079003543,0.471310171512722
634,"parmelia_saxatilis_s._lat.","","BG3_TN_QS","BG3_TN_QS_L_20260713_141818762","high_conf",4,"foliose_chlorolichen","foliose","chlorolichen","foliose_chlorolichen",0,"BG3_TN","qs","BG3","Betula_sp",46,"rough_b","low_impact",47.4005,14.6422547644544,-0.8567079003543,0.471310171512722
635,"hypotrachyna_laevigata","","BG3_TN_QS","BG3_TN_QS_L_20260713_141818771","high_conf",2,"foliose_chlorolichen","foliose","chlorolichen","foliose_chlorolichen",1,"BG3_TN","qs","BG3","Betula_sp",46,"rough_b","low_impact",47.4005,14.6422547644544,-0.8567079003543,0.471310171512722
636,"ochrolechia_androgyna","","BG3_TN_QE","BG3_TN_QE_L_20260713_141818787","high_conf",5,"crustose_chlorolichen","crustose","chlorolichen","crustose_chlorolichen",0,"BG3_TN","qe","BG3","Betula_sp",46,"rough_b","low_impact",47.4005,14.6422547644544,-0.8567079003543,0.471310171512722
637,"ochrolechia_tartarea","","BG3_TN_QE","BG3_TN_QE_L_20260713_141818791","high_conf",2,"crustose_chlorolichen","crustose","chlorolichen","crustose_chlorolichen",1,"BG3_TN","qe","BG3","Betula_sp",46,"rough_b","low_impact",47.4005,14.6422547644544,-0.8567079003543,0.471310171512722
638,"parmelia_saxatilis_s._lat.","","BG3_TN_QE","BG3_TN_QE_L_20260713_141818803","high_conf",5,"foliose_chlorolichen","foliose","chlorolichen","foliose_chlorolichen",0,"BG3_TN","qe","BG3","Betula_sp",46,"rough_b","low_impact",47.4005,14.6422547644544,-0.8567079003543,0.471310171512722
639,"lichen_(unidentified)","In cell 1. Whitish color with black circular apothacea, very slight raised margins around apothacea.","BG3_TN_QE","BG3_TN_QE_L_20260713_141818803","low_conf",1,"crustose_unknown_photobiont",NA,NA,"",0,"BG3_TN","qe","BG3","Betula_sp",46,"rough_b","low_impact",47.4005,14.6422547644544,-0.8567079003543,0.471310171512722
640,"cladonia_coniocraea","","BG3_TN_QE","BG3_TN_QE_L_20260713_141818820","high_conf",3,"foliose_chlorolichen","foliose","chlorolichen","foliose_chlorolichen",0,"BG3_TN","qe","BG3","Betula_sp",46,"rough_b","low_impact",47.4005,14.6422547644544,-0.8567079003543,0.471310171512722
641,"ochrolechia_tartarea","","BG3_TS_QS","BG3_TS_QS_L_20260713_141818820","high_conf",3,"crustose_chlorolichen","crustose","chlorolichen","crustose_chlorolichen",1,"BG3_TS","qs","BG3","Quercus_sp",70,"rough_b","low_impact",47.4005,22.2816920328653,-0.470745577318387,0.471310171512722
642,"ochrolechia_androgyna","","BG3_TS_QS","BG3_TS_QS_L_20260713_141818836","high_conf",5,"crustose_chlorolichen","crustose","chlorolichen","crustose_chlorolichen",0,"BG3_TS","qs","BG3","Quercus_sp",70,"rough_b","low_impact",47.4005,22.2816920328653,-0.470745577318387,0.471310171512722
643,"ochrolechia_androgyna","","BG3_TS_QE","BG3_TS_QE_L_20260713_141818836","high_conf",5,"crustose_chlorolichen","crustose","chlorolichen","crustose_chlorolichen",0,"BG3_TS","qe","BG3","Quercus_sp",70,"rough_b","low_impact",47.4005,22.2816920328653,-0.470745577318387,0.471310171512722
644,"ochrolechia_tartarea","","BG3_TS_QE","BG3_TS_QE_L_20260713_141818854","high_conf",2,"crustose_chlorolichen","crustose","chlorolichen","crustose_chlorolichen",1,"BG3_TS","qe","BG3","Quercus_sp",70,"rough_b","low_impact",47.4005,22.2816920328653,-0.470745577318387,0.471310171512722
645,"parmelia_saxatilis_s._lat.","","BG3_TS_QE","BG3_TS_QE_L_20260713_141818866","high_conf",2,"foliose_chlorolichen","foliose","chlorolichen","foliose_chlorolichen",0,"BG3_TS","qe","BG3","Quercus_sp",70,"rough_b","low_impact",47.4005,22.2816920328653,-0.470745577318387,0.471310171512722
646,"usnea_subfloridana","","BG3_TS_QE","BG3_TS_QE_L_20260713_141818866","med_conf",2,"fruticose_chlorolichen","fruticose","chlorolichen","fruticose_chlorolichen",1,"BG3_TS","qe","BG3","Quercus_sp",70,"rough_b","low_impact",47.4005,22.2816920328653,-0.470745577318387,0.471310171512722
647,"ochrolechia_tartarea","","BG3_TS_QN","BG3_TS_QN_L_20260713_141818888","high_conf",5,"crustose_chlorolichen","crustose","chlorolichen","crustose_chlorolichen",1,"BG3_TS","qn","BG3","Quercus_sp",70,"rough_b","low_impact",47.4005,22.2816920328653,-0.470745577318387,0.471310171512722
648,"parmelia_saxatilis_s._lat.","","BG3_TS_QN","BG3_TS_QN_L_20260713_141818898","high_conf",1,"foliose_chlorolichen","foliose","chlorolichen","foliose_chlorolichen",0,"BG3_TS","qn","BG3","Quercus_sp",70,"rough_b","low_impact",47.4005,22.2816920328653,-0.470745577318387,0.471310171512722
649,"lepraria_sp","","BG3_TS_QN","BG3_TS_QN_L_20260713_141818904","med_conf",1,"leprose_chlorolichen","leprose","chlorolichen","leprose_chlorolichen",0,"BG3_TS","qn","BG3","Quercus_sp",70,"rough_b","low_impact",47.4005,22.2816920328653,-0.470745577318387,0.471310171512722
650,"ochrolechia_tartarea","","BG3_TS_QW","BG3_TS_QW_L_20260713_141818914","high_conf",5,"crustose_chlorolichen","crustose","chlorolichen","crustose_chlorolichen",1,"BG3_TS","qw","BG3","Quercus_sp",70,"rough_b","low_impact",47.4005,22.2816920328653,-0.470745577318387,0.471310171512722
651,"lepra_albescens_var._albescens","","BG3_TW_QE","BG3_TW_QE_L_20260713_141818921","med_conf",4,"crustose_chlorolichen","crustose","chlorolichen","crustose_chlorolichen",0,"BG3_TW","qe","BG3","Quercus_sp",142.5,"rough_b","low_impact",47.4005,45.3591587811902,0.695182273519268,0.471310171512722
652,"ochrolechia_tartarea","","BG3_TW_QE","BG3_TW_QE_L_20260713_141818930","high_conf",5,"crustose_chlorolichen","crustose","chlorolichen","crustose_chlorolichen",1,"BG3_TW","qe","BG3","Quercus_sp",142.5,"rough_b","low_impact",47.4005,45.3591587811902,0.695182273519268,0.471310171512722
653,"platismatia_glauca","","BG3_TW_QE","BG3_TW_QE_L_20260713_141818940","high_conf",1,"foliose_chlorolichen","foliose","chlorolichen","foliose_chlorolichen",1,"BG3_TW","qe","BG3","Quercus_sp",142.5,"rough_b","low_impact",47.4005,45.3591587811902,0.695182273519268,0.471310171512722
654,"parmelia_sulcata","","BG3_TW_QE","BG3_TW_QE_L_20260713_141818951","high_conf",5,"foliose_chlorolichen","foliose","chlorolichen","foliose_chlorolichen",0,"BG3_TW","qe","BG3","Quercus_sp",142.5,"rough_b","low_impact",47.4005,45.3591587811902,0.695182273519268,0.471310171512722
655,"ochrolechia_tartarea","","BG3_TW_QS","BG3_TW_QS_L_20260713_141818951","high_conf",5,"crustose_chlorolichen","crustose","chlorolichen","crustose_chlorolichen",1,"BG3_TW","qs","BG3","Quercus_sp",142.5,"rough_b","low_impact",47.4005,45.3591587811902,0.695182273519268,0.471310171512722
656,"ochrolechia_androgyna","","BG3_TW_QS","BG3_TW_QS_L_20260713_141818962","high_conf",5,"crustose_chlorolichen","crustose","chlorolichen","crustose_chlorolichen",0,"BG3_TW","qs","BG3","Quercus_sp",142.5,"rough_b","low_impact",47.4005,45.3591587811902,0.695182273519268,0.471310171512722
657,"cladonia_chlorophaea_s._lat.","","BG3_TW_QS","BG3_TW_QS_L_20260713_141818962","high_conf",1,"foliose_chlorolichen","foliose","chlorolichen","foliose_chlorolichen",0,"BG3_TW","qs","BG3","Quercus_sp",142.5,"rough_b","low_impact",47.4005,45.3591587811902,0.695182273519268,0.471310171512722
658,"cladonia_coniocraea","","BG3_TW_QS","BG3_TW_QS_L_20260713_141818978","high_conf",2,"foliose_chlorolichen","foliose","chlorolichen","foliose_chlorolichen",0,"BG3_TW","qs","BG3","Quercus_sp",142.5,"rough_b","low_impact",47.4005,45.3591587811902,0.695182273519268,0.471310171512722
659,"parmelia_sulcata","","BG3_TW_QS","BG3_TW_QS_L_20260713_141818988","high_conf",5,"foliose_chlorolichen","foliose","chlorolichen","foliose_chlorolichen",0,"BG3_TW","qs","BG3","Quercus_sp",142.5,"rough_b","low_impact",47.4005,45.3591587811902,0.695182273519268,0.471310171512722
660,"ochrolechia_androgyna","","BG3_TW_QW","BG3_TW_QW_L_20260713_141818994","high_conf",5,"crustose_chlorolichen","crustose","chlorolichen","crustose_chlorolichen",0,"BG3_TW","qw","BG3","Quercus_sp",142.5,"rough_b","low_impact",47.4005,45.3591587811902,0.695182273519268,0.471310171512722
661,"ochrolechia_tartarea","","BG3_TW_QW","BG3_TW_QW_L_20260713_141818994","high_conf",2,"crustose_chlorolichen","crustose","chlorolichen","crustose_chlorolichen",1,"BG3_TW","qw","BG3","Quercus_sp",142.5,"rough_b","low_impact",47.4005,45.3591587811902,0.695182273519268,0.471310171512722
662,"parmelia_sulcata","","BG3_TW_QW","BG3_TW_QW_L_20260713_141819010","high_conf",3,"foliose_chlorolichen","foliose","chlorolichen","foliose_chlorolichen",0,"BG3_TW","qw","BG3","Quercus_sp",142.5,"rough_b","low_impact",47.4005,45.3591587811902,0.695182273519268,0.471310171512722
663,"lepraria_sp","","BG3_TW_QW","BG3_TW_QW_L_20260713_141819026","med_conf",4,"leprose_chlorolichen","leprose","chlorolichen","leprose_chlorolichen",0,"BG3_TW","qw","BG3","Quercus_sp",142.5,"rough_b","low_impact",47.4005,45.3591587811902,0.695182273519268,0.471310171512722
664,"ochrolechia_androgyna","","BG3_TW_QN","BG3_TW_QN_L_20260713_141819026","med_conf",5,"crustose_chlorolichen","crustose","chlorolichen","crustose_chlorolichen",0,"BG3_TW","qn","BG3","Quercus_sp",142.5,"rough_b","low_impact",47.4005,45.3591587811902,0.695182273519268,0.471310171512722
665,"parmelia_sulcata","","BG3_TW_QN","BG3_TW_QN_L_20260713_141819044","med_conf",2,"foliose_chlorolichen","foliose","chlorolichen","foliose_chlorolichen",0,"BG3_TW","qn","BG3","Quercus_sp",142.5,"rough_b","low_impact",47.4005,45.3591587811902,0.695182273519268,0.471310171512722
666,"ochrolechia_androgyna","","AGG4_TE_QS","AGG4_TE_QS_L_20260713_141819052","high_conf",5,"crustose_chlorolichen","crustose","chlorolichen","crustose_chlorolichen",0,"AGG4_TE","qs","AGG4","Quercus_sp",240,"rough_b","high_impact",42.11675,76.3943726841098,2.26315421085267,0.244564999670265
667,"cladonia_coniocraea","","AGG4_TE_QS","AGG4_TE_QS_L_20260713_141819061","high_conf",5,"foliose_chlorolichen","foliose","chlorolichen","foliose_chlorolichen",0,"AGG4_TE","qs","AGG4","Quercus_sp",240,"rough_b","high_impact",42.11675,76.3943726841098,2.26315421085267,0.244564999670265
668,"parmelia_sulcata","","AGG4_TE_QS","AGG4_TE_QS_L_20260713_141819070","high_conf",4,"foliose_chlorolichen","foliose","chlorolichen","foliose_chlorolichen",0,"AGG4_TE","qs","AGG4","Quercus_sp",240,"rough_b","high_impact",42.11675,76.3943726841098,2.26315421085267,0.244564999670265
669,"ochrolechia_androgyna","","AGG4_TE_QE","AGG4_TE_QE_L_20260713_141819079","high_conf",5,"crustose_chlorolichen","crustose","chlorolichen","crustose_chlorolichen",0,"AGG4_TE","qe","AGG4","Quercus_sp",240,"rough_b","high_impact",42.11675,76.3943726841098,2.26315421085267,0.244564999670265
670,"cladonia_coniocraea","","AGG4_TE_QE","AGG4_TE_QE_L_20260713_141819088","high_conf",5,"foliose_chlorolichen","foliose","chlorolichen","foliose_chlorolichen",0,"AGG4_TE","qe","AGG4","Quercus_sp",240,"rough_b","high_impact",42.11675,76.3943726841098,2.26315421085267,0.244564999670265
671,"parmelia_sulcata","","AGG4_TE_QE","AGG4_TE_QE_L_20260713_141819090","high_conf",3,"foliose_chlorolichen","foliose","chlorolichen","foliose_chlorolichen",0,"AGG4_TE","qe","AGG4","Quercus_sp",240,"rough_b","high_impact",42.11675,76.3943726841098,2.26315421085267,0.244564999670265
672,"cladonia_coniocraea","","AGG4_TE_QN","AGG4_TE_QN_L_20260713_141819106","high_conf",5,"foliose_chlorolichen","foliose","chlorolichen","foliose_chlorolichen",0,"AGG4_TE","qn","AGG4","Quercus_sp",240,"rough_b","high_impact",42.11675,76.3943726841098,2.26315421085267,0.244564999670265
673,"ochrolechia_androgyna","","AGG4_TE_QN","AGG4_TE_QN_L_20260713_141819111","high_conf",5,"crustose_chlorolichen","crustose","chlorolichen","crustose_chlorolichen",0,"AGG4_TE","qn","AGG4","Quercus_sp",240,"rough_b","high_impact",42.11675,76.3943726841098,2.26315421085267,0.244564999670265
674,"parmelia_sulcata","","AGG4_TE_QN","AGG4_TE_QN_L_20260713_141819123","high_conf",5,"foliose_chlorolichen","foliose","chlorolichen","foliose_chlorolichen",0,"AGG4_TE","qn","AGG4","Quercus_sp",240,"rough_b","high_impact",42.11675,76.3943726841098,2.26315421085267,0.244564999670265
675,"lepraria_sp","","AGG4_TE_QN","AGG4_TE_QN_L_20260713_141819123","med_conf",2,"leprose_chlorolichen","leprose","chlorolichen","leprose_chlorolichen",0,"AGG4_TE","qn","AGG4","Quercus_sp",240,"rough_b","high_impact",42.11675,76.3943726841098,2.26315421085267,0.244564999670265
676,"sphaerophorus_fragilis","","AGG4_TE_QN","AGG4_TE_QN_L_20260713_141819138","high_conf",1,"fruticose_chlorolichen","fruticose","chlorolichen","fruticose_chlorolichen",1,"AGG4_TE","qn","AGG4","Quercus_sp",240,"rough_b","high_impact",42.11675,76.3943726841098,2.26315421085267,0.244564999670265
677,"parmelia_sulcata","","AGG4_TE_QW","AGG4_TE_QW_L_20260713_141819138","high_conf",5,"foliose_chlorolichen","foliose","chlorolichen","foliose_chlorolichen",0,"AGG4_TE","qw","AGG4","Quercus_sp",240,"rough_b","high_impact",42.11675,76.3943726841098,2.26315421085267,0.244564999670265
678,"ochrolechia_androgyna","","AGG4_TE_QW","AGG4_TE_QW_L_20260713_141819154","high_conf",4,"crustose_chlorolichen","crustose","chlorolichen","crustose_chlorolichen",0,"AGG4_TE","qw","AGG4","Quercus_sp",240,"rough_b","high_impact",42.11675,76.3943726841098,2.26315421085267,0.244564999670265
679,"ochrolechia_tartarea","","AGG4_TE_QW","AGG4_TE_QW_L_20260713_141819163","high_conf",2,"crustose_chlorolichen","crustose","chlorolichen","crustose_chlorolichen",1,"AGG4_TE","qw","AGG4","Quercus_sp",240,"rough_b","high_impact",42.11675,76.3943726841098,2.26315421085267,0.244564999670265
680,"sphaerophorus_globosus","","AGG4_TE_QW","AGG4_TE_QW_L_20260713_141819170","high_conf",1,"fruticose_chlorolichen","fruticose","chlorolichen","fruticose_chlorolichen",1,"AGG4_TE","qw","AGG4","Quercus_sp",240,"rough_b","high_impact",42.11675,76.3943726841098,2.26315421085267,0.244564999670265
681,"ochrolechia_androgyna","","AGG4_TN_QS","AGG4_TN_QS_L_20260713_141819170","high_conf",5,"crustose_chlorolichen","crustose","chlorolichen","crustose_chlorolichen",0,"AGG4_TN","qs","AGG4","Quercus_sp",104,"inter_b","high_impact",42.11675,33.1042281631142,0.0760343803158238,0.244564999670265
682,"glaucomaria_carpinea","","AGG4_TN_QS","AGG4_TN_QS_L_20260713_141819186","high_conf",4,"crustose_chlorolichen","crustose","chlorolichen","crustose_chlorolichen",0,"AGG4_TN","qs","AGG4","Quercus_sp",104,"inter_b","high_impact",42.11675,33.1042281631142,0.0760343803158238,0.244564999670265
683,"lecanora_chlarotera_s._lat.","","AGG4_TN_QS","AGG4_TN_QS_L_20260713_141819186","high_conf",3,"crustose_chlorolichen","crustose","chlorolichen","crustose_chlorolichen",0,"AGG4_TN","qs","AGG4","Quercus_sp",104,"inter_b","high_impact",42.11675,33.1042281631142,0.0760343803158238,0.244564999670265
684,"usnea_sp","","AGG4_TN_QS","AGG4_TN_QS_L_20260713_141819202","high_conf",1,"fruticose_chlorolichen","fruticose","chlorolichen","fruticose_chlorolichen",1,"AGG4_TN","qs","AGG4","Quercus_sp",104,"inter_b","high_impact",42.11675,33.1042281631142,0.0760343803158238,0.244564999670265
685,"pyrenula_macrospora","","AGG4_TN_QS","AGG4_TN_QS_L_20260713_141819202","med_conf",4,"crustose_chlorolichen","crustose","chlorolichen","crustose_chlorolichen",1,"AGG4_TN","qs","AGG4","Quercus_sp",104,"inter_b","high_impact",42.11675,33.1042281631142,0.0760343803158238,0.244564999670265
686,"ochrolechia_androgyna","","AGG4_TN_QW","AGG4_TN_QW_L_20260713_141819218","high_conf",5,"crustose_chlorolichen","crustose","chlorolichen","crustose_chlorolichen",0,"AGG4_TN","qw","AGG4","Quercus_sp",104,"inter_b","high_impact",42.11675,33.1042281631142,0.0760343803158238,0.244564999670265
687,"hypotrachyna_laevigata","","AGG4_TN_QW","AGG4_TN_QW_L_20260713_141819234","high_conf",5,"foliose_chlorolichen","foliose","chlorolichen","foliose_chlorolichen",1,"AGG4_TN","qw","AGG4","Quercus_sp",104,"inter_b","high_impact",42.11675,33.1042281631142,0.0760343803158238,0.244564999670265
688,"melanelixia_glabratula","","AGG4_TN_QW","AGG4_TN_QW_L_20260713_141819237","high_conf",1,"foliose_chlorolichen","foliose","chlorolichen","foliose_chlorolichen",0,"AGG4_TN","qw","AGG4","Quercus_sp",104,"inter_b","high_impact",42.11675,33.1042281631142,0.0760343803158238,0.244564999670265
689,"cladonia_sp","","AGG4_TN_QW","AGG4_TN_QW_L_20260713_141819250","high_conf",3,"squamulose_chlorolichen","squamulose","chlorolichen","squamulose_chlorolichen",0,"AGG4_TN","qw","AGG4","Quercus_sp",104,"inter_b","high_impact",42.11675,33.1042281631142,0.0760343803158238,0.244564999670265
690,"hypotrachyna_laevigata","","AGG4_TN_QN","AGG4_TN_QN_L_20260713_141819250","high_conf",4,"foliose_chlorolichen","foliose","chlorolichen","foliose_chlorolichen",1,"AGG4_TN","qn","AGG4","Quercus_sp",104,"inter_b","high_impact",42.11675,33.1042281631142,0.0760343803158238,0.244564999670265
691,"ochrolechia_androgyna","","AGG4_TN_QN","AGG4_TN_QN_L_20260713_141819267","high_conf",5,"crustose_chlorolichen","crustose","chlorolichen","crustose_chlorolichen",0,"AGG4_TN","qn","AGG4","Quercus_sp",104,"inter_b","high_impact",42.11675,33.1042281631142,0.0760343803158238,0.244564999670265
692,"lobaria_pulmonaria","","AGG4_TN_QN","AGG4_TN_QN_L_20260713_141819267","high_conf",1,"foliose_cyanolichen","foliose","cyanolichen","foliose_cyanolichen",1,"AGG4_TN","qn","AGG4","Quercus_sp",104,"inter_b","high_impact",42.11675,33.1042281631142,0.0760343803158238,0.244564999670265
693,"sphaerophorus_fragilis","","AGG4_TN_QN","AGG4_TN_QN_L_20260713_141819286","high_conf",1,"fruticose_chlorolichen","fruticose","chlorolichen","fruticose_chlorolichen",1,"AGG4_TN","qn","AGG4","Quercus_sp",104,"inter_b","high_impact",42.11675,33.1042281631142,0.0760343803158238,0.244564999670265
694,"cladonia_coniocraea","","AGG4_TN_QN","AGG4_TN_QN_L_20260713_141819296","high_conf",3,"foliose_chlorolichen","foliose","chlorolichen","foliose_chlorolichen",0,"AGG4_TN","qn","AGG4","Quercus_sp",104,"inter_b","high_impact",42.11675,33.1042281631142,0.0760343803158238,0.244564999670265
695,"sticta_sylvatica","","AGG4_TN_QN","AGG4_TN_QN_L_20260713_141819305","high_conf",1,"foliose_cyanolichen","foliose","cyanolichen","foliose_cyanolichen",1,"AGG4_TN","qn","AGG4","Quercus_sp",104,"inter_b","high_impact",42.11675,33.1042281631142,0.0760343803158238,0.244564999670265
696,"parmelia_sulcata","","AGG4_TN_QE","AGG4_TN_QE_L_20260713_141819313","high_conf",5,"foliose_chlorolichen","foliose","chlorolichen","foliose_chlorolichen",0,"AGG4_TN","qe","AGG4","Quercus_sp",104,"inter_b","high_impact",42.11675,33.1042281631142,0.0760343803158238,0.244564999670265
697,"cladonia_sp","","AGG4_TN_QE","AGG4_TN_QE_L_20260713_141819323","high_conf",1,"squamulose_chlorolichen","squamulose","chlorolichen","squamulose_chlorolichen",0,"AGG4_TN","qe","AGG4","Quercus_sp",104,"inter_b","high_impact",42.11675,33.1042281631142,0.0760343803158238,0.244564999670265
698,"ochrolechia_tartarea","","AGG4_TN_QE","AGG4_TN_QE_L_20260713_141819328","high_conf",3,"crustose_chlorolichen","crustose","chlorolichen","crustose_chlorolichen",1,"AGG4_TN","qe","AGG4","Quercus_sp",104,"inter_b","high_impact",42.11675,33.1042281631142,0.0760343803158238,0.244564999670265
699,"ochrolechia_androgyna","","AGG4_TN_QE","AGG4_TN_QE_L_20260713_141819328","high_conf",4,"crustose_chlorolichen","crustose","chlorolichen","crustose_chlorolichen",0,"AGG4_TN","qe","AGG4","Quercus_sp",104,"inter_b","high_impact",42.11675,33.1042281631142,0.0760343803158238,0.244564999670265
700,"parmelia_sulcata","","AGG4_TS_QN","AGG4_TS_QN_L_20260713_141819344","high_conf",5,"foliose_chlorolichen","foliose","chlorolichen","foliose_chlorolichen",0,"AGG4_TS","qn","AGG4","Quercus_sp",159,"rough_b","high_impact",42.11675,50.6112719032227,0.960531370606459,0.244564999670265
701,"ochrolechia_androgyna","","AGG4_TS_QN","AGG4_TS_QN_L_20260713_141819344","high_conf",3,"crustose_chlorolichen","crustose","chlorolichen","crustose_chlorolichen",0,"AGG4_TS","qn","AGG4","Quercus_sp",159,"rough_b","high_impact",42.11675,50.6112719032227,0.960531370606459,0.244564999670265
702,"cladonia_sp","","AGG4_TS_QN","AGG4_TS_QN_L_20260713_141819363","high_conf",4,"squamulose_chlorolichen","squamulose","chlorolichen","squamulose_chlorolichen",0,"AGG4_TS","qn","AGG4","Quercus_sp",159,"rough_b","high_impact",42.11675,50.6112719032227,0.960531370606459,0.244564999670265
703,"parmelia_sulcata","","AGG4_TS_QE","AGG4_TS_QE_L_20260713_141819376","high_conf",5,"foliose_chlorolichen","foliose","chlorolichen","foliose_chlorolichen",0,"AGG4_TS","qe","AGG4","Quercus_sp",159,"rough_b","high_impact",42.11675,50.6112719032227,0.960531370606459,0.244564999670265
704,"melanelixia_glabratula","","AGG4_TS_QE","AGG4_TS_QE_L_20260713_141819376","high_conf",1,"foliose_chlorolichen","foliose","chlorolichen","foliose_chlorolichen",0,"AGG4_TS","qe","AGG4","Quercus_sp",159,"rough_b","high_impact",42.11675,50.6112719032227,0.960531370606459,0.244564999670265
705,"normandina_pulchella","","AGG4_TS_QE","AGG4_TS_QE_L_20260713_141819392","high_conf",2,"squamulose_cyanolichen","squamulose","cyanolichen","squamulose_chlorolichen",1,"AGG4_TS","qe","AGG4","Quercus_sp",159,"rough_b","high_impact",42.11675,50.6112719032227,0.960531370606459,0.244564999670265
706,"cladonia_sp","","AGG4_TS_QE","AGG4_TS_QE_L_20260713_141819392","high_conf",3,"squamulose_chlorolichen","squamulose","chlorolichen","squamulose_chlorolichen",0,"AGG4_TS","qe","AGG4","Quercus_sp",159,"rough_b","high_impact",42.11675,50.6112719032227,0.960531370606459,0.244564999670265
707,"lepraria_sp","","AGG4_TS_QE","AGG4_TS_QE_L_20260713_141819408","high_conf",5,"leprose_chlorolichen","leprose","chlorolichen","leprose_chlorolichen",0,"AGG4_TS","qe","AGG4","Quercus_sp",159,"rough_b","high_impact",42.11675,50.6112719032227,0.960531370606459,0.244564999670265
708,"cladonia_coniocraea","","AGG4_TS_QS","AGG4_TS_QS_L_20260713_141819408","high_conf",5,"foliose_chlorolichen","foliose","chlorolichen","foliose_chlorolichen",0,"AGG4_TS","qs","AGG4","Quercus_sp",159,"rough_b","high_impact",42.11675,50.6112719032227,0.960531370606459,0.244564999670265
709,"parmelia_sulcata","","AGG4_TS_QS","AGG4_TS_QS_L_20260713_141819424","high_conf",1,"foliose_chlorolichen","foliose","chlorolichen","foliose_chlorolichen",0,"AGG4_TS","qs","AGG4","Quercus_sp",159,"rough_b","high_impact",42.11675,50.6112719032227,0.960531370606459,0.244564999670265
710,"usnea_subfloridana","","AGG4_TS_QS","AGG4_TS_QS_L_20260713_141819424","high_conf",1,"fruticose_chlorolichen","fruticose","chlorolichen","fruticose_chlorolichen",1,"AGG4_TS","qs","AGG4","Quercus_sp",159,"rough_b","high_impact",42.11675,50.6112719032227,0.960531370606459,0.244564999670265
711,"ochrolechia_androgyna","","AGG4_TS_QS","AGG4_TS_QS_L_20260713_141819440","med_conf",5,"crustose_chlorolichen","crustose","chlorolichen","crustose_chlorolichen",0,"AGG4_TS","qs","AGG4","Quercus_sp",159,"rough_b","high_impact",42.11675,50.6112719032227,0.960531370606459,0.244564999670265
712,"ochrolechia_androgyna","","AGG4_TS_QW","AGG4_TS_QW_L_20260713_141819456","high_conf",3,"crustose_chlorolichen","crustose","chlorolichen","crustose_chlorolichen",0,"AGG4_TS","qw","AGG4","Quercus_sp",159,"rough_b","high_impact",42.11675,50.6112719032227,0.960531370606459,0.244564999670265
713,"cladonia_sp","","AGG4_TS_QW","AGG4_TS_QW_L_20260713_141819463","high_conf",5,"squamulose_chlorolichen","squamulose","chlorolichen","squamulose_chlorolichen",0,"AGG4_TS","qw","AGG4","Quercus_sp",159,"rough_b","high_impact",42.11675,50.6112719032227,0.960531370606459,0.244564999670265
714,"parmelia_sulcata","","AGG4_TS_QW","AGG4_TS_QW_L_20260713_141819472","high_conf",5,"foliose_chlorolichen","foliose","chlorolichen","foliose_chlorolichen",0,"AGG4_TS","qw","AGG4","Quercus_sp",159,"rough_b","high_impact",42.11675,50.6112719032227,0.960531370606459,0.244564999670265
715,"ochrolechia_androgyna","","RA1_TE_QW","RA1_TE_QW_L_20260713_141819472","high_conf",4,"crustose_chlorolichen","crustose","chlorolichen","crustose_chlorolichen",0,"RA1_TE","qw","RA1","Betula_sp",86.5,"inter_b","low_impact",10.36525,27.5338051548979,-0.205396480231196,-1.11800880184491
716,"menegazzia_terebrata","","RA1_TE_QW","RA1_TE_QW_L_20260713_141819487","high_conf",5,"foliose_chlorolichen","foliose","chlorolichen","foliose_chlorolichen",1,"RA1_TE","qw","RA1","Betula_sp",86.5,"inter_b","low_impact",10.36525,27.5338051548979,-0.205396480231196,-1.11800880184491
717,"parmelia_sulcata","","RA1_TE_QW","RA1_TE_QW_L_20260713_141819487","high_conf",2,"foliose_chlorolichen","foliose","chlorolichen","foliose_chlorolichen",0,"RA1_TE","qw","RA1","Betula_sp",86.5,"inter_b","low_impact",10.36525,27.5338051548979,-0.205396480231196,-1.11800880184491
718,"cladonia_coniocraea","","RA1_TE_QW","RA1_TE_QW_L_20260713_141819503","high_conf",5,"foliose_chlorolichen","foliose","chlorolichen","foliose_chlorolichen",0,"RA1_TE","qw","RA1","Betula_sp",86.5,"inter_b","low_impact",10.36525,27.5338051548979,-0.205396480231196,-1.11800880184491
719,"sphaerophorus_globosus","","RA1_TE_QW","RA1_TE_QW_L_20260713_141819503","med_conf",2,"fruticose_chlorolichen","fruticose","chlorolichen","fruticose_chlorolichen",1,"RA1_TE","qw","RA1","Betula_sp",86.5,"inter_b","low_impact",10.36525,27.5338051548979,-0.205396480231196,-1.11800880184491
720,"usnea_cornuta_s._lat.","","RA1_TE_QW","RA1_TE_QW_L_20260713_141819521","high_conf",1,"fruticose_chlorolichen","fruticose","chlorolichen","fruticose_chlorolichen",1,"RA1_TE","qw","RA1","Betula_sp",86.5,"inter_b","low_impact",10.36525,27.5338051548979,-0.205396480231196,-1.11800880184491
721,"lepraria_sp","","RA1_TE_QN","RA1_TE_QN_L_20260713_141819535","high_conf",3,"leprose_chlorolichen","leprose","chlorolichen","leprose_chlorolichen",0,"RA1_TE","qn","RA1","Betula_sp",86.5,"inter_b","low_impact",10.36525,27.5338051548979,-0.205396480231196,-1.11800880184491
722,"cladonia_sp","","RA1_TE_QN","RA1_TE_QN_L_20260713_141819535","high_conf",5,"squamulose_chlorolichen","squamulose","chlorolichen","squamulose_chlorolichen",0,"RA1_TE","qn","RA1","Betula_sp",86.5,"inter_b","low_impact",10.36525,27.5338051548979,-0.205396480231196,-1.11800880184491
723,"usnea_cornuta_s._lat.","","RA1_TE_QN","RA1_TE_QN_L_20260713_141819554","high_conf",1,"fruticose_chlorolichen","fruticose","chlorolichen","fruticose_chlorolichen",1,"RA1_TE","qn","RA1","Betula_sp",86.5,"inter_b","low_impact",10.36525,27.5338051548979,-0.205396480231196,-1.11800880184491
724,"lepraria_sp","","RA1_TE_QE","RA1_TE_QE_L_20260713_141819561","high_conf",3,"leprose_chlorolichen","leprose","chlorolichen","leprose_chlorolichen",0,"RA1_TE","qe","RA1","Betula_sp",86.5,"inter_b","low_impact",10.36525,27.5338051548979,-0.205396480231196,-1.11800880184491
725,"normandina_pulchella","","RA1_TE_QE","RA1_TE_QE_L_20260713_141819569","high_conf",5,"squamulose_cyanolichen","squamulose","cyanolichen","squamulose_chlorolichen",1,"RA1_TE","qe","RA1","Betula_sp",86.5,"inter_b","low_impact",10.36525,27.5338051548979,-0.205396480231196,-1.11800880184491
726,"cladonia_coniocraea","","RA1_TE_QE","RA1_TE_QE_L_20260713_141819576","high_conf",5,"foliose_chlorolichen","foliose","chlorolichen","foliose_chlorolichen",0,"RA1_TE","qe","RA1","Betula_sp",86.5,"inter_b","low_impact",10.36525,27.5338051548979,-0.205396480231196,-1.11800880184491
727,"usnea_cornuta_s._lat.","","RA1_TE_QE","RA1_TE_QE_L_20260713_141819591","high_conf",2,"fruticose_chlorolichen","fruticose","chlorolichen","fruticose_chlorolichen",1,"RA1_TE","qe","RA1","Betula_sp",86.5,"inter_b","low_impact",10.36525,27.5338051548979,-0.205396480231196,-1.11800880184491
728,"usnea_subfloridana","","RA1_TE_QE","RA1_TE_QE_L_20260713_141819603","high_conf",1,"fruticose_chlorolichen","fruticose","chlorolichen","fruticose_chlorolichen",1,"RA1_TE","qe","RA1","Betula_sp",86.5,"inter_b","low_impact",10.36525,27.5338051548979,-0.205396480231196,-1.11800880184491
729,"lepra_albescens_var._albescens","","RA1_TE_QE","RA1_TE_QE_L_20260713_141819613","med_conf",5,"crustose_chlorolichen","crustose","chlorolichen","crustose_chlorolichen",0,"RA1_TE","qe","RA1","Betula_sp",86.5,"inter_b","low_impact",10.36525,27.5338051548979,-0.205396480231196,-1.11800880184491
730,"cladonia_coniocraea","","RA1_TE_QS","RA1_TE_QS_L_20260713_141819622","high_conf",5,"foliose_chlorolichen","foliose","chlorolichen","foliose_chlorolichen",0,"RA1_TE","qs","RA1","Betula_sp",86.5,"inter_b","low_impact",10.36525,27.5338051548979,-0.205396480231196,-1.11800880184491
731,"ochrolechia_androgyna","","RA1_TE_QS","RA1_TE_QS_L_20260713_141819629","high_conf",5,"crustose_chlorolichen","crustose","chlorolichen","crustose_chlorolichen",0,"RA1_TE","qs","RA1","Betula_sp",86.5,"inter_b","low_impact",10.36525,27.5338051548979,-0.205396480231196,-1.11800880184491
732,"hypotrachyna_laevigata","","RA1_TE_QS","RA1_TE_QS_L_20260713_141819639","med_conf",3,"foliose_chlorolichen","foliose","chlorolichen","foliose_chlorolichen",1,"RA1_TE","qs","RA1","Betula_sp",86.5,"inter_b","low_impact",10.36525,27.5338051548979,-0.205396480231196,-1.11800880184491
733,"thelotrema_lepadinum","","RA1_TE_QS","RA1_TE_QS_L_20260713_141819649","high_conf",5,"crustose_chlorolichen","crustose","chlorolichen","crustose_chlorolichen",1,"RA1_TE","qs","RA1","Betula_sp",86.5,"inter_b","low_impact",10.36525,27.5338051548979,-0.205396480231196,-1.11800880184491
734,"mycoblastus_sanguinarius_f._sanguinarius","","RA1_TE_QS","RA1_TE_QS_L_20260713_141819658","high_conf",2,"crustose_chlorolichen","crustose","chlorolichen","crustose_chlorolichen",0,"RA1_TE","qs","RA1","Betula_sp",86.5,"inter_b","low_impact",10.36525,27.5338051548979,-0.205396480231196,-1.11800880184491
735,"usnea_cornuta_s._lat.","","RA1_TE_QS","RA1_TE_QS_L_20260713_141819669","high_conf",1,"fruticose_chlorolichen","fruticose","chlorolichen","fruticose_chlorolichen",1,"RA1_TE","qs","RA1","Betula_sp",86.5,"inter_b","low_impact",10.36525,27.5338051548979,-0.205396480231196,-1.11800880184491
736,"cladonia_chlorophaea_s._lat.","","RA1_TN_QS","RA1_TN_QS_L_20260713_141819677","high_conf",5,"foliose_chlorolichen","foliose","chlorolichen","foliose_chlorolichen",0,"RA1_TN","qs","RA1","Acer_pseudoplatanus",66.5,"smooth_b","low_impact",10.36525,21.1676074312221,-0.527031749427791,-1.11800880184491
737,"lepraria_sp","","RA1_TN_QS","RA1_TN_QS_L_20260713_141819685","high_conf",1,"leprose_chlorolichen","leprose","chlorolichen","leprose_chlorolichen",0,"RA1_TN","qs","RA1","Acer_pseudoplatanus",66.5,"smooth_b","low_impact",10.36525,21.1676074312221,-0.527031749427791,-1.11800880184491
738,"thelotrema_lepadinum","","RA1_TN_QS","RA1_TN_QS_L_20260713_141819693","high_conf",4,"crustose_chlorolichen","crustose","chlorolichen","crustose_chlorolichen",1,"RA1_TN","qs","RA1","Acer_pseudoplatanus",66.5,"smooth_b","low_impact",10.36525,21.1676074312221,-0.527031749427791,-1.11800880184491
739,"lecanora_sp","","RA1_TN_QS","RA1_TN_QS_L_20260713_141819701","high_conf",4,"crustose_chlorolichen","crustose","chlorolichen","crustose_chlorolichen",0,"RA1_TN","qs","RA1","Acer_pseudoplatanus",66.5,"smooth_b","low_impact",10.36525,21.1676074312221,-0.527031749427791,-1.11800880184491
740,"pannaria_rubiginosa","","RA1_TN_QS","RA1_TN_QS_L_20260713_141819711","high_conf",2,"foliose_cyanolichen","foliose","cyanolichen","foliose_cyanolichen",1,"RA1_TN","qs","RA1","Acer_pseudoplatanus",66.5,"smooth_b","low_impact",10.36525,21.1676074312221,-0.527031749427791,-1.11800880184491
741,"parmelia_saxatilis_s._lat.","","RA1_TN_QS","RA1_TN_QS_L_20260713_141819719","med_conf",4,"foliose_chlorolichen","foliose","chlorolichen","foliose_chlorolichen",0,"RA1_TN","qs","RA1","Acer_pseudoplatanus",66.5,"smooth_b","low_impact",10.36525,21.1676074312221,-0.527031749427791,-1.11800880184491
742,"normandina_pulchella","","RA1_TN_QS","RA1_TN_QS_L_20260713_141819727","high_conf",3,"squamulose_cyanolichen","squamulose","cyanolichen","squamulose_chlorolichen",1,"RA1_TN","qs","RA1","Acer_pseudoplatanus",66.5,"smooth_b","low_impact",10.36525,21.1676074312221,-0.527031749427791,-1.11800880184491
743,"mycoblastus_sanguinarius_f._sanguinarius","","RA1_TN_QE","RA1_TN_QE_L_20260713_141819735","high_conf",5,"crustose_chlorolichen","crustose","chlorolichen","crustose_chlorolichen",0,"RA1_TN","qe","RA1","Acer_pseudoplatanus",66.5,"smooth_b","low_impact",10.36525,21.1676074312221,-0.527031749427791,-1.11800880184491
744,"normandina_pulchella","","RA1_TN_QE","RA1_TN_QE_L_20260713_141819747","high_conf",5,"squamulose_cyanolichen","squamulose","cyanolichen","squamulose_chlorolichen",1,"RA1_TN","qe","RA1","Acer_pseudoplatanus",66.5,"smooth_b","low_impact",10.36525,21.1676074312221,-0.527031749427791,-1.11800880184491
745,"cladonia_chlorophaea_s._lat.","","RA1_TN_QE","RA1_TN_QE_L_20260713_141819755","high_conf",3,"foliose_chlorolichen","foliose","chlorolichen","foliose_chlorolichen",0,"RA1_TN","qe","RA1","Acer_pseudoplatanus",66.5,"smooth_b","low_impact",10.36525,21.1676074312221,-0.527031749427791,-1.11800880184491
746,"cladonia_coniocraea","","RA1_TN_QE","RA1_TN_QE_L_20260713_141819763","high_conf",5,"foliose_chlorolichen","foliose","chlorolichen","foliose_chlorolichen",0,"RA1_TN","qe","RA1","Acer_pseudoplatanus",66.5,"smooth_b","low_impact",10.36525,21.1676074312221,-0.527031749427791,-1.11800880184491
747,"pannaria_conoplea","","RA1_TN_QE","RA1_TN_QE_L_20260713_141819771","high_conf",2,"foliose_cyanolichen","foliose","cyanolichen","foliose_cyanolichen",1,"RA1_TN","qe","RA1","Acer_pseudoplatanus",66.5,"smooth_b","low_impact",10.36525,21.1676074312221,-0.527031749427791,-1.11800880184491
748,"graphis_scripta_s._lat.","","RA1_TN_QE","RA1_TN_QE_L_20260713_141819779","high_conf",1,"crustose_chlorolichen","crustose","chlorolichen","crustose_chlorolichen",0,"RA1_TN","qe","RA1","Acer_pseudoplatanus",66.5,"smooth_b","low_impact",10.36525,21.1676074312221,-0.527031749427791,-1.11800880184491
749,"cladonia_chlorophaea_s._lat.","","RA1_TN_QW","RA1_TN_QW_L_20260713_141819791","high_conf",5,"foliose_chlorolichen","foliose","chlorolichen","foliose_chlorolichen",0,"RA1_TN","qw","RA1","Acer_pseudoplatanus",66.5,"smooth_b","low_impact",10.36525,21.1676074312221,-0.527031749427791,-1.11800880184491
750,"normandina_pulchella","","RA1_TN_QW","RA1_TN_QW_L_20260713_141819799","high_conf",5,"squamulose_cyanolichen","squamulose","cyanolichen","squamulose_chlorolichen",1,"RA1_TN","qw","RA1","Acer_pseudoplatanus",66.5,"smooth_b","low_impact",10.36525,21.1676074312221,-0.527031749427791,-1.11800880184491
751,"thelotrema_lepadinum","","RA1_TN_QW","RA1_TN_QW_L_20260713_141819807","high_conf",1,"crustose_chlorolichen","crustose","chlorolichen","crustose_chlorolichen",1,"RA1_TN","qw","RA1","Acer_pseudoplatanus",66.5,"smooth_b","low_impact",10.36525,21.1676074312221,-0.527031749427791,-1.11800880184491
752,"cladonia_coniocraea","","RA1_TN_QN","RA1_TN_QN_L_20260713_141819815","high_conf",3,"foliose_chlorolichen","foliose","chlorolichen","foliose_chlorolichen",0,"RA1_TN","qn","RA1","Acer_pseudoplatanus",66.5,"smooth_b","low_impact",10.36525,21.1676074312221,-0.527031749427791,-1.11800880184491
753,"cladonia_chlorophaea_s._lat.","","RA1_TN_QN","RA1_TN_QN_L_20260713_141819821","high_conf",2,"foliose_chlorolichen","foliose","chlorolichen","foliose_chlorolichen",0,"RA1_TN","qn","RA1","Acer_pseudoplatanus",66.5,"smooth_b","low_impact",10.36525,21.1676074312221,-0.527031749427791,-1.11800880184491
754,"normandina_pulchella","","RA1_TN_QN","RA1_TN_QN_L_20260713_141819821","",3,"squamulose_cyanolichen","squamulose","cyanolichen","squamulose_chlorolichen",1,"RA1_TN","qn","RA1","Acer_pseudoplatanus",66.5,"smooth_b","low_impact",10.36525,21.1676074312221,-0.527031749427791,-1.11800880184491
755,"cladonia_chlorophaea_s._lat.","","RA1_TS_QW","RA1_TS_QW_L_20260713_141819842","high_conf",5,"foliose_chlorolichen","foliose","chlorolichen","foliose_chlorolichen",0,"RA1_TS","qw","RA1","Betula_sp",56,"inter_b","low_impact",10.36525,17.8253536262923,-0.695890265756003,-1.11800880184491
756,"cladonia_coniocraea","","RA1_TS_QW","RA1_TS_QW_L_20260713_141819842","high_conf",2,"foliose_chlorolichen","foliose","chlorolichen","foliose_chlorolichen",0,"RA1_TS","qw","RA1","Betula_sp",56,"inter_b","low_impact",10.36525,17.8253536262923,-0.695890265756003,-1.11800880184491
757,"parmelia_sulcata","","RA1_TS_QW","RA1_TS_QW_L_20260713_141819863","high_conf",4,"foliose_chlorolichen","foliose","chlorolichen","foliose_chlorolichen",0,"RA1_TS","qw","RA1","Betula_sp",56,"inter_b","low_impact",10.36525,17.8253536262923,-0.695890265756003,-1.11800880184491
758,"usnea_cornuta_s._lat.","","RA1_TS_QW","RA1_TS_QW_L_20260713_141819868","high_conf",2,"fruticose_chlorolichen","fruticose","chlorolichen","fruticose_chlorolichen",1,"RA1_TS","qw","RA1","Betula_sp",56,"inter_b","low_impact",10.36525,17.8253536262923,-0.695890265756003,-1.11800880184491
759,"ochrolechia_androgyna","","RA1_TS_QW","RA1_TS_QW_L_20260713_141819884","high_conf",2,"crustose_chlorolichen","crustose","chlorolichen","crustose_chlorolichen",0,"RA1_TS","qw","RA1","Betula_sp",56,"inter_b","low_impact",10.36525,17.8253536262923,-0.695890265756003,-1.11800880184491
760,"cladonia_coniocraea","","RA1_TS_QS","RA1_TS_QS_L_20260713_141819884","high_conf",2,"foliose_chlorolichen","foliose","chlorolichen","foliose_chlorolichen",0,"RA1_TS","qs","RA1","Betula_sp",56,"inter_b","low_impact",10.36525,17.8253536262923,-0.695890265756003,-1.11800880184491
761,"cladonia_floerkeana","","RA1_TS_QS","RA1_TS_QS_L_20260713_141819900","med_conf",3,"foliose_chlorolichen","foliose","chlorolichen","foliose_chlorolichen",0,"RA1_TS","qs","RA1","Betula_sp",56,"inter_b","low_impact",10.36525,17.8253536262923,-0.695890265756003,-1.11800880184491
762,"ochrolechia_androgyna","","RA1_TS_QS","RA1_TS_QS_L_20260713_141819900","high_conf",3,"crustose_chlorolichen","crustose","chlorolichen","crustose_chlorolichen",0,"RA1_TS","qs","RA1","Betula_sp",56,"inter_b","low_impact",10.36525,17.8253536262923,-0.695890265756003,-1.11800880184491
763,"parmelia_sulcata","","RA1_TS_QS","RA1_TS_QS_L_20260713_141819921","med_conf",2,"foliose_chlorolichen","foliose","chlorolichen","foliose_chlorolichen",0,"RA1_TS","qs","RA1","Betula_sp",56,"inter_b","low_impact",10.36525,17.8253536262923,-0.695890265756003,-1.11800880184491
764,"usnea_cornuta_s._lat.","","RA1_TS_QS","RA1_TS_QS_L_20260713_141819921","high_conf",1,"fruticose_chlorolichen","fruticose","chlorolichen","fruticose_chlorolichen",1,"RA1_TS","qs","RA1","Betula_sp",56,"inter_b","low_impact",10.36525,17.8253536262923,-0.695890265756003,-1.11800880184491
765,"parmelia_sulcata","","RA1_TS_QE","RA1_TS_QE_L_20260713_141819932","med_conf",1,"foliose_chlorolichen","foliose","chlorolichen","foliose_chlorolichen",0,"RA1_TS","qe","RA1","Betula_sp",56,"inter_b","low_impact",10.36525,17.8253536262923,-0.695890265756003,-1.11800880184491
766,"cladonia_floerkeana","","RA1_TS_QE","RA1_TS_QE_L_20260713_141819932","med_conf",5,"foliose_chlorolichen","foliose","chlorolichen","foliose_chlorolichen",0,"RA1_TS","qe","RA1","Betula_sp",56,"inter_b","low_impact",10.36525,17.8253536262923,-0.695890265756003,-1.11800880184491
767,"cladonia_chlorophaea_s._lat.","","RA1_TS_QE","RA1_TS_QE_L_20260713_141819948","high_conf",1,"foliose_chlorolichen","foliose","chlorolichen","foliose_chlorolichen",0,"RA1_TS","qe","RA1","Betula_sp",56,"inter_b","low_impact",10.36525,17.8253536262923,-0.695890265756003,-1.11800880184491
768,"cladonia_sp","","RA1_TS_QE","RA1_TS_QE_L_20260713_141819964","high_conf",5,"squamulose_chlorolichen","squamulose","chlorolichen","squamulose_chlorolichen",0,"RA1_TS","qe","RA1","Betula_sp",56,"inter_b","low_impact",10.36525,17.8253536262923,-0.695890265756003,-1.11800880184491
769,"lepra_sp","","RA1_TS_QE","RA1_TS_QE_L_20260713_141819970","high_conf",5,"crustose_chlorolichen","crustose","chlorolichen","crustose_chlorolichen",0,"RA1_TS","qe","RA1","Betula_sp",56,"inter_b","low_impact",10.36525,17.8253536262923,-0.695890265756003,-1.11800880184491
770,"usnea_cornuta_s._lat.","","RA1_TS_QN","RA1_TS_QN_L_20260713_141819980","high_conf",3,"fruticose_chlorolichen","fruticose","chlorolichen","fruticose_chlorolichen",1,"RA1_TS","qn","RA1","Betula_sp",56,"inter_b","low_impact",10.36525,17.8253536262923,-0.695890265756003,-1.11800880184491
771,"cladonia_floerkeana","","RA1_TS_QN","RA1_TS_QN_L_20260713_141819980","high_conf",4,"foliose_chlorolichen","foliose","chlorolichen","foliose_chlorolichen",0,"RA1_TS","qn","RA1","Betula_sp",56,"inter_b","low_impact",10.36525,17.8253536262923,-0.695890265756003,-1.11800880184491
772,"cladonia_sp","","RA1_TS_QN","RA1_TS_QN_L_20260713_141819996","high_conf",5,"squamulose_chlorolichen","squamulose","chlorolichen","squamulose_chlorolichen",0,"RA1_TS","qn","RA1","Betula_sp",56,"inter_b","low_impact",10.36525,17.8253536262923,-0.695890265756003,-1.11800880184491
773,"lepraria_sp","","RA1_TS_QN","RA1_TS_QN_L_20260713_141819996","med_conf",1,"leprose_chlorolichen","leprose","chlorolichen","leprose_chlorolichen",0,"RA1_TS","qn","RA1","Betula_sp",56,"inter_b","low_impact",10.36525,17.8253536262923,-0.695890265756003,-1.11800880184491
774,"lepra_sp","","RA1_TS_QN","RA1_TS_QN_L_20260713_141820011","med_conf",2,"crustose_chlorolichen","crustose","chlorolichen","crustose_chlorolichen",0,"RA1_TS","qn","RA1","Betula_sp",56,"inter_b","low_impact",10.36525,17.8253536262923,-0.695890265756003,-1.11800880184491
775,"lepraria_sp","","RA1_TW_QN","RA1_TW_QN_L_20260713_141820011","med_conf",5,"leprose_chlorolichen","leprose","chlorolichen","leprose_chlorolichen",0,"RA1_TW","qn","RA1","Fraxinus_excelsior",68,"smooth_b","low_impact",10.36525,21.6450722604978,-0.502909104238046,-1.11800880184491
776,"cladonia_sp","","RA1_TW_QN","RA1_TW_QN_L_20260713_141820031","high_conf",5,"squamulose_chlorolichen","squamulose","chlorolichen","squamulose_chlorolichen",0,"RA1_TW","qn","RA1","Fraxinus_excelsior",68,"smooth_b","low_impact",10.36525,21.6450722604978,-0.502909104238046,-1.11800880184491
777,"lepraria_sp","","RA1_TW_QN","RA1_TW_QN_L_20260713_141820043","med_conf",2,"leprose_chlorolichen","leprose","chlorolichen","leprose_chlorolichen",0,"RA1_TW","qn","RA1","Fraxinus_excelsior",68,"smooth_b","low_impact",10.36525,21.6450722604978,-0.502909104238046,-1.11800880184491
778,"lepra_sp","","RA1_TW_QE","RA1_TW_QE_L_20260713_141820043","med_conf",5,"crustose_chlorolichen","crustose","chlorolichen","crustose_chlorolichen",0,"RA1_TW","qe","RA1","Fraxinus_excelsior",68,"smooth_b","low_impact",10.36525,21.6450722604978,-0.502909104238046,-1.11800880184491
779,"cladonia_sp","","RA1_TW_QE","RA1_TW_QE_L_20260713_141820059","high_conf",5,"squamulose_chlorolichen","squamulose","chlorolichen","squamulose_chlorolichen",0,"RA1_TW","qe","RA1","Fraxinus_excelsior",68,"smooth_b","low_impact",10.36525,21.6450722604978,-0.502909104238046,-1.11800880184491
780,"pectenia_atlantica","","RA1_TW_QE","RA1_TW_QE_L_20260713_141820064","med_conf",1,"foliose_cyanolichen","foliose","cyanolichen","foliose_cyanolichen",1,"RA1_TW","qe","RA1","Fraxinus_excelsior",68,"smooth_b","low_impact",10.36525,21.6450722604978,-0.502909104238046,-1.11800880184491
781,"lepraria_sp","","RA1_TW_QE","RA1_TW_QE_L_20260713_141820075","med_conf",2,"leprose_chlorolichen","leprose","chlorolichen","leprose_chlorolichen",0,"RA1_TW","qe","RA1","Fraxinus_excelsior",68,"smooth_b","low_impact",10.36525,21.6450722604978,-0.502909104238046,-1.11800880184491
782,"cladonia_chlorophaea_s._lat.","","RA1_TW_QS","RA1_TW_QS_L_20260713_141820075","high_conf",5,"foliose_chlorolichen","foliose","chlorolichen","foliose_chlorolichen",0,"RA1_TW","qs","RA1","Fraxinus_excelsior",68,"smooth_b","low_impact",10.36525,21.6450722604978,-0.502909104238046,-1.11800880184491
783,"ochrolechia_tartarea","","RA1_TW_QS","RA1_TW_QS_L_20260713_141820091","high_conf",2,"crustose_chlorolichen","crustose","chlorolichen","crustose_chlorolichen",1,"RA1_TW","qs","RA1","Fraxinus_excelsior",68,"smooth_b","low_impact",10.36525,21.6450722604978,-0.502909104238046,-1.11800880184491
784,"pyrenula_macrospora","","RA1_TW_QS","RA1_TW_QS_L_20260713_141820091","med_conf",2,"crustose_chlorolichen","crustose","chlorolichen","crustose_chlorolichen",1,"RA1_TW","qs","RA1","Fraxinus_excelsior",68,"smooth_b","low_impact",10.36525,21.6450722604978,-0.502909104238046,-1.11800880184491
785,"graphis_scripta_s._lat.","","RA1_TW_QW","RA1_TW_QW_L_20260713_141820107","high_conf",3,"crustose_chlorolichen","crustose","chlorolichen","crustose_chlorolichen",0,"RA1_TW","qw","RA1","Fraxinus_excelsior",68,"smooth_b","low_impact",10.36525,21.6450722604978,-0.502909104238046,-1.11800880184491
786,"cladonia_chlorophaea_s._lat.","","RA1_TW_QW","RA1_TW_QW_L_20260713_141820107","high_conf",5,"foliose_chlorolichen","foliose","chlorolichen","foliose_chlorolichen",0,"RA1_TW","qw","RA1","Fraxinus_excelsior",68,"smooth_b","low_impact",10.36525,21.6450722604978,-0.502909104238046,-1.11800880184491
787,"lepra_sp","","RA1_TW_QW","RA1_TW_QW_L_20260713_141820123","high_conf",3,"crustose_chlorolichen","crustose","chlorolichen","crustose_chlorolichen",0,"RA1_TW","qw","RA1","Fraxinus_excelsior",68,"smooth_b","low_impact",10.36525,21.6450722604978,-0.502909104238046,-1.11800880184491
788,"graphis_elegans","","RA1_TW_QW","RA1_TW_QW_L_20260713_141820123","high_conf",1,"crustose_chlorolichen","crustose","chlorolichen","crustose_chlorolichen",1,"RA1_TW","qw","RA1","Fraxinus_excelsior",68,"smooth_b","low_impact",10.36525,21.6450722604978,-0.502909104238046,-1.11800880184491
789,"usnea_subfloridana","","AGG4_TW_QS","AGG4_TW_QS_L_20260713_141820138","high_conf",3,"fruticose_chlorolichen","fruticose","chlorolichen","fruticose_chlorolichen",1,"AGG4_TW","qs","AGG4","Quercus_sp",1.69,"rough_b","high_impact",42.11675,0.537943707650606,-1.56929083925936,0.244564999670265
790,"cladonia_coniocraea","","AGG4_TW_QS","AGG4_TW_QS_L_20260713_141820154","high_conf",5,"foliose_chlorolichen","foliose","chlorolichen","foliose_chlorolichen",0,"AGG4_TW","qs","AGG4","Quercus_sp",1.69,"rough_b","high_impact",42.11675,0.537943707650606,-1.56929083925936,0.244564999670265
791,"ochrolechia_androgyna","","AGG4_TW_QS","AGG4_TW_QS_L_20260713_141820170","high_conf",4,"crustose_chlorolichen","crustose","chlorolichen","crustose_chlorolichen",0,"AGG4_TW","qs","AGG4","Quercus_sp",1.69,"rough_b","high_impact",42.11675,0.537943707650606,-1.56929083925936,0.244564999670265
792,"parmelia_saxatilis_s._lat.","","AGG4_TW_QS","AGG4_TW_QS_L_20260713_141820170","high_conf",4,"foliose_chlorolichen","foliose","chlorolichen","foliose_chlorolichen",0,"AGG4_TW","qs","AGG4","Quercus_sp",1.69,"rough_b","high_impact",42.11675,0.537943707650606,-1.56929083925936,0.244564999670265
793,"parmelia_saxatilis_s._lat.","","AGG4_TW_QE","AGG4_TW_QE_L_20260713_141820187","high_conf",5,"foliose_chlorolichen","foliose","chlorolichen","foliose_chlorolichen",0,"AGG4_TW","qe","AGG4","Quercus_sp",1.69,"rough_b","high_impact",42.11675,0.537943707650606,-1.56929083925936,0.244564999670265
794,"ochrolechia_androgyna","","AGG4_TW_QE","AGG4_TW_QE_L_20260713_141820187","high_conf",3,"crustose_chlorolichen","crustose","chlorolichen","crustose_chlorolichen",0,"AGG4_TW","qe","AGG4","Quercus_sp",1.69,"rough_b","high_impact",42.11675,0.537943707650606,-1.56929083925936,0.244564999670265
795,"lepra_sp","","AGG4_TW_QE","AGG4_TW_QE_L_20260713_141820204","med_conf",5,"crustose_chlorolichen","crustose","chlorolichen","crustose_chlorolichen",0,"AGG4_TW","qe","AGG4","Quercus_sp",1.69,"rough_b","high_impact",42.11675,0.537943707650606,-1.56929083925936,0.244564999670265
796,"lepraria_sp","","AGG4_TW_QE","AGG4_TW_QE_L_20260713_141820217","med_conf",3,"leprose_chlorolichen","leprose","chlorolichen","leprose_chlorolichen",0,"AGG4_TW","qe","AGG4","Quercus_sp",1.69,"rough_b","high_impact",42.11675,0.537943707650606,-1.56929083925936,0.244564999670265
797,"ochrolechia_tartarea","","AGG4_TW_QN","AGG4_TW_QN_L_20260713_141820220","high_conf",5,"crustose_chlorolichen","crustose","chlorolichen","crustose_chlorolichen",1,"AGG4_TW","qn","AGG4","Quercus_sp",1.69,"rough_b","high_impact",42.11675,0.537943707650606,-1.56929083925936,0.244564999670265
798,"ochrolechia_androgyna","","AGG4_TW_QN","AGG4_TW_QN_L_20260713_141820233","high_conf",3,"crustose_chlorolichen","crustose","chlorolichen","crustose_chlorolichen",0,"AGG4_TW","qn","AGG4","Quercus_sp",1.69,"rough_b","high_impact",42.11675,0.537943707650606,-1.56929083925936,0.244564999670265
799,"parmelia_saxatilis_s._lat.","","AGG4_TW_QN","AGG4_TW_QN_L_20260713_141820238","high_conf",5,"foliose_chlorolichen","foliose","chlorolichen","foliose_chlorolichen",0,"AGG4_TW","qn","AGG4","Quercus_sp",1.69,"rough_b","high_impact",42.11675,0.537943707650606,-1.56929083925936,0.244564999670265
800,"ochrolechia_androgyna","","AGG4_TW_QW","AGG4_TW_QW_L_20260713_141820249","high_conf",5,"crustose_chlorolichen","crustose","chlorolichen","crustose_chlorolichen",0,"AGG4_TW","qw","AGG4","Quercus_sp",1.69,"rough_b","high_impact",42.11675,0.537943707650606,-1.56929083925936,0.244564999670265
801,"parmelia_saxatilis_s._lat.","","AGG4_TW_QW","AGG4_TW_QW_L_20260713_141820254","high_conf",5,"foliose_chlorolichen","foliose","chlorolichen","foliose_chlorolichen",0,"AGG4_TW","qw","AGG4","Quercus_sp",1.69,"rough_b","high_impact",42.11675,0.537943707650606,-1.56929083925936,0.244564999670265
802,"ochrolechia_androgyna","","LAE2_TE_QS","LAE2_TE_QS_L_20260713_141820265","high_conf",5,"crustose_chlorolichen","crustose","chlorolichen","crustose_chlorolichen",0,"LAE2_TE","qs","LAE2","Quercus_sp",3.75,"rough_b","medium_impact",12.009,1.19366207318922,-1.53616240653211,-1.04746943563416
803,"cladonia_coniocraea","","LAE2_TE_QS","LAE2_TE_QS_L_20260713_141820265","high_conf",5,"foliose_chlorolichen","foliose","chlorolichen","foliose_chlorolichen",0,"LAE2_TE","qs","LAE2","Quercus_sp",3.75,"rough_b","medium_impact",12.009,1.19366207318922,-1.53616240653211,-1.04746943563416
804,"ochrolechia_androgyna","","LAE2_TE_QE","LAE2_TE_QE_L_20260713_141820287","high_conf",5,"crustose_chlorolichen","crustose","chlorolichen","crustose_chlorolichen",0,"LAE2_TE","qe","LAE2","Quercus_sp",3.75,"rough_b","medium_impact",12.009,1.19366207318922,-1.53616240653211,-1.04746943563416
805,"lepraria_sp","","LAE2_TE_QE","LAE2_TE_QE_L_20260713_141820297","med_conf",5,"leprose_chlorolichen","leprose","chlorolichen","leprose_chlorolichen",0,"LAE2_TE","qe","LAE2","Quercus_sp",3.75,"rough_b","medium_impact",12.009,1.19366207318922,-1.53616240653211,-1.04746943563416
806,"cladonia_coniocraea","","LAE2_TE_QN","LAE2_TE_QN_L_20260713_141820297","high_conf",4,"foliose_chlorolichen","foliose","chlorolichen","foliose_chlorolichen",0,"LAE2_TE","qn","LAE2","Quercus_sp",3.75,"rough_b","medium_impact",12.009,1.19366207318922,-1.53616240653211,-1.04746943563416
807,"lepraria_sp","","LAE2_TE_QN","LAE2_TE_QN_L_20260713_141820313","low_conf",2,"leprose_chlorolichen","leprose","chlorolichen","leprose_chlorolichen",0,"LAE2_TE","qn","LAE2","Quercus_sp",3.75,"rough_b","medium_impact",12.009,1.19366207318922,-1.53616240653211,-1.04746943563416
808,"lepraria_sp","","LAE2_TE_QW","LAE2_TE_QW_L_20260713_141820313","high_conf",5,"leprose_chlorolichen","leprose","chlorolichen","leprose_chlorolichen",0,"LAE2_TE","qw","LAE2","Quercus_sp",3.75,"rough_b","medium_impact",12.009,1.19366207318922,-1.53616240653211,-1.04746943563416
809,"lecanactis_abietina","","LAE2_TE_QW","LAE2_TE_QW_L_20260713_141820329","high_conf",4,"crustose_chlorolichen","crustose","chlorolichen","crustose_chlorolichen",0,"LAE2_TE","qw","LAE2","Quercus_sp",3.75,"rough_b","medium_impact",12.009,1.19366207318922,-1.53616240653211,-1.04746943563416
810,"cladonia_sp","","LAE2_TN_QE","LAE2_TN_QE_L_20260713_141820345","high_conf",5,"squamulose_chlorolichen","squamulose","chlorolichen","squamulose_chlorolichen",0,"LAE2_TN","qe","LAE2","Alnus_glutinosa",78,"inter_b","medium_impact",12.009,24.8281711223357,-0.342091469639749,-1.04746943563416
811,"lecanactis_abietina","","LAE2_TN_QE","LAE2_TN_QE_L_20260713_141820345","med_conf",3,"crustose_chlorolichen","crustose","chlorolichen","crustose_chlorolichen",0,"LAE2_TN","qe","LAE2","Alnus_glutinosa",78,"inter_b","medium_impact",12.009,24.8281711223357,-0.342091469639749,-1.04746943563416
812,"lecanactis_abietina","","LAE2_TN_QN","LAE2_TN_QN_L_20260713_141820361","low_conf",5,"crustose_chlorolichen","crustose","chlorolichen","crustose_chlorolichen",0,"LAE2_TN","qn","LAE2","Alnus_glutinosa",78,"inter_b","medium_impact",12.009,24.8281711223357,-0.342091469639749,-1.04746943563416
813,"cladonia_sp","","LAE2_TN_QN","LAE2_TN_QN_L_20260713_141820364","high_conf",2,"squamulose_chlorolichen","squamulose","chlorolichen","squamulose_chlorolichen",0,"LAE2_TN","qn","LAE2","Alnus_glutinosa",78,"inter_b","medium_impact",12.009,24.8281711223357,-0.342091469639749,-1.04746943563416
814,"cladonia_sp","","LAE2_TN_QS","LAE2_TN_QS_L_20260713_141820377","high_conf",5,"squamulose_chlorolichen","squamulose","chlorolichen","squamulose_chlorolichen",0,"LAE2_TN","qs","LAE2","Alnus_glutinosa",78,"inter_b","medium_impact",12.009,24.8281711223357,-0.342091469639749,-1.04746943563416
815,"graphis_scripta_s._lat.","","LAE2_TN_QW","LAE2_TN_QW_L_20260713_141820377","high_conf",1,"crustose_chlorolichen","crustose","chlorolichen","crustose_chlorolichen",0,"LAE2_TN","qw","LAE2","Alnus_glutinosa",78,"inter_b","medium_impact",12.009,24.8281711223357,-0.342091469639749,-1.04746943563416
816,"cladonia_sp","","LAE2_TN_QW","LAE2_TN_QW_L_20260713_141820397","high_conf",4,"squamulose_chlorolichen","squamulose","chlorolichen","squamulose_chlorolichen",0,"LAE2_TN","qw","LAE2","Alnus_glutinosa",78,"inter_b","medium_impact",12.009,24.8281711223357,-0.342091469639749,-1.04746943563416
817,"normandina_pulchella","","LAE2_TN_QW","LAE2_TN_QW_L_20260713_141820397","high_conf",3,"squamulose_cyanolichen","squamulose","cyanolichen","squamulose_chlorolichen",1,"LAE2_TN","qw","LAE2","Alnus_glutinosa",78,"inter_b","medium_impact",12.009,24.8281711223357,-0.342091469639749,-1.04746943563416
818,"pyrenula_macrospora","","LAE2_TN_QW","LAE2_TN_QW_L_20260713_141820409","med_conf",3,"crustose_chlorolichen","crustose","chlorolichen","crustose_chlorolichen",1,"LAE2_TN","qw","LAE2","Alnus_glutinosa",78,"inter_b","medium_impact",12.009,24.8281711223357,-0.342091469639749,-1.04746943563416
819,"cladonia_sp","","LAE2_TS_QN","LAE2_TS_QN_L_20260713_141820420","high_conf",5,"squamulose_chlorolichen","squamulose","chlorolichen","squamulose_chlorolichen",0,"LAE2_TS","qn","LAE2","Alnus_glutinosa",42,"smooth_b","medium_impact",12.009,13.3690152197192,-0.921034954193619,-1.04746943563416
820,"normandina_pulchella","","LAE2_TS_QN","LAE2_TS_QN_L_20260713_141820425","high_conf",2,"squamulose_cyanolichen","squamulose","cyanolichen","squamulose_chlorolichen",1,"LAE2_TS","qn","LAE2","Alnus_glutinosa",42,"smooth_b","medium_impact",12.009,13.3690152197192,-0.921034954193619,-1.04746943563416
821,"ochrolechia_androgyna","","LAE2_TS_QN","LAE2_TS_QN_L_20260713_141820441","high_conf",4,"crustose_chlorolichen","crustose","chlorolichen","crustose_chlorolichen",0,"LAE2_TS","qn","LAE2","Alnus_glutinosa",42,"smooth_b","medium_impact",12.009,13.3690152197192,-0.921034954193619,-1.04746943563416
822,"cladonia_coniocraea","","LAE2_TS_QW","LAE2_TS_QW_L_20260713_141820441","high_conf",5,"foliose_chlorolichen","foliose","chlorolichen","foliose_chlorolichen",0,"LAE2_TS","qw","LAE2","Alnus_glutinosa",42,"smooth_b","medium_impact",12.009,13.3690152197192,-0.921034954193619,-1.04746943563416
823,"lepraria_sp","","LAE2_TS_QW","LAE2_TS_QW_L_20260713_141820457","med_conf",4,"leprose_chlorolichen","leprose","chlorolichen","leprose_chlorolichen",0,"LAE2_TS","qw","LAE2","Alnus_glutinosa",42,"smooth_b","medium_impact",12.009,13.3690152197192,-0.921034954193619,-1.04746943563416
824,"ochrolechia_tartarea","","LAE2_TS_QE","LAE2_TS_QE_L_20260713_141820464","high_conf",4,"crustose_chlorolichen","crustose","chlorolichen","crustose_chlorolichen",1,"LAE2_TS","qe","LAE2","Alnus_glutinosa",42,"smooth_b","medium_impact",12.009,13.3690152197192,-0.921034954193619,-1.04746943563416
825,"cladonia_coniocraea","","LAE2_TS_QE","LAE2_TS_QE_L_20260713_141820473","high_conf",5,"foliose_chlorolichen","foliose","chlorolichen","foliose_chlorolichen",0,"LAE2_TS","qe","LAE2","Alnus_glutinosa",42,"smooth_b","medium_impact",12.009,13.3690152197192,-0.921034954193619,-1.04746943563416
826,"lepraria_sp","","LAE2_TS_QE","LAE2_TS_QE_L_20260713_141820473","med_conf",3,"leprose_chlorolichen","leprose","chlorolichen","leprose_chlorolichen",0,"LAE2_TS","qe","LAE2","Alnus_glutinosa",42,"smooth_b","medium_impact",12.009,13.3690152197192,-0.921034954193619,-1.04746943563416
827,"cladonia_sp","","LAE2_TS_QS","LAE2_TS_QS_L_20260713_141820489","high_conf",5,"squamulose_chlorolichen","squamulose","chlorolichen","squamulose_chlorolichen",0,"LAE2_TS","qs","LAE2","Alnus_glutinosa",42,"smooth_b","medium_impact",12.009,13.3690152197192,-0.921034954193619,-1.04746943563416
828,"ochrolechia_tartarea","","LAE2_TS_QS","LAE2_TS_QS_L_20260713_141820504","high_conf",2,"crustose_chlorolichen","crustose","chlorolichen","crustose_chlorolichen",1,"LAE2_TS","qs","LAE2","Alnus_glutinosa",42,"smooth_b","medium_impact",12.009,13.3690152197192,-0.921034954193619,-1.04746943563416
829,"lepraria_sp","","LAE2_TS_QS","LAE2_TS_QS_L_20260713_141820505","med_conf",2,"leprose_chlorolichen","leprose","chlorolichen","leprose_chlorolichen",0,"LAE2_TS","qs","LAE2","Alnus_glutinosa",42,"smooth_b","medium_impact",12.009,13.3690152197192,-0.921034954193619,-1.04746943563416
830,"pyrenula_macrospora","","LAE2_TW_QE","LAE2_TW_QE_L_20260713_141820521","high_conf",5,"crustose_chlorolichen","crustose","chlorolichen","crustose_chlorolichen",1,"LAE2_TW","qe","LAE2","Corylus_avellana",13.15,"inter_b","medium_impact",12.009,4.18577500331685,-1.38499383000971,-1.04746943563416
831,"diarthonis_spadicea","","LAE2_TW_QE","LAE2_TW_QE_L_20260713_141820521","med_conf",2,"crustose_chlorolichen","crustose","chlorolichen","crustose_chlorolichen",0,"LAE2_TW","qe","LAE2","Corylus_avellana",13.15,"inter_b","medium_impact",12.009,4.18577500331685,-1.38499383000971,-1.04746943563416
832,"graphis_scripta_s._lat.","","LAE2_TW_QE","LAE2_TW_QE_L_20260713_141820537","high_conf",2,"crustose_chlorolichen","crustose","chlorolichen","crustose_chlorolichen",0,"LAE2_TW","qe","LAE2","Corylus_avellana",13.15,"inter_b","medium_impact",12.009,4.18577500331685,-1.38499383000971,-1.04746943563416
833,"thelotrema_lepadinum","","LAE2_TW_QE","LAE2_TW_QE_L_20260713_141820546","high_conf",4,"crustose_chlorolichen","crustose","chlorolichen","crustose_chlorolichen",1,"LAE2_TW","qe","LAE2","Corylus_avellana",13.15,"inter_b","medium_impact",12.009,4.18577500331685,-1.38499383000971,-1.04746943563416
834,"arthonia_sp","","LAE2_TW_QE","LAE2_TW_QE_L_20260713_141925162","high_conf",1,"crustose_chlorolichen","crustose","chlorolichen","",NA,"LAE2_TW","qe","LAE2","Corylus_avellana",13.15,"inter_b","medium_impact",12.009,4.18577500331685,-1.38499383000971,-1.04746943563416
835,"pyrenula_macrospora","","LAE2_TW_QS","LAE2_TW_QS_L_20260713_141820570","high_conf",5,"crustose_chlorolichen","crustose","chlorolichen","crustose_chlorolichen",1,"LAE2_TW","qs","LAE2","Corylus_avellana",13.15,"inter_b","medium_impact",12.009,4.18577500331685,-1.38499383000971,-1.04746943563416
836,"diarthonis_spadicea","","LAE2_TW_QS","LAE2_TW_QS_L_20260713_141820570","high_conf",1,"crustose_chlorolichen","crustose","chlorolichen","crustose_chlorolichen",0,"LAE2_TW","qs","LAE2","Corylus_avellana",13.15,"inter_b","medium_impact",12.009,4.18577500331685,-1.38499383000971,-1.04746943563416
837,"graphis_scripta_s._lat.","","LAE2_TW_QS","LAE2_TW_QS_L_20260713_141820587","high_conf",1,"crustose_chlorolichen","crustose","chlorolichen","crustose_chlorolichen",0,"LAE2_TW","qs","LAE2","Corylus_avellana",13.15,"inter_b","medium_impact",12.009,4.18577500331685,-1.38499383000971,-1.04746943563416
838,"lecanora_chlarotera_s._lat.","","LAE2_TW_QS","LAE2_TW_QS_L_20260713_141820587","med_conf",2,"crustose_chlorolichen","crustose","chlorolichen","crustose_chlorolichen",0,"LAE2_TW","qs","LAE2","Corylus_avellana",13.15,"inter_b","medium_impact",12.009,4.18577500331685,-1.38499383000971,-1.04746943563416
839,"thelotrema_lepadinum","","LAE2_TW_QS","LAE2_TW_QS_L_20260713_141820601","high_conf",4,"crustose_chlorolichen","crustose","chlorolichen","crustose_chlorolichen",1,"LAE2_TW","qs","LAE2","Corylus_avellana",13.15,"inter_b","medium_impact",12.009,4.18577500331685,-1.38499383000971,-1.04746943563416
840,"lecanora_chlarotera_s._lat.","","LAE2_TW_QW","LAE2_TW_QW_L_20260713_141820601","med_conf",1,"crustose_chlorolichen","crustose","chlorolichen","crustose_chlorolichen",0,"LAE2_TW","qw","LAE2","Corylus_avellana",13.15,"inter_b","medium_impact",12.009,4.18577500331685,-1.38499383000971,-1.04746943563416
841,"pyrenula_macrospora","","LAE2_TW_QW","LAE2_TW_QW_L_20260713_141820620","high_conf",5,"crustose_chlorolichen","crustose","chlorolichen","crustose_chlorolichen",1,"LAE2_TW","qw","LAE2","Corylus_avellana",13.15,"inter_b","medium_impact",12.009,4.18577500331685,-1.38499383000971,-1.04746943563416
842,"thelotrema_lepadinum","","LAE2_TW_QW","LAE2_TW_QW_L_20260713_141820620","high_conf",5,"crustose_chlorolichen","crustose","chlorolichen","crustose_chlorolichen",1,"LAE2_TW","qw","LAE2","Corylus_avellana",13.15,"inter_b","medium_impact",12.009,4.18577500331685,-1.38499383000971,-1.04746943563416
843,"graphis_scripta_s._lat.","","LAE2_TW_QW","LAE2_TW_QW_L_20260713_141820633","high_conf",1,"crustose_chlorolichen","crustose","chlorolichen","crustose_chlorolichen",0,"LAE2_TW","qw","LAE2","Corylus_avellana",13.15,"inter_b","medium_impact",12.009,4.18577500331685,-1.38499383000971,-1.04746943563416
844,"arthonia_sp","","LAE2_TW_QW","LAE2_TW_QW_L_20260713_141926813","med_conf",1,"crustose_chlorolichen","crustose","chlorolichen","",NA,"LAE2_TW","qw","LAE2","Corylus_avellana",13.15,"inter_b","medium_impact",12.009,4.18577500331685,-1.38499383000971,-1.04746943563416
845,"lecanactis_abietina","","LAE2_TW_QW","LAE2_TW_QW_L_20260713_141820654","med_conf",1,"crustose_chlorolichen","crustose","chlorolichen","crustose_chlorolichen",0,"LAE2_TW","qw","LAE2","Corylus_avellana",13.15,"inter_b","medium_impact",12.009,4.18577500331685,-1.38499383000971,-1.04746943563416
846,"graphis_scripta_s._lat.","","LAE2_TW_QN","LAE2_TW_QN_L_20260713_141820664","high_conf",1,"crustose_chlorolichen","crustose","chlorolichen","crustose_chlorolichen",0,"LAE2_TW","qn","LAE2","Corylus_avellana",13.15,"inter_b","medium_impact",12.009,4.18577500331685,-1.38499383000971,-1.04746943563416
847,"pyrenula_macrospora","","LAE2_TW_QN","LAE2_TW_QN_L_20260713_141820664","high_conf",5,"crustose_chlorolichen","crustose","chlorolichen","crustose_chlorolichen",1,"LAE2_TW","qn","LAE2","Corylus_avellana",13.15,"inter_b","medium_impact",12.009,4.18577500331685,-1.38499383000971,-1.04746943563416
848,"thelotrema_lepadinum","","LAE2_TW_QN","LAE2_TW_QN_L_20260713_141820680","high_conf",5,"crustose_chlorolichen","crustose","chlorolichen","crustose_chlorolichen",1,"LAE2_TW","qn","LAE2","Corylus_avellana",13.15,"inter_b","medium_impact",12.009,4.18577500331685,-1.38499383000971,-1.04746943563416
849,"lecanactis_abietina","","LAE2_TW_QN","LAE2_TW_QN_L_20260713_141820696","high_conf",1,"crustose_chlorolichen","crustose","chlorolichen","crustose_chlorolichen",0,"LAE2_TW","qn","LAE2","Corylus_avellana",13.15,"inter_b","medium_impact",12.009,4.18577500331685,-1.38499383000971,-1.04746943563416
