fid,lichen_species,lichen_notes,quadrat_id,obs_id,conf_level,l_frequency,morphotypes,rainforest_indicators_morphotypes,rainforest_indicators_rainforest_indicator
34,lobaria_pulmonaria,,LAE1_TE_QE,LAE1_TE_QE_L_20260713_141813367,high_conf,1,foliose_cyanolichen,foliose_cyanolichen,1
35,hypotrachyna_laevigata,,LAE1_TW_QE,LAE1_TW_QE_L_20260713_141813373,high_conf,4,foliose_chlorolichen,foliose_chlorolichen,1
36,melanelixia_glabratula,,LAE1_TW_QE,LAE1_TW_QE_L_20260713_141813383,med_conf,2,foliose_chlorolichen,foliose_chlorolichen,0
37,lecanora_chlarotera_s._lat.,,LAE1_TW_QE,LAE1_TW_QE_L_20260713_141813393,med_conf,2,crustose_chlorolichen,crustose_chlorolichen,0
38,lecanora_chlarotera_s._lat.,,LAE1_TW_QS,LAE1_TW_QS_L_20260713_141813403,med_conf,5,crustose_chlorolichen,crustose_chlorolichen,0
39,hypotrachyna_laevigata,,LAE1_TW_QS,LAE1_TW_QS_L_20260713_141813413,high_conf,3,foliose_chlorolichen,foliose_chlorolichen,1
40,lecanora_chlarotera_s._lat.,,LAE1_TW_QW,LAE1_TW_QW_L_20260713_141813423,med_conf,5,crustose_chlorolichen,crustose_chlorolichen,0
41,hypotrachyna_sinuosa,,LAE1_TW_QW,LAE1_TW_QW_L_20260713_141813440,high_conf,2,foliose_chlorolichen,foliose_chlorolichen,1
42,pertusaria_sp,,LAE1_TW_QW,LAE1_TW_QW_L_20260713_141813454,high_conf,1,crustose_chlorolichen,crustose_chlorolichen,0
43,hypotrachyna_sinuosa,,LAE1_TW_QN,LAE1_TW_QN_L_20260713_141813463,high_conf,4,foliose_chlorolichen,foliose_chlorolichen,1
44,lecanora_chlarotera_s._lat.,,LAE1_TW_QN,LAE1_TW_QN_L_20260713_141813473,med_conf,2,crustose_chlorolichen,crustose_chlorolichen,0
45,thelotrema_lepadinum,,LAE1_TS_QE,LAE1_TS_QE_L_20260713_141813479,high_conf,4,crustose_chlorolichen,crustose_chlorolichen,1
46,pyrenula_macrospora,,LAE1_TS_QE,LAE1_TS_QE_L_20260713_141813483,high_conf,3,crustose_chlorolichen,crustose_chlorolichen,1
47,graphis_scripta_s._lat.,,LAE1_TS_QE,LAE1_TS_QE_L_20260713_141813503,high_conf,1,crustose_chlorolichen,crustose_chlorolichen,0
48,lecanora_chlarotera_s._lat.,,LAE1_TS_QS,LAE1_TS_QS_L_20260713_141813513,med_conf,2,crustose_chlorolichen,crustose_chlorolichen,0
49,pyrenula_macrospora,,LAE1_TS_QS,LAE1_TS_QS_L_20260713_141813526,high_conf,5,crustose_chlorolichen,crustose_chlorolichen,1
50,pyrenula_macrospora,,LAE1_TS_QW,LAE1_TS_QW_L_20260713_141813535,high_conf,4,crustose_chlorolichen,crustose_chlorolichen,1
51,thelotrema_lepadinum,,LAE1_TS_QW,LAE1_TS_QW_L_20260713_141813548,high_conf,3,crustose_chlorolichen,crustose_chlorolichen,1
52,lecanora_chlarotera_s._lat.,,LAE1_TS_QW,LAE1_TS_QW_L_20260713_141813558,high_conf,2,crustose_chlorolichen,crustose_chlorolichen,0
53,pyrenula_macrospora,,LAE1_TS_QN,LAE1_TS_QN_L_20260713_141813569,high_conf,5,crustose_chlorolichen,crustose_chlorolichen,1
54,thelotrema_lepadinum,,LAE1_TS_QN,LAE1_TS_QN_L_20260713_141813573,high_conf,4,crustose_chlorolichen,crustose_chlorolichen,1
55,lecanora_chlarotera_s._lat.,,LAE1_TS_QN,LAE1_TS_QN_L_20260713_141813589,high_conf,4,crustose_chlorolichen,crustose_chlorolichen,0
56,lecanora_chlarotera_s._lat.,,LAE1_TE_QN,LAE1_TE_QN_L_20260713_141813598,high_conf,5,crustose_chlorolichen,crustose_chlorolichen,0
57,thelotrema_lepadinum,,LAE1_TE_QN,LAE1_TE_QN_L_20260713_141813606,high_conf,4,crustose_chlorolichen,crustose_chlorolichen,1
58,pyrenula_macrospora,,LAE1_TE_QN,LAE1_TE_QN_L_20260713_141813613,high_conf,3,crustose_chlorolichen,crustose_chlorolichen,1
59,lecanora_chlarotera_s._lat.,,LAE1_TE_QE,LAE1_TE_QE_L_20260713_141813623,high_conf,5,crustose_chlorolichen,crustose_chlorolichen,0
60,pyrenula_macrospora,,LAE1_TE_QE,LAE1_TE_QE_L_20260713_141813637,high_conf,5,crustose_chlorolichen,crustose_chlorolichen,1
61,pyrenula_macrospora,,LAE1_TE_QS,LAE1_TE_QS_L_20260713_141813643,high_conf,3,crustose_chlorolichen,crustose_chlorolichen,1
62,lecanora_chlarotera_s._lat.,,LAE1_TE_QS,LAE1_TE_QS_L_20260713_141813654,high_conf,5,crustose_chlorolichen,crustose_chlorolichen,0
63,lecanora_chlarotera_s._lat.,,LAE1_TE_QW,LAE1_TE_QW_L_20260713_141813668,high_conf,5,crustose_chlorolichen,crustose_chlorolichen,0
64,thelotrema_lepadinum,,LAE1_TE_QW,LAE1_TE_QW_L_20260713_141813673,high_conf,2,crustose_chlorolichen,crustose_chlorolichen,1
65,hypotrachyna_sinuosa,,LAE1_TN_QS,LAE1_TN_QS_L_20260713_141813685,high_conf,5,foliose_chlorolichen,foliose_chlorolichen,1
66,lecanora_chlarotera_s._lat.,,LAE1_TN_QS,LAE1_TN_QS_L_20260713_141813693,high_conf,3,crustose_chlorolichen,crustose_chlorolichen,0
67,melanelixia_glabratula,,LAE1_TN_QS,LAE1_TN_QS_L_20260713_141813706,high_conf,3,foliose_chlorolichen,foliose_chlorolichen,0
68,hypotrachyna_laevigata,,LAE1_TN_QE,LAE1_TN_QE_L_20260713_141813713,high_conf,3,foliose_chlorolichen,foliose_chlorolichen,1
69,hypotrachyna_sinuosa,,LAE1_TN_QE,LAE1_TN_QE_L_20260713_141813727,high_conf,5,foliose_chlorolichen,foliose_chlorolichen,1
70,melanelixia_glabratula,,LAE1_TN_QE,LAE1_TN_QE_L_20260713_141813736,high_conf,3,foliose_chlorolichen,foliose_chlorolichen,0
71,lepraria_sp,,LAE1_TN_QE,LAE1_TN_QE_L_20260713_141813747,med_conf,5,leprose_chlorolichen,leprose_chlorolichen,0
72,hypotrachyna_sinuosa,,LAE1_TN_QN,LAE1_TN_QN_L_20260713_141813757,high_conf,5,foliose_chlorolichen,foliose_chlorolichen,1
73,lepraria_sp,,LAE1_TN_QN,LAE1_TN_QN_L_20260713_141813763,med_conf,3,leprose_chlorolichen,leprose_chlorolichen,0
74,melanelixia_glabratula,,LAE1_TN_QW,LAE1_TN_QW_L_20260713_141813773,high_conf,5,foliose_chlorolichen,foliose_chlorolichen,0
75,hypotrachyna_sinuosa,,LAE1_TN_QW,LAE1_TN_QW_L_20260713_141813783,high_conf,2,foliose_chlorolichen,foliose_chlorolichen,1
76,lecanora_chlarotera_s._lat.,,LAE1_TN_QW,LAE1_TN_QW_L_20260713_141813789,high_conf,3,crustose_chlorolichen,crustose_chlorolichen,0
77,lepraria_sp,,LAE1_TN_QW,LAE1_TN_QW_L_20260713_141813803,med_conf,5,leprose_chlorolichen,leprose_chlorolichen,0
78,hypotrachyna_laevigata,,LAN1_TN_QE,LAN1_TN_QE_L_20260713_141813813,high_conf,4,foliose_chlorolichen,foliose_chlorolichen,1
79,usnea_cornuta_s._lat.,,LAN1_TN_QE,LAN1_TN_QE_L_20260713_141813821,high_conf,4,fruticose_chlorolichen,fruticose_chlorolichen,1
80,cladonia_coniocraea,,LAN1_TN_QE,LAN1_TN_QE_L_20260713_141813828,,2,foliose_chlorolichen,foliose_chlorolichen,0
81,ochrolechia_androgyna,,LAN1_TN_QE,LAN1_TN_QE_L_20260713_141813837,high_conf,1,crustose_chlorolichen,crustose_chlorolichen,0
82,lecanactis_abietina,,LAN1_TN_QE,LAN1_TN_QE_L_20260713_141813843,med_conf,2,crustose_chlorolichen,crustose_chlorolichen,0
83,hypotrachyna_sinuosa,,LAN1_TN_QN,LAN1_TN_QN_L_20260713_141813855,high_conf,2,foliose_chlorolichen,foliose_chlorolichen,1
84,cladonia_coniocraea,,LAN1_TN_QN,LAN1_TN_QN_L_20260713_141813863,high_conf,5,foliose_chlorolichen,foliose_chlorolichen,0
85,usnea_cornuta_s._lat.,,LAN1_TN_QS,LAN1_TN_QS_L_20260713_141813873,high_conf,2,fruticose_chlorolichen,fruticose_chlorolichen,1
86,hypotrachyna_sinuosa,,LAN1_TN_QS,LAN1_TN_QS_L_20260713_141813884,,5,foliose_chlorolichen,foliose_chlorolichen,1
87,cladonia_coniocraea,,LAN1_TN_QS,LAN1_TN_QS_L_20260713_141813893,high_conf,5,foliose_chlorolichen,foliose_chlorolichen,0
88,cladonia_coniocraea,,LAN1_TN_QW,LAN1_TN_QW_L_20260713_141813900,high_conf,4,foliose_chlorolichen,foliose_chlorolichen,0
89,hypotrachyna_sinuosa,,LAN1_TN_QW,LAN1_TN_QW_L_20260713_141813903,high_conf,1,foliose_chlorolichen,foliose_chlorolichen,1
90,platismatia_glauca,,LAN1_TE_QE,LAN1_TE_QE_L_20260713_141813916,high_conf,5,foliose_chlorolichen,foliose_chlorolichen,1
91,hypotrachyna_laevigata,,LAN1_TE_QE,LAN1_TE_QE_L_20260713_141813930,high_conf,5,foliose_chlorolichen,foliose_chlorolichen,1
92,cladonia_coniocraea,,LAN1_TE_QE,LAN1_TE_QE_L_20260713_141813938,high_conf,4,foliose_chlorolichen,foliose_chlorolichen,0
93,cladonia_coniocraea,,LAN1_TE_QN,LAN1_TE_QN_L_20260713_141813943,high_conf,5,foliose_chlorolichen,foliose_chlorolichen,0
94,hypotrachyna_laevigata,,LAN1_TE_QN,LAN1_TE_QN_L_20260713_141813955,high_conf,1,foliose_chlorolichen,foliose_chlorolichen,1
95,usnea_cornuta_s._lat.,,LAN1_TE_QN,LAN1_TE_QN_L_20260713_141813964,high_conf,2,fruticose_chlorolichen,fruticose_chlorolichen,1
96,lobaria_pulmonaria,,LAN1_TE_QS,LAN1_TE_QS_L_20260713_141813964,high_conf,1,foliose_cyanolichen,foliose_cyanolichen,1
97,hypotrachyna_sinuosa,,LAN1_TE_QS,LAN1_TE_QS_L_20260713_141813980,med_conf,4,foliose_chlorolichen,foliose_chlorolichen,1
98,sticta_sylvatica,,LAN1_TE_QS,LAN1_TE_QS_L_20260713_141813988,med_conf,4,foliose_cyanolichen,foliose_cyanolichen,1
99,usnea_cornuta_s._lat.,,LAN1_TE_QW,LAN1_TE_QW_L_20260713_141813996,high_conf,3,fruticose_chlorolichen,fruticose_chlorolichen,1
100,cladonia_coniocraea,,LAN1_TE_QW,LAN1_TE_QW_L_20260713_141814003,high_conf,3,foliose_chlorolichen,foliose_chlorolichen,0
101,hypotrachyna_laevigata,,LAN1_TE_QW,LAN1_TE_QW_L_20260713_141814018,high_conf,5,foliose_chlorolichen,foliose_chlorolichen,1
102,platismatia_glauca,,LAN1_TE_QW,LAN1_TE_QW_L_20260713_141814028,high_conf,3,foliose_chlorolichen,foliose_chlorolichen,1
103,cladonia_coniocraea,,LAN1_TS_QE,LAN1_TS_QE_L_20260713_141814033,high_conf,1,foliose_chlorolichen,foliose_chlorolichen,0
104,platismatia_glauca,,LAN1_TS_QE,LAN1_TS_QE_L_20260713_141814043,med_conf,1,foliose_chlorolichen,foliose_chlorolichen,1
105,cladonia_coniocraea,,LAN1_TS_QN,LAN1_TS_QN_L_20260713_141814055,high_conf,5,foliose_chlorolichen,foliose_chlorolichen,0
106,usnea_cornuta_s._lat.,,LAN1_TS_QN,LAN1_TS_QN_L_20260713_141814063,high_conf,4,fruticose_chlorolichen,fruticose_chlorolichen,1
107,hypotrachyna_sinuosa,,LAN1_TS_QN,LAN1_TS_QN_L_20260713_141814073,high_conf,3,foliose_chlorolichen,foliose_chlorolichen,1
108,hypotrachyna_sinuosa,,LAN1_TS_QS,LAN1_TS_QS_L_20260713_141814075,med_conf,4,foliose_chlorolichen,foliose_chlorolichen,1
109,cladonia_coniocraea,,LAN1_TS_QS,LAN1_TS_QS_L_20260713_141814088,high_conf,5,foliose_chlorolichen,foliose_chlorolichen,0
110,platismatia_glauca,,LAN1_TS_QS,LAN1_TS_QS_L_20260713_141814093,med_conf,1,foliose_chlorolichen,foliose_chlorolichen,1
111,cladonia_coniocraea,,LAN1_TS_QW,LAN1_TS_QW_L_20260713_141814107,high_conf,5,foliose_chlorolichen,foliose_chlorolichen,0
112,platismatia_glauca,,LAN1_TS_QW,LAN1_TS_QW_L_20260713_141814113,high_conf,1,foliose_chlorolichen,foliose_chlorolichen,1
113,usnea_cornuta_s._lat.,,LAN1_TW_QE,LAN1_TW_QE_L_20260713_141814123,high_conf,5,fruticose_chlorolichen,fruticose_chlorolichen,1
114,hypotrachyna_laevigata,,LAN1_TW_QE,LAN1_TW_QE_L_20260713_141814133,high_conf,3,foliose_chlorolichen,foliose_chlorolichen,1
115,hypotrachyna_sinuosa,,LAN1_TW_QE,LAN1_TW_QE_L_20260713_141814143,high_conf,4,foliose_chlorolichen,foliose_chlorolichen,1
116,cladonia_coniocraea,,LAN1_TW_QE,LAN1_TW_QE_L_20260713_141814143,high_conf,5,foliose_chlorolichen,foliose_chlorolichen,0
117,platismatia_glauca,,LAN1_TW_QE,LAN1_TW_QE_L_20260713_141814155,high_conf,4,foliose_chlorolichen,foliose_chlorolichen,1
118,usnea_cornuta_s._lat.,,LAN1_TW_QN,LAN1_TW_QN_L_20260713_141814163,high_conf,5,fruticose_chlorolichen,fruticose_chlorolichen,1
119,hypotrachyna_laevigata,,LAN1_TW_QN,LAN1_TW_QN_L_20260713_141814173,high_conf,5,foliose_chlorolichen,foliose_chlorolichen,1
120,platismatia_glauca,,LAN1_TW_QN,LAN1_TW_QN_L_20260713_141814186,med_conf,3,foliose_chlorolichen,foliose_chlorolichen,1
121,cladonia_coniocraea,,LAN1_TW_QN,LAN1_TW_QN_L_20260713_141814193,high_conf,3,foliose_chlorolichen,foliose_chlorolichen,0
122,cladonia_fimbriata,,LAN1_TW_QN,LAN1_TW_QN_L_20260713_141814203,med_conf,2,foliose_chlorolichen,foliose_chlorolichen,0
123,ochrolechia_androgyna,,LAN1_TW_QN,LAN1_TW_QN_L_20260713_141814213,med_conf,3,crustose_chlorolichen,crustose_chlorolichen,0
124,usnea_cornuta_s._lat.,,LAN1_TW_QS,LAN1_TW_QS_L_20260713_141814218,high_conf,5,fruticose_chlorolichen,fruticose_chlorolichen,1
125,hypotrachyna_laevigata,,LAN1_TW_QS,LAN1_TW_QS_L_20260713_141814223,high_conf,3,foliose_chlorolichen,foliose_chlorolichen,1
126,hypotrachyna_sinuosa,,LAN1_TW_QS,LAN1_TW_QS_L_20260713_141814241,med_conf,2,foliose_chlorolichen,foliose_chlorolichen,1
127,cladonia_coniocraea,,LAN1_TW_QS,LAN1_TW_QS_L_20260713_141814249,high_conf,4,foliose_chlorolichen,foliose_chlorolichen,0
128,evernia_prunastri,,LAN1_TW_QS,LAN1_TW_QS_L_20260713_141814255,med_conf,1,fruticose_chlorolichen,fruticose_chlorolichen,0
129,usnea_cornuta_s._lat.,,LAN1_TW_QW,LAN1_TW_QW_L_20260713_141814266,high_conf,5,fruticose_chlorolichen,fruticose_chlorolichen,1
130,hypotrachyna_laevigata,,LAN1_TW_QW,LAN1_TW_QW_L_20260713_141814273,med_conf,3,foliose_chlorolichen,foliose_chlorolichen,1
131,platismatia_glauca,,LAN1_TW_QW,LAN1_TW_QW_L_20260713_141814283,high_conf,2,foliose_chlorolichen,foliose_chlorolichen,1
132,ochrolechia_androgyna,,LAN1_TW_QW,LAN1_TW_QW_L_20260713_141814293,med_conf,5,crustose_chlorolichen,crustose_chlorolichen,0
133,ochrolechia_androgyna,,BG2_TE_QW,BG2_TE_QW_L_20260713_141814303,high_conf,2,crustose_chlorolichen,crustose_chlorolichen,0
134,ochrolechia_androgyna,,BG2_TE_QN,BG2_TE_QN_L_20260713_141814313,high_conf,5,crustose_chlorolichen,crustose_chlorolichen,0
135,thelotrema_lepadinum,,BG2_TE_QN,BG2_TE_QN_L_20260713_141814318,high_conf,4,crustose_chlorolichen,crustose_chlorolichen,1
136,cladonia_coniocraea,,BG2_TE_QN,BG2_TE_QN_L_20260713_141814329,high_conf,4,foliose_chlorolichen,foliose_chlorolichen,0
137,ochrolechia_tartarea,,BG2_TE_QE,BG2_TE_QE_L_20260713_141814333,high_conf,5,crustose_chlorolichen,crustose_chlorolichen,1
138,ochrolechia_tartarea,,BG2_TE_QS,BG2_TE_QS_L_20260713_141814345,high_conf,1,crustose_chlorolichen,crustose_chlorolichen,1
139,lepra_albescens_var._albescens,,BG2_TE_QS,BG2_TE_QS_L_20260713_141814355,low_conf,2,crustose_chlorolichen,crustose_chlorolichen,0
140,thelotrema_lepadinum,,BG2_TN_QS,BG2_TN_QS_L_20260713_141814366,high_conf,5,crustose_chlorolichen,crustose_chlorolichen,1
141,pectenia_plumbea_s._lat.,,BG2_TN_QS,BG2_TN_QS_L_20260713_141814373,med_conf,3,foliose_cyanolichen,foliose_cyanolichen,1
142,thelotrema_lepadinum,,BG2_TN_QW,BG2_TN_QW_L_20260713_141814383,high_conf,5,crustose_chlorolichen,crustose_chlorolichen,1
143,thelotrema_lepadinum,,BG2_TN_QN,BG2_TN_QN_L_20260713_141814383,med_conf,1,crustose_chlorolichen,crustose_chlorolichen,1
144,thelotrema_lepadinum,,BG2_TN_QE,BG2_TN_QE_L_20260713_141814393,med_conf,4,crustose_chlorolichen,crustose_chlorolichen,1
145,thelotrema_lepadinum,,BG2_TS_QN,BG2_TS_QN_L_20260713_141814409,high_conf,5,crustose_chlorolichen,crustose_chlorolichen,1
146,cladonia_coniocraea,,BG2_TS_QN,BG2_TS_QN_L_20260713_141814413,med_conf,4,foliose_chlorolichen,foliose_chlorolichen,0
147,thelotrema_lepadinum,,BG2_TS_QE,BG2_TS_QE_L_20260713_141814425,high_conf,5,crustose_chlorolichen,crustose_chlorolichen,1
148,hypotrachyna_laevigata,,BG2_TS_QE,BG2_TS_QE_L_20260713_141814433,med_conf,1,foliose_chlorolichen,foliose_chlorolichen,1
149,thelotrema_macrosporum,,BG2_TS_QS,BG2_TS_QS_L_20260713_141814443,med_conf,5,crustose_chlorolichen,crustose_chlorolichen,1
150,thelotrema_lepadinum,,BG2_TS_QS,BG2_TS_QS_L_20260713_141814456,high_conf,2,crustose_chlorolichen,crustose_chlorolichen,1
151,thelotrema_lepadinum,,BG2_TS_QW,BG2_TS_QW_L_20260713_141814463,high_conf,3,crustose_chlorolichen,crustose_chlorolichen,1
152,thelotrema_macrosporum,,BG2_TS_QW,BG2_TS_QW_L_20260713_141814473,med_conf,5,crustose_chlorolichen,crustose_chlorolichen,1
153,thelotrema_lepadinum,,BG2_TW_QS,BG2_TW_QS_L_20260713_141814483,high_conf,5,crustose_chlorolichen,crustose_chlorolichen,1
154,thelotrema_macrosporum,,BG2_TW_QS,BG2_TW_QS_L_20260713_141814496,med_conf,5,crustose_chlorolichen,crustose_chlorolichen,1
155,cladonia_coniocraea,,BG2_TW_QS,BG2_TW_QS_L_20260713_141814503,high_conf,4,foliose_chlorolichen,foliose_chlorolichen,0
156,thelotrema_macrosporum,,BG2_TW_QE,BG2_TW_QE_L_20260713_141814513,med_conf,5,crustose_chlorolichen,crustose_chlorolichen,1
157,cladonia_coniocraea,,BG2_TW_QE,BG2_TW_QE_L_20260713_141814523,med_conf,4,foliose_chlorolichen,foliose_chlorolichen,0
158,hypotrachyna_sinuosa,,BG2_TW_QN,BG2_TW_QN_L_20260713_141814528,high_conf,2,foliose_chlorolichen,foliose_chlorolichen,1
159,thelotrema_macrosporum,,BG2_TW_QN,BG2_TW_QN_L_20260713_141814535,high_conf,3,crustose_chlorolichen,crustose_chlorolichen,1
160,cladonia_coniocraea,,BG2_TW_QN,BG2_TW_QN_L_20260713_141814543,high_conf,2,foliose_chlorolichen,foliose_chlorolichen,0
161,thelotrema_macrosporum,,BG2_TW_QW,BG2_TW_QW_L_20260713_141814555,med_conf,5,crustose_chlorolichen,crustose_chlorolichen,1
162,thelotrema_lepadinum,,BG2_TW_QW,BG2_TW_QW_L_20260713_141814566,high_conf,2,crustose_chlorolichen,crustose_chlorolichen,1
163,cladonia_coniocraea,,BG2_TW_QW,BG2_TW_QW_L_20260713_141814573,high_conf,2,foliose_chlorolichen,foliose_chlorolichen,0
164,lepra_sp,,INN2_TW_QE,INN2_TW_QE_L_20260713_141814588,med_conf,4,crustose_chlorolichen,crustose_chlorolichen,0
165,cladonia_sp,,INN2_TW_QS,INN2_TW_QS_L_20260713_141814593,high_conf,5,squamulose_chlorolichen,squamulose_chlorolichen,0
166,lepra_sp,,INN2_TW_QS,INN2_TW_QS_L_20260713_141814603,med_conf,3,crustose_chlorolichen,crustose_chlorolichen,0
167,cladonia_sp,,INN2_TW_QW,INN2_TW_QW_L_20260713_141814613,high_conf,4,squamulose_chlorolichen,squamulose_chlorolichen,0
168,graphis_scripta_s._lat.,,INN2_TW_QW,INN2_TW_QW_L_20260713_141814624,high_conf,1,crustose_chlorolichen,crustose_chlorolichen,0
169,mycoblastus_sanguinarius_f._sanguinarius,,INN2_TW_QW,INN2_TW_QW_L_20260713_141814633,med_conf,2,crustose_chlorolichen,crustose_chlorolichen,0
170,cladonia_sp,,INN2_TS_QW,INN2_TS_QW_L_20260713_141814633,high_conf,1,squamulose_chlorolichen,squamulose_chlorolichen,0
171,lichen_(unidentified),"Pale blue, hard to distinguish. Cell 5",INN2_TS_QW,INN2_TS_QW_L_20260713_142847643,low_conf,1,crustose_unknown_photobiont,,0
172,mycoblastus_sanguinarius_f._sanguinarius,Tucked behind moss.,INN2_TS_QN,INN2_TS_QN_L_20260713_141814661,high_conf,3,crustose_chlorolichen,crustose_chlorolichen,0
173,mycoblastus_sanguinarius_f._sanguinarius,,INN2_TS_QE,INN2_TS_QE_L_20260713_141814673,high_conf,3,crustose_chlorolichen,crustose_chlorolichen,0
174,mycoblastus_sanguinarius_f._sanguinarius,,INN2_TS_QS,INN2_TS_QS_L_20260713_141814683,med_conf,2,crustose_chlorolichen,crustose_chlorolichen,0
175,cladonia_sp,,INN2_TS_QS,INN2_TS_QS_L_20260713_141814695,low_conf,3,squamulose_chlorolichen,squamulose_chlorolichen,0
176,graphis_scripta_s._lat.,,INN2_TN_QE,INN2_TN_QE_L_20260713_141814703,med_conf,5,crustose_chlorolichen,crustose_chlorolichen,0
177,pyrenula_macrospora,,INN2_TN_QS,INN2_TN_QS_L_20260713_141814713,high_conf,5,crustose_chlorolichen,crustose_chlorolichen,1
178,pyrenula_laevigata,,INN2_TN_QS,INN2_TN_QS_L_20260713_141814713,med_conf,2,crustose_chlorolichen,crustose_chlorolichen,1
179,pertusaria_leioplaca,,INN2_TN_QS,INN2_TN_QS_L_20260713_141814724,med_conf,5,crustose_chlorolichen,crustose_chlorolichen,0
180,pertusaria_leioplaca,,INN2_TN_QW,INN2_TN_QW_L_20260713_141814743,med_conf,3,crustose_chlorolichen,crustose_chlorolichen,0
181,pyrenula_macrospora,,INN2_TN_QW,INN2_TN_QW_L_20260713_141814753,high_conf,4,crustose_chlorolichen,crustose_chlorolichen,1
182,pertusaria_leioplaca,,INN2_TN_QN,INN2_TN_QN_L_20260713_141814755,med_conf,1,crustose_chlorolichen,crustose_chlorolichen,0
183,pyrenula_macrospora,,INN2_TN_QN,INN2_TN_QN_L_20260713_141814771,high_conf,5,crustose_chlorolichen,crustose_chlorolichen,1
184,graphis_scripta_s._lat.,,INN2_TE_QW,INN2_TE_QW_L_20260713_141814773,high_conf,3,crustose_chlorolichen,crustose_chlorolichen,0
185,pyrenula_macrospora,,INN2_TE_QW,INN2_TE_QW_L_20260713_141814787,high_conf,5,crustose_chlorolichen,crustose_chlorolichen,1
186,cladonia_sp,,INN2_TE_QN,INN2_TE_QN_L_20260713_141814803,high_conf,5,squamulose_chlorolichen,squamulose_chlorolichen,0
187,pyrenula_macrospora,,INN2_TE_QN,INN2_TE_QN_L_20260713_141814813,med_conf,3,crustose_chlorolichen,crustose_chlorolichen,1
188,pyrenula_macrospora,,INN2_TE_QE,INN2_TE_QE_L_20260713_141814823,high_conf,4,crustose_chlorolichen,crustose_chlorolichen,1
189,lichen_(unidentified),,INN2_TE_QE,INN2_TE_QE_L_20260713_141814828,low_conf,1,leprose_lichen,,0
190,pyrenula_macrospora,,INN2_TE_QS,INN2_TE_QS_L_20260713_141814835,high_conf,4,crustose_chlorolichen,crustose_chlorolichen,1
191,lichen_(unidentified),,INN2_TE_QS,INN2_TE_QS_L_20260713_141814848,low_conf,1,leprose_lichen,,0
192,ochrolechia_androgyna,,ARI1_TE_QN,ARI1_TE_QN_L_20260713_141814855,high_conf,5,crustose_chlorolichen,crustose_chlorolichen,0
193,usnea_cornuta_s._lat.,,ARI1_TE_QN,ARI1_TE_QN_L_20260713_141814867,high_conf,1,fruticose_chlorolichen,fruticose_chlorolichen,1
194,cladonia_sp,,ARI1_TE_QN,ARI1_TE_QN_L_20260713_141814873,high_conf,5,squamulose_chlorolichen,squamulose_chlorolichen,0
195,hypotrachyna_laevigata,,ARI1_TE_QN,ARI1_TE_QN_L_20260713_141814884,high_conf,2,foliose_chlorolichen,foliose_chlorolichen,1
196,ochrolechia_androgyna,,ARI1_TE_QE,ARI1_TE_QE_L_20260713_141814888,high_conf,5,crustose_chlorolichen,crustose_chlorolichen,0
197,hypotrachyna_laevigata,,ARI1_TE_QE,ARI1_TE_QE_L_20260713_141814900,high_conf,2,foliose_chlorolichen,foliose_chlorolichen,1
198,cladonia_sp,,ARI1_TE_QE,ARI1_TE_QE_L_20260713_141814906,high_conf,4,squamulose_chlorolichen,squamulose_chlorolichen,0
199,ochrolechia_androgyna,,ARI1_TE_QS,ARI1_TE_QS_L_20260713_141814916,high_conf,5,crustose_chlorolichen,crustose_chlorolichen,0
200,usnea_cornuta_s._lat.,,ARI1_TE_QS,ARI1_TE_QS_L_20260713_141814932,high_conf,1,fruticose_chlorolichen,fruticose_chlorolichen,1
201,hypotrachyna_laevigata,,ARI1_TE_QS,ARI1_TE_QS_L_20260713_141814932,high_conf,1,foliose_chlorolichen,foliose_chlorolichen,1
202,ochrolechia_androgyna,,ARI1_TE_QW,ARI1_TE_QW_L_20260713_141814947,high_conf,5,crustose_chlorolichen,crustose_chlorolichen,0
203,hypotrachyna_laevigata,,ARI1_TE_QW,ARI1_TE_QW_L_20260713_141814955,high_conf,3,foliose_chlorolichen,foliose_chlorolichen,1
204,cladonia_sp,,ARI1_TE_QW,ARI1_TE_QW_L_20260713_141814963,high_conf,2,squamulose_chlorolichen,squamulose_chlorolichen,0
205,ochrolechia_androgyna,,ARI1_TS_QN,ARI1_TS_QN_L_20260713_141814963,high_conf,5,crustose_chlorolichen,crustose_chlorolichen,0
206,cladonia_sp,,ARI1_TS_QN,ARI1_TS_QN_L_20260713_141814979,high_conf,1,squamulose_chlorolichen,squamulose_chlorolichen,0
207,normandina_pulchella,,ARI1_TS_QN,ARI1_TS_QN_L_20260713_141814995,high_conf,2,squamulose_cyanolichen,squamulose_chlorolichen,1
208,ochrolechia_androgyna,,ARI1_TS_QE,ARI1_TS_QE_L_20260713_141814995,high_conf,5,crustose_chlorolichen,crustose_chlorolichen,0
209,normandina_pulchella,,ARI1_TS_QE,ARI1_TS_QE_L_20260713_141815011,high_conf,1,squamulose_cyanolichen,squamulose_chlorolichen,1
210,cladonia_sp,,ARI1_TS_QE,ARI1_TS_QE_L_20260713_141815027,high_conf,4,squamulose_chlorolichen,squamulose_chlorolichen,0
211,hypotrachyna_laevigata,,ARI1_TS_QE,ARI1_TS_QE_L_20260713_141815027,med_conf,3,foliose_chlorolichen,foliose_chlorolichen,1
212,ochrolechia_androgyna,,ARI1_TS_QS,ARI1_TS_QS_L_20260713_141815043,high_conf,5,crustose_chlorolichen,crustose_chlorolichen,0
213,cladonia_sp,,ARI1_TS_QS,ARI1_TS_QS_L_20260713_141815043,high_conf,4,squamulose_chlorolichen,squamulose_chlorolichen,0
214,ochrolechia_androgyna,,ARI1_TS_QW,ARI1_TS_QW_L_20260713_141815058,high_conf,3,crustose_chlorolichen,crustose_chlorolichen,0
215,normandina_pulchella,,ARI1_TS_QW,ARI1_TS_QW_L_20260713_141815066,high_conf,1,squamulose_cyanolichen,squamulose_chlorolichen,1
216,cladonia_sp,,ARI1_TW_QE,ARI1_TW_QE_L_20260713_141815074,high_conf,3,squamulose_chlorolichen,squamulose_chlorolichen,0
217,cladonia_sp,,ARI1_TW_QS,ARI1_TW_QS_L_20260713_141815074,high_conf,5,squamulose_chlorolichen,squamulose_chlorolichen,0
218,cladonia_sp,,ARI1_TW_QW,ARI1_TW_QW_L_20260713_141815090,high_conf,5,squamulose_chlorolichen,squamulose_chlorolichen,0
219,ochrolechia_androgyna,,ARI1_TW_QW,ARI1_TW_QW_L_20260713_141815106,high_conf,5,crustose_chlorolichen,crustose_chlorolichen,0
220,ochrolechia_androgyna,,ARI1_TW_QN,ARI1_TW_QN_L_20260713_141815106,high_conf,3,crustose_chlorolichen,crustose_chlorolichen,0
221,cladonia_sp,,ARI1_TW_QN,ARI1_TW_QN_L_20260713_141815121,high_conf,4,squamulose_chlorolichen,squamulose_chlorolichen,0
222,ochrolechia_androgyna,,ARI1_TN_QS,ARI1_TN_QS_L_20260713_141815121,high_conf,5,crustose_chlorolichen,crustose_chlorolichen,0
223,cladonia_sp,,ARI1_TN_QS,ARI1_TN_QS_L_20260713_141815137,high_conf,3,squamulose_chlorolichen,squamulose_chlorolichen,0
224,pectenia_plumbea_s._lat.,,ARI1_TN_QS,ARI1_TN_QS_L_20260713_141815137,high_conf,2,foliose_cyanolichen,foliose_cyanolichen,1
225,pannaria_conoplea,,ARI1_TN_QS,ARI1_TN_QS_L_20260713_141815156,high_conf,2,foliose_cyanolichen,foliose_cyanolichen,1
226,pectenia_plumbea_s._lat.,,ARI1_TN_QW,ARI1_TN_QW_L_20260713_141815169,high_conf,3,foliose_cyanolichen,foliose_cyanolichen,1
227,cladonia_sp,,ARI1_TN_QW,ARI1_TN_QW_L_20260713_141815169,high_conf,2,squamulose_chlorolichen,squamulose_chlorolichen,0
228,ochrolechia_androgyna,,ARI1_TN_QW,ARI1_TN_QW_L_20260713_141815185,med_conf,3,crustose_chlorolichen,crustose_chlorolichen,0
229,ochrolechia_androgyna,,ARI1_TN_QN,ARI1_TN_QN_L_20260713_141815185,high_conf,2,crustose_chlorolichen,crustose_chlorolichen,0
230,pertusaria_sp,,ARI1_TN_QN,ARI1_TN_QN_L_20260713_141815201,high_conf,1,crustose_chlorolichen,crustose_chlorolichen,0
231,cladonia_sp,,ARI1_TN_QN,ARI1_TN_QN_L_20260713_141815201,high_conf,2,squamulose_chlorolichen,squamulose_chlorolichen,0
232,ochrolechia_androgyna,,ARI1_TN_QE,ARI1_TN_QE_L_20260713_141815217,high_conf,5,crustose_chlorolichen,crustose_chlorolichen,0
233,hypotrachyna_laevigata,,ARI1_TN_QE,ARI1_TN_QE_L_20260713_141815233,med_conf,1,foliose_chlorolichen,foliose_chlorolichen,1
234,usnea_cornuta_s._lat.,,AGG3_TE_QW,AGG3_TE_QW_L_20260713_141815233,high_conf,5,fruticose_chlorolichen,fruticose_chlorolichen,1
235,hypotrachyna_laevigata,,AGG3_TE_QW,AGG3_TE_QW_L_20260713_141815249,high_conf,4,foliose_chlorolichen,foliose_chlorolichen,1
236,parmelia_sulcata,,AGG3_TE_QW,AGG3_TE_QW_L_20260713_141815256,med_conf,4,foliose_chlorolichen,foliose_chlorolichen,0
237,lecanactis_abietina,,AGG3_TE_QW,AGG3_TE_QW_L_20260713_141815264,low_conf,3,crustose_chlorolichen,crustose_chlorolichen,0
238,usnea_cornuta_s._lat.,,AGG3_TE_QN,AGG3_TE_QN_L_20260713_141815264,high_conf,5,fruticose_chlorolichen,fruticose_chlorolichen,1
239,hypotrachyna_laevigata,,AGG3_TE_QN,AGG3_TE_QN_L_20260713_141815280,high_conf,5,foliose_chlorolichen,foliose_chlorolichen,1
240,parmelia_sulcata,,AGG3_TE_QN,AGG3_TE_QN_L_20260713_141815296,med_conf,4,foliose_chlorolichen,foliose_chlorolichen,0
241,cladonia_sp,,AGG3_TE_QN,AGG3_TE_QN_L_20260713_141815296,high_conf,2,squamulose_chlorolichen,squamulose_chlorolichen,0
242,parmelia_sulcata,,AGG3_TE_QE,AGG3_TE_QE_L_20260713_141815312,med_conf,5,foliose_chlorolichen,foliose_chlorolichen,0
243,hypotrachyna_laevigata,,AGG3_TE_QE,AGG3_TE_QE_L_20260713_141815312,high_conf,5,foliose_chlorolichen,foliose_chlorolichen,1
244,usnea_cornuta_s._lat.,,AGG3_TE_QE,AGG3_TE_QE_L_20260713_141815328,high_conf,4,fruticose_chlorolichen,fruticose_chlorolichen,1
245,usnea_cornuta_s._lat.,,AGG3_TE_QS,AGG3_TE_QS_L_20260713_141815328,high_conf,5,fruticose_chlorolichen,fruticose_chlorolichen,1
246,parmelia_sulcata,,AGG3_TE_QS,AGG3_TE_QS_L_20260713_141815344,med_conf,3,foliose_chlorolichen,foliose_chlorolichen,0
247,hypotrachyna_laevigata,,AGG3_TE_QS,AGG3_TE_QS_L_20260713_141815356,high_conf,5,foliose_chlorolichen,foliose_chlorolichen,1
248,lecanactis_abietina,,AGG3_TE_QS,AGG3_TE_QS_L_20260713_141815360,med_conf,1,crustose_chlorolichen,crustose_chlorolichen,0
249,hypotrachyna_laevigata,,AGG3_TN_QN,AGG3_TN_QN_L_20260713_141815376,high_conf,5,foliose_chlorolichen,foliose_chlorolichen,1
250,cladonia_sp,,AGG3_TN_QN,AGG3_TN_QN_L_20260713_141815376,high_conf,2,squamulose_chlorolichen,squamulose_chlorolichen,0
251,usnea_cornuta_s._lat.,,AGG3_TN_QN,AGG3_TN_QN_L_20260713_141815391,high_conf,5,fruticose_chlorolichen,fruticose_chlorolichen,1
252,ochrolechia_androgyna,,AGG3_TN_QN,AGG3_TN_QN_L_20260713_141815391,med_conf,4,crustose_chlorolichen,crustose_chlorolichen,0
253,parmelia_sulcata,,AGG3_TN_QN,AGG3_TN_QN_L_20260713_141815407,med_conf,2,foliose_chlorolichen,foliose_chlorolichen,0
254,parmelia_sulcata,,AGG3_TN_QE,AGG3_TN_QE_L_20260713_141815423,low_conf,4,foliose_chlorolichen,foliose_chlorolichen,0
255,hypotrachyna_laevigata,,AGG3_TN_QE,AGG3_TN_QE_L_20260713_141815423,high_conf,5,foliose_chlorolichen,foliose_chlorolichen,1
256,usnea_cornuta_s._lat.,,AGG3_TN_QE,AGG3_TN_QE_L_20260713_141815439,high_conf,5,fruticose_chlorolichen,fruticose_chlorolichen,1
257,evernia_prunastri,,AGG3_TN_QE,AGG3_TN_QE_L_20260713_141815439,high_conf,2,fruticose_chlorolichen,fruticose_chlorolichen,0
258,ochrolechia_androgyna,,AGG3_TN_QE,AGG3_TN_QE_L_20260713_141815457,high_conf,2,crustose_chlorolichen,crustose_chlorolichen,0
259,usnea_cornuta_s._lat.,,AGG3_TN_QS,AGG3_TN_QS_L_20260713_141815457,high_conf,5,fruticose_chlorolichen,fruticose_chlorolichen,1
260,evernia_prunastri,,AGG3_TN_QS,AGG3_TN_QS_L_20260713_141815470,high_conf,4,fruticose_chlorolichen,fruticose_chlorolichen,0
261,hypotrachyna_laevigata,,AGG3_TN_QS,AGG3_TN_QS_L_20260713_141815486,high_conf,5,foliose_chlorolichen,foliose_chlorolichen,1
262,hypotrachyna_sinuosa,,AGG3_TN_QS,AGG3_TN_QS_L_20260713_141815486,med_conf,2,foliose_chlorolichen,foliose_chlorolichen,1
263,ochrolechia_androgyna,,AGG3_TN_QS,AGG3_TN_QS_L_20260713_141815502,high_conf,4,crustose_chlorolichen,crustose_chlorolichen,0
264,evernia_prunastri,,AGG3_TN_QW,AGG3_TN_QW_L_20260713_141815502,high_conf,5,fruticose_chlorolichen,fruticose_chlorolichen,0
265,usnea_cornuta_s._lat.,,AGG3_TN_QW,AGG3_TN_QW_L_20260713_141815518,high_conf,5,fruticose_chlorolichen,fruticose_chlorolichen,1
266,hypotrachyna_laevigata,,AGG3_TN_QW,AGG3_TN_QW_L_20260713_141815518,high_conf,5,foliose_chlorolichen,foliose_chlorolichen,1
267,ochrolechia_androgyna,,AGG3_TN_QW,AGG3_TN_QW_L_20260713_141815533,high_conf,2,crustose_chlorolichen,crustose_chlorolichen,0
268,pectenia_atlantica,,AGG3_TS_QS,AGG3_TS_QS_L_20260713_141815540,high_conf,2,foliose_cyanolichen,foliose_cyanolichen,1
269,lobaria_pulmonaria,,AGG3_TS_QS,AGG3_TS_QS_L_20260713_141815557,high_conf,4,foliose_cyanolichen,foliose_cyanolichen,1
270,sticta_limbata,,AGG3_TS_QS,AGG3_TS_QS_L_20260713_141815565,high_conf,4,foliose_cyanolichen,foliose_cyanolichen,1
271,hypotrachyna_laevigata,,AGG3_TS_QS,AGG3_TS_QS_L_20260713_141815565,high_conf,5,foliose_chlorolichen,foliose_chlorolichen,1
272,hypotrachyna_laevigata,,AGG3_TS_QN,AGG3_TS_QN_L_20260713_141815581,high_conf,1,foliose_chlorolichen,foliose_chlorolichen,1
273,ochrolechia_tartarea,,AGG3_TS_QW,AGG3_TS_QW_L_20260713_141815581,high_conf,5,crustose_chlorolichen,crustose_chlorolichen,1
274,hypotrachyna_laevigata,,AGG3_TS_QW,AGG3_TS_QW_L_20260713_141815597,high_conf,5,foliose_chlorolichen,foliose_chlorolichen,1
275,sticta_limbata,,AGG3_TS_QN,AGG3_TS_QN_L_20260713_141815597,high_conf,5,foliose_cyanolichen,foliose_cyanolichen,1
276,lobaria_pulmonaria,,AGG3_TS_QN,AGG3_TS_QN_L_20260713_141815613,high_conf,1,foliose_cyanolichen,foliose_cyanolichen,1
277,sticta_sylvatica,,AGG3_TS_QE,AGG3_TS_QE_L_20260713_141815629,high_conf,5,foliose_cyanolichen,foliose_cyanolichen,1
278,hypotrachyna_laevigata,,AGG3_TS_QE,AGG3_TS_QE_L_20260713_141815629,high_conf,5,foliose_chlorolichen,foliose_chlorolichen,1
279,lobaria_pulmonaria,,AGG3_TS_QE,AGG3_TS_QE_L_20260713_141815645,high_conf,2,foliose_cyanolichen,foliose_cyanolichen,1
280,pannaria_rubiginosa,,AGG3_TS_QE,AGG3_TS_QE_L_20260713_141815645,high_conf,2,foliose_cyanolichen,foliose_cyanolichen,1
281,pectenia_atlantica,,AGG3_TS_QE,AGG3_TS_QE_L_20260713_141815661,high_conf,1,foliose_cyanolichen,foliose_cyanolichen,1
282,ochrolechia_tartarea,,AGG3_TW_QS,AGG3_TW_QS_L_20260713_141815677,high_conf,5,crustose_chlorolichen,crustose_chlorolichen,1
283,hypotrachyna_laevigata,,AGG3_TW_QS,AGG3_TW_QS_L_20260713_141815679,high_conf,5,foliose_chlorolichen,foliose_chlorolichen,1
284,cladonia_sp,,AGG3_TW_QS,AGG3_TW_QS_L_20260713_141815693,high_conf,3,squamulose_chlorolichen,squamulose_chlorolichen,0
285,usnea_cornuta_s._lat.,,AGG3_TW_QS,AGG3_TW_QS_L_20260713_141815693,high_conf,2,fruticose_chlorolichen,fruticose_chlorolichen,1
286,ochrolechia_tartarea,,AGG3_TW_QW,AGG3_TW_QW_L_20260713_141815708,high_conf,5,crustose_chlorolichen,crustose_chlorolichen,1
287,hypotrachyna_laevigata,,AGG3_TW_QW,AGG3_TW_QW_L_20260713_141815708,high_conf,5,foliose_chlorolichen,foliose_chlorolichen,1
288,usnea_cornuta_s._lat.,,AGG3_TW_QW,AGG3_TW_QW_L_20260713_141815724,high_conf,1,fruticose_chlorolichen,fruticose_chlorolichen,1
289,cladonia_sp,,AGG3_TW_QW,AGG3_TW_QW_L_20260713_141815724,high_conf,2,squamulose_chlorolichen,squamulose_chlorolichen,0
290,hypotrachyna_laevigata,,AGG3_TW_QN,AGG3_TW_QN_L_20260713_141815740,high_conf,4,foliose_chlorolichen,foliose_chlorolichen,1
291,sphaerophorus_globosus,,AGG3_TW_QN,AGG3_TW_QN_L_20260713_141815757,high_conf,1,fruticose_chlorolichen,fruticose_chlorolichen,1
292,sphaerophorus_fragilis,,AGG3_TW_QN,AGG3_TW_QN_L_20260713_141815757,high_conf,1,fruticose_chlorolichen,fruticose_chlorolichen,1
293,usnea_cornuta_s._lat.,,AGG3_TW_QN,AGG3_TW_QN_L_20260713_141815772,high_conf,4,fruticose_chlorolichen,fruticose_chlorolichen,1
294,cladonia_coniocraea,,AGG3_TW_QN,AGG3_TW_QN_L_20260713_141815772,high_conf,3,foliose_chlorolichen,foliose_chlorolichen,0
295,ochrolechia_androgyna,,AGG3_TW_QN,AGG3_TW_QN_L_20260713_141815790,high_conf,5,crustose_chlorolichen,crustose_chlorolichen,0
296,lobaria_pulmonaria,,AGG3_TW_QE,AGG3_TW_QE_L_20260713_141815790,high_conf,1,foliose_cyanolichen,foliose_cyanolichen,1
297,hypotrachyna_laevigata,,AGG3_TW_QE,AGG3_TW_QE_L_20260713_141815810,high_conf,5,foliose_chlorolichen,foliose_chlorolichen,1
298,sphaerophorus_fragilis,,AGG3_TW_QE,AGG3_TW_QE_L_20260713_141815820,high_conf,2,fruticose_chlorolichen,fruticose_chlorolichen,1
299,sphaerophorus_globosus,,AGG3_TW_QE,AGG3_TW_QE_L_20260713_141815820,high_conf,4,fruticose_chlorolichen,fruticose_chlorolichen,1
300,normandina_pulchella,,AGG3_TW_QE,AGG3_TW_QE_L_20260713_141815835,high_conf,1,squamulose_cyanolichen,squamulose_chlorolichen,1
301,cladonia_coniocraea,,AGG3_TW_QE,AGG3_TW_QE_L_20260713_141815844,high_conf,5,foliose_chlorolichen,foliose_chlorolichen,0
302,usnea_cornuta_s._lat.,,AGG3_TW_QE,AGG3_TW_QE_L_20260713_141815852,high_conf,4,fruticose_chlorolichen,fruticose_chlorolichen,1
303,ochrolechia_androgyna,,AGG3_TW_QE,AGG3_TW_QE_L_20260713_141815857,high_conf,3,crustose_chlorolichen,crustose_chlorolichen,0
304,ricasolia_virens,,LAE5_TE_QW,LAE5_TE_QW_L_20260713_141815868,high_conf,5,foliose_cyanolichen,foliose_cyanolichen,1
305,sticta_fuliginosa_s._lat.,,LAE5_TE_QW,LAE5_TE_QW_L_20260713_141815868,high_conf,2,foliose_cyanolichen,foliose_cyanolichen,1
306,sticta_sylvatica,,LAE5_TE_QW,LAE5_TE_QW_L_20260713_141815884,high_conf,1,foliose_cyanolichen,foliose_cyanolichen,1
307,lobaria_pulmonaria,,LAE5_TE_QW,LAE5_TE_QW_L_20260713_141815884,high_conf,2,foliose_cyanolichen,foliose_cyanolichen,1
308,graphis_scripta_s._lat.,,LAE5_TE_QW,LAE5_TE_QW_L_20260713_141815899,high_conf,3,crustose_chlorolichen,crustose_chlorolichen,0
309,normandina_pulchella,,LAE5_TE_QW,LAE5_TE_QW_L_20260713_141815915,high_conf,2,squamulose_cyanolichen,squamulose_chlorolichen,1
310,pyrenula_macrospora,,LAE5_TE_QW,LAE5_TE_QW_L_20260713_141815915,high_conf,4,crustose_chlorolichen,crustose_chlorolichen,1
311,ricasolia_virens,,LAE5_TE_QS,LAE5_TE_QS_L_20260713_141815931,high_conf,5,foliose_cyanolichen,foliose_cyanolichen,1
312,pyrenula_macrospora,,LAE5_TE_QS,LAE5_TE_QS_L_20260713_141815934,high_conf,4,crustose_chlorolichen,crustose_chlorolichen,1
313,graphis_scripta_s._lat.,,LAE5_TE_QS,LAE5_TE_QS_L_20260713_141815947,high_conf,3,crustose_chlorolichen,crustose_chlorolichen,0
314,sticta_sylvatica,,LAE5_TE_QS,LAE5_TE_QS_L_20260713_141815957,high_conf,1,foliose_cyanolichen,foliose_cyanolichen,1
315,pectenia_atlantica,,LAE5_TE_QS,LAE5_TE_QS_L_20260713_141815963,high_conf,1,foliose_cyanolichen,foliose_cyanolichen,1
316,pectenia_plumbea_s._lat.,,LAE5_TE_QS,LAE5_TE_QS_L_20260713_141815963,high_conf,1,foliose_cyanolichen,foliose_cyanolichen,1
317,ricasolia_virens,,LAE5_TE_QE,LAE5_TE_QE_L_20260713_141815979,high_conf,4,foliose_cyanolichen,foliose_cyanolichen,1
318,sticta_sylvatica,,LAE5_TE_QE,LAE5_TE_QE_L_20260713_141815979,high_conf,1,foliose_cyanolichen,foliose_cyanolichen,1
319,pyrenula_macrospora,,LAE5_TE_QE,LAE5_TE_QE_L_20260713_141815994,high_conf,2,crustose_chlorolichen,crustose_chlorolichen,1
320,ricasolia_virens,,LAE5_TE_QN,LAE5_TE_QN_L_20260713_141816010,high_conf,5,foliose_cyanolichen,foliose_cyanolichen,1
321,lobaria_pulmonaria,,LAE5_TE_QN,LAE5_TE_QN_L_20260713_141816010,high_conf,1,foliose_cyanolichen,foliose_cyanolichen,1
322,pyrenula_macrospora,,LAE5_TE_QN,LAE5_TE_QN_L_20260713_141816026,high_conf,4,crustose_chlorolichen,crustose_chlorolichen,1
323,sticta_fuliginosa_s._lat.,,LAE5_TE_QN,LAE5_TE_QN_L_20260713_141816026,med_conf,3,foliose_cyanolichen,foliose_cyanolichen,1
324,ricasolia_virens,,LAE5_TN_QS,LAE5_TN_QS_L_20260713_141816042,high_conf,1,foliose_cyanolichen,foliose_cyanolichen,1
325,pyrenula_macrospora,,LAE5_TN_QS,LAE5_TN_QS_L_20260713_141816042,high_conf,2,crustose_chlorolichen,crustose_chlorolichen,1
326,lepraria_sp,,LAE5_TN_QS,LAE5_TN_QS_L_20260713_141816058,med_conf,5,leprose_chlorolichen,leprose_chlorolichen,0
327,ricasolia_virens,,LAE5_TN_QE,LAE5_TN_QE_L_20260713_141816058,high_conf,2,foliose_cyanolichen,foliose_cyanolichen,1
328,lepraria_sp,,LAE5_TN_QE,LAE5_TN_QE_L_20260713_141816074,med_conf,3,leprose_chlorolichen,leprose_chlorolichen,0
329,sticta_sylvatica,,LAE5_TN_QE,LAE5_TN_QE_L_20260713_141816074,med_conf,3,foliose_cyanolichen,foliose_cyanolichen,1
330,sticta_fuliginosa_s._lat.,,LAE5_TN_QE,LAE5_TN_QE_L_20260713_141816089,med_conf,2,foliose_cyanolichen,foliose_cyanolichen,1
331,ricasolia_virens,,LAE5_TN_QW,LAE5_TN_QW_L_20260713_141816089,high_conf,5,foliose_cyanolichen,foliose_cyanolichen,1
332,sticta_sylvatica,,LAE5_TN_QW,LAE5_TN_QW_L_20260713_141816106,high_conf,3,foliose_cyanolichen,foliose_cyanolichen,1
333,sticta_limbata,,LAE5_TN_QW,LAE5_TN_QW_L_20260713_141816121,med_conf,2,foliose_cyanolichen,foliose_cyanolichen,1
334,pectenia_atlantica,,LAE5_TN_QW,LAE5_TN_QW_L_20260713_141816121,high_conf,1,foliose_cyanolichen,foliose_cyanolichen,1
335,ochrolechia_androgyna,,LAE5_TN_QW,LAE5_TN_QW_L_20260713_141816137,high_conf,3,crustose_chlorolichen,crustose_chlorolichen,0
336,lepraria_sp,,LAE5_TN_QW,LAE5_TN_QW_L_20260713_141816137,med_conf,2,leprose_chlorolichen,leprose_chlorolichen,0
337,thelotrema_lepadinum,,LAE5_TN_QW,LAE5_TN_QW_L_20260713_141816158,high_conf,3,crustose_chlorolichen,crustose_chlorolichen,1
338,ricasolia_virens,,LAE5_TN_QN,LAE5_TN_QN_L_20260713_141816158,high_conf,4,foliose_cyanolichen,foliose_cyanolichen,1
339,thelotrema_lepadinum,,LAE5_TN_QN,LAE5_TN_QN_L_20260713_141816169,high_conf,3,crustose_chlorolichen,crustose_chlorolichen,1
340,sticta_sylvatica,,LAE5_TN_QN,LAE5_TN_QN_L_20260713_141816185,med_conf,2,foliose_cyanolichen,foliose_cyanolichen,1
341,ricasolia_virens,,LAE5_TS_QE,LAE5_TS_QE_L_20260713_141816185,high_conf,1,foliose_cyanolichen,foliose_cyanolichen,1
342,graphis_scripta_s._lat.,,LAE5_TS_QE,LAE5_TS_QE_L_20260713_141816201,high_conf,3,crustose_chlorolichen,crustose_chlorolichen,0
343,lepraria_sp,,LAE5_TS_QE,LAE5_TS_QE_L_20260713_141816201,med_conf,5,leprose_chlorolichen,leprose_chlorolichen,0
344,sticta_fuliginosa_s._lat.,,LAE5_TS_QE,LAE5_TS_QE_L_20260713_141816217,med_conf,2,foliose_cyanolichen,foliose_cyanolichen,1
345,ricasolia_virens,,LAE5_TS_QS,LAE5_TS_QS_L_20260713_141816217,high_conf,3,foliose_cyanolichen,foliose_cyanolichen,1
346,sticta_sylvatica,,LAE5_TS_QS,LAE5_TS_QS_L_20260713_141816233,high_conf,5,foliose_cyanolichen,foliose_cyanolichen,1
347,thelotrema_lepadinum,,LAE5_TS_QS,LAE5_TS_QS_L_20260713_141816233,high_conf,3,crustose_chlorolichen,crustose_chlorolichen,1
348,ochrolechia_androgyna,,LAE5_TS_QS,LAE5_TS_QS_L_20260713_141816249,high_conf,4,crustose_chlorolichen,crustose_chlorolichen,0
349,ricasolia_virens,,LAE5_TS_QW,LAE5_TS_QW_L_20260713_141816258,high_conf,4,foliose_cyanolichen,foliose_cyanolichen,1
350,sticta_sylvatica,,LAE5_TS_QW,LAE5_TS_QW_L_20260713_141816265,high_conf,4,foliose_cyanolichen,foliose_cyanolichen,1
351,graphis_scripta_s._lat.,,LAE5_TS_QW,LAE5_TS_QW_L_20260713_141816281,high_conf,1,crustose_chlorolichen,crustose_chlorolichen,0
352,ochrolechia_androgyna,,LAE5_TS_QW,LAE5_TS_QW_L_20260713_141816281,high_conf,4,crustose_chlorolichen,crustose_chlorolichen,0
353,thelotrema_lepadinum,,LAE5_TS_QW,LAE5_TS_QW_L_20260713_141816296,high_conf,2,crustose_chlorolichen,crustose_chlorolichen,1
354,ricasolia_virens,,LAE5_TS_QN,LAE5_TS_QN_L_20260713_141816296,high_conf,2,foliose_cyanolichen,foliose_cyanolichen,1
355,peltigera_collina,,LAE5_TS_QW,LAE5_TS_QW_L_20260713_141816312,high_conf,2,foliose_cyanolichen,foliose_cyanolichen,1
356,sticta_sylvatica,,LAE5_TS_QN,LAE5_TS_QN_L_20260713_141816312,high_conf,2,foliose_cyanolichen,foliose_cyanolichen,1
357,ochrolechia_androgyna,,LAE5_TS_QN,LAE5_TS_QN_L_20260713_141816328,high_conf,5,crustose_chlorolichen,crustose_chlorolichen,0
358,pyrenula_macrospora,,LAE5_TS_QN,LAE5_TS_QN_L_20260713_141816328,high_conf,2,crustose_chlorolichen,crustose_chlorolichen,1
359,lichen_(unidentified),,LAE5_TS_QN,LAE5_TS_QN_L_20260713_141816344,low_conf,5,squamulose_lichen,,0
360,lepraria_sp,,LAE5_TW_QE,LAE5_TW_QE_L_20260713_141816358,low_conf,5,leprose_chlorolichen,leprose_chlorolichen,0
362,thelotrema_lepadinum,,LAE5_TW_QS,LAE5_TW_QS_L_20260713_141816372,med_conf,1,crustose_chlorolichen,crustose_chlorolichen,1
363,ricasolia_virens,,LAE5_TW_QN,LAE5_TW_QN_L_20260713_141816376,high_conf,2,foliose_cyanolichen,foliose_cyanolichen,1
364,lepraria_sp,,LAE5_TW_QN,LAE5_TW_QN_L_20260713_141816376,high_conf,5,leprose_chlorolichen,leprose_chlorolichen,0
365,thelotrema_lepadinum,,LAE5_TW_QN,LAE5_TW_QN_L_20260713_141816392,high_conf,2,crustose_chlorolichen,crustose_chlorolichen,1
366,pectenia_atlantica,,LAE5_TW_QW,LAE5_TW_QW_L_20260713_141816392,high_conf,1,foliose_cyanolichen,foliose_cyanolichen,1
367,ricasolia_virens,,LAE5_TW_QW,LAE5_TW_QW_L_20260713_141816408,high_conf,5,foliose_cyanolichen,foliose_cyanolichen,1
368,cladonia_coniocraea,,LAE5_TW_QW,LAE5_TW_QW_L_20260713_141816424,high_conf,3,foliose_chlorolichen,foliose_chlorolichen,0
369,normandina_pulchella,,LAE5_TW_QW,LAE5_TW_QW_L_20260713_141816429,high_conf,3,squamulose_cyanolichen,squamulose_chlorolichen,1
370,sticta_sylvatica,,LAE5_TW_QW,LAE5_TW_QW_L_20260713_141816441,high_conf,3,foliose_cyanolichen,foliose_cyanolichen,1
371,pectenia_plumbea_s._lat.,,LAE5_TW_QW,LAE5_TW_QW_L_20260713_141816441,med_conf,3,foliose_cyanolichen,foliose_cyanolichen,1
372,lecidella_elaeochroma_f._elaeochroma,,LAE5_TW_QW,LAE5_TW_QW_L_20260713_141816458,med_conf,1,crustose_chlorolichen,crustose_chlorolichen,0
373,thelotrema_lepadinum,,LAE5_TW_QW,LAE5_TW_QW_L_20260713_141816458,high_conf,3,crustose_chlorolichen,crustose_chlorolichen,1
374,ochrolechia_androgyna,,LAE5_TW_QW,LAE5_TW_QW_L_20260713_141816471,high_conf,1,crustose_chlorolichen,crustose_chlorolichen,0
375,pyrenula_macrospora,,LAE5_TW_QW,LAE5_TW_QW_L_20260713_141816471,high_conf,1,crustose_chlorolichen,crustose_chlorolichen,1
376,cladonia_coniocraea,,AGG5_TE_QE,AGG5_TE_QE_L_20260713_141816487,high_conf,3,foliose_chlorolichen,foliose_chlorolichen,0
377,hypotrachyna_laevigata,,AGG5_TE_QE,AGG5_TE_QE_L_20260713_141816487,med_conf,2,foliose_chlorolichen,foliose_chlorolichen,1
378,ochrolechia_androgyna,,AGG5_TE_QE,AGG5_TE_QE_L_20260713_141816503,high_conf,5,crustose_chlorolichen,crustose_chlorolichen,0
379,pertusaria_coccodes,,AGG5_TE_QE,AGG5_TE_QE_L_20260713_141816519,med_conf,5,crustose_chlorolichen,crustose_chlorolichen,0
380,usnea_subfloridana,,AGG5_TE_QN,AGG5_TE_QN_L_20260713_141816519,med_conf,1,fruticose_chlorolichen,fruticose_chlorolichen,1
381,cladonia_coniocraea,,AGG5_TE_QN,AGG5_TE_QN_L_20260713_141816535,high_conf,5,foliose_chlorolichen,foliose_chlorolichen,0
382,hypotrachyna_laevigata,,AGG5_TE_QN,AGG5_TE_QN_L_20260713_141816550,high_conf,5,foliose_chlorolichen,foliose_chlorolichen,1
383,normandina_pulchella,,AGG5_TE_QN,AGG5_TE_QN_L_20260713_141816558,high_conf,1,squamulose_cyanolichen,squamulose_chlorolichen,1
384,pertusaria_coccodes,,AGG5_TE_QN,AGG5_TE_QN_L_20260713_141816566,med_conf,3,crustose_chlorolichen,crustose_chlorolichen,0
385,ochrolechia_androgyna,,AGG5_TE_QN,AGG5_TE_QN_L_20260713_141816566,high_conf,3,crustose_chlorolichen,crustose_chlorolichen,0
386,lepraria_sp,,AGG5_TE_QN,AGG5_TE_QN_L_20260713_141816582,high_conf,2,leprose_chlorolichen,leprose_chlorolichen,0
387,sphaerophorus_globosus,,AGG5_TE_QN,AGG5_TE_QN_L_20260713_141816582,high_conf,2,fruticose_chlorolichen,fruticose_chlorolichen,1
388,sphaerophorus_globosus,,AGG5_TE_QS,AGG5_TE_QS_L_20260713_141816598,high_conf,2,fruticose_chlorolichen,fruticose_chlorolichen,1
389,hypotrachyna_laevigata,,AGG5_TE_QS,AGG5_TE_QS_L_20260713_141816598,high_conf,3,foliose_chlorolichen,foliose_chlorolichen,1
390,cladonia_coniocraea,,AGG5_TE_QS,AGG5_TE_QS_L_20260713_141816614,high_conf,4,foliose_chlorolichen,foliose_chlorolichen,0
391,lecanactis_abietina,,AGG5_TE_QS,AGG5_TE_QS_L_20260713_141816614,med_conf,5,crustose_chlorolichen,crustose_chlorolichen,0
392,ochrolechia_androgyna,,AGG5_TE_QS,AGG5_TE_QS_L_20260713_141816630,high_conf,5,crustose_chlorolichen,crustose_chlorolichen,0
393,sphaerophorus_globosus,,AGG5_TE_QW,AGG5_TE_QW_L_20260713_141816630,high_conf,5,fruticose_chlorolichen,fruticose_chlorolichen,1
394,cladonia_coniocraea,,AGG5_TE_QW,AGG5_TE_QW_L_20260713_141816646,high_conf,1,foliose_chlorolichen,foliose_chlorolichen,0
395,lecanactis_abietina,,AGG5_TE_QW,AGG5_TE_QW_L_20260713_141816664,high_conf,3,crustose_chlorolichen,crustose_chlorolichen,0
396,ochrolechia_androgyna,,AGG5_TE_QW,AGG5_TE_QW_L_20260713_141816671,high_conf,2,crustose_chlorolichen,crustose_chlorolichen,0
397,hypotrachyna_laevigata,,AGG5_TE_QW,AGG5_TE_QW_L_20260713_141816677,high_conf,1,foliose_chlorolichen,foliose_chlorolichen,1
398,pertusaria_leioplaca,,AGG5_TN_QN,AGG5_TN_QN_L_20260713_141816677,med_conf,2,crustose_chlorolichen,crustose_chlorolichen,0
399,lepraria_sp,,AGG5_TN_QN,AGG5_TN_QN_L_20260713_141816693,med_conf,2,leprose_chlorolichen,leprose_chlorolichen,0
400,ochrolechia_androgyna,,AGG5_TN_QN,AGG5_TN_QN_L_20260713_141816693,high_conf,3,crustose_chlorolichen,crustose_chlorolichen,0
401,lobaria_pulmonaria,,AGG5_TN_QS,AGG5_TN_QS_L_20260713_141816709,high_conf,3,foliose_cyanolichen,foliose_cyanolichen,1
402,peltigera_collina,,AGG5_TN_QS,AGG5_TN_QS_L_20260713_141816725,high_conf,3,foliose_cyanolichen,foliose_cyanolichen,1
403,cladonia_chlorophaea_s._lat.,,AGG5_TN_QS,AGG5_TN_QS_L_20260713_141816725,high_conf,5,foliose_chlorolichen,foliose_chlorolichen,0
404,cladonia_chlorophaea_s._lat.,,AGG5_TN_QE,AGG5_TN_QE_L_20260713_141816740,high_conf,5,foliose_chlorolichen,foliose_chlorolichen,0
405,ochrolechia_androgyna,,AGG5_TN_QE,AGG5_TN_QE_L_20260713_141816740,med_conf,3,crustose_chlorolichen,crustose_chlorolichen,0
406,lobaria_pulmonaria,,AGG5_TN_QW,AGG5_TN_QW_L_20260713_141816758,high_conf,3,foliose_cyanolichen,foliose_cyanolichen,1
407,pectenia_atlantica,"Young, small",AGG5_TN_QW,AGG5_TN_QW_L_20260713_141816758,med_conf,1,foliose_cyanolichen,foliose_cyanolichen,1
408,hypotrachyna_laevigata,,AGG5_TN_QW,AGG5_TN_QW_L_20260713_141816772,med_conf,1,foliose_chlorolichen,foliose_chlorolichen,1
409,ochrolechia_androgyna,,AGG5_TS_QS,AGG5_TS_QS_L_20260713_141816772,high_conf,5,crustose_chlorolichen,crustose_chlorolichen,0
410,eopyrenula_grandicula,,AGG5_TS_QS,AGG5_TS_QS_L_20260713_141816788,med_conf,4,crustose_chlorolichen,crustose_chlorolichen,0
411,usnea_subfloridana,,AGG5_TS_QS,AGG5_TS_QS_L_20260713_141816804,med_conf,1,fruticose_chlorolichen,fruticose_chlorolichen,1
412,sphaerophorus_globosus,,AGG5_TS_QW,AGG5_TS_QW_L_20260713_141816804,high_conf,5,fruticose_chlorolichen,fruticose_chlorolichen,1
413,ochrolechia_androgyna,,AGG5_TS_QW,AGG5_TS_QW_L_20260713_141816820,high_conf,5,crustose_chlorolichen,crustose_chlorolichen,0
414,hypotrachyna_laevigata,,AGG5_TS_QW,AGG5_TS_QW_L_20260713_141816820,med_conf,3,foliose_chlorolichen,foliose_chlorolichen,1
415,cladonia_sp,,AGG5_TS_QW,AGG5_TS_QW_L_20260713_141816836,high_conf,1,squamulose_chlorolichen,squamulose_chlorolichen,0
416,eopyrenula_grandicula,,AGG5_TS_QW,AGG5_TS_QW_L_20260713_141816836,med_conf,2,crustose_chlorolichen,crustose_chlorolichen,0
417,sphaerophorus_globosus,,AGG5_TS_QN,AGG5_TS_QN_L_20260713_141816858,high_conf,5,fruticose_chlorolichen,fruticose_chlorolichen,1
418,cladonia_sp,,AGG5_TS_QN,AGG5_TS_QN_L_20260713_141816858,high_conf,2,squamulose_chlorolichen,squamulose_chlorolichen,0
419,sphaerophorus_fragilis,,AGG5_TS_QN,AGG5_TS_QN_L_20260713_141816868,high_conf,2,fruticose_chlorolichen,fruticose_chlorolichen,1
420,eopyrenula_grandicula,,AGG5_TS_QN,AGG5_TS_QN_L_20260713_141816884,med_conf,2,crustose_chlorolichen,crustose_chlorolichen,0
421,hypotrachyna_laevigata,,AGG5_TS_QN,AGG5_TS_QN_L_20260713_141816900,high_conf,3,foliose_chlorolichen,foliose_chlorolichen,1
422,ochrolechia_androgyna,,AGG5_TS_QN,AGG5_TS_QN_L_20260713_141816908,high_conf,4,crustose_chlorolichen,crustose_chlorolichen,0
423,hypotrachyna_laevigata,,AGG5_TS_QE,AGG5_TS_QE_L_20260713_141816915,high_conf,5,foliose_chlorolichen,foliose_chlorolichen,1
424,ochrolechia_androgyna,,AGG5_TS_QE,AGG5_TS_QE_L_20260713_141816923,med_conf,5,crustose_chlorolichen,crustose_chlorolichen,0
425,lecanactis_abietina,,AGG5_TS_QE,AGG5_TS_QE_L_20260713_141816931,high_conf,5,crustose_chlorolichen,crustose_chlorolichen,0
426,parmelia_sulcata,,AGG5_TS_QE,AGG5_TS_QE_L_20260713_141816931,med_conf,1,foliose_chlorolichen,foliose_chlorolichen,0
427,cladonia_coniocraea,,AGG5_TS_QE,AGG5_TS_QE_L_20260713_141816946,high_conf,2,foliose_chlorolichen,foliose_chlorolichen,0
428,ochrolechia_androgyna,,AGG5_TW_QE,AGG5_TW_QE_L_20260713_141816961,high_conf,5,crustose_chlorolichen,crustose_chlorolichen,0
429,lecanactis_abietina,,AGG5_TW_QE,AGG5_TW_QE_L_20260713_141816963,high_conf,5,crustose_chlorolichen,crustose_chlorolichen,0
430,cladonia_coniocraea,,AGG5_TW_QE,AGG5_TW_QE_L_20260713_141816963,high_conf,1,foliose_chlorolichen,foliose_chlorolichen,0
431,ochrolechia_androgyna,,AGG5_TW_QS,AGG5_TW_QS_L_20260713_141816979,high_conf,5,crustose_chlorolichen,crustose_chlorolichen,0
432,lecanactis_abietina,,AGG5_TW_QS,AGG5_TW_QS_L_20260713_141816994,high_conf,4,crustose_chlorolichen,crustose_chlorolichen,0
433,cladonia_sp,,AGG5_TW_QS,AGG5_TW_QS_L_20260713_141816994,high_conf,1,squamulose_chlorolichen,squamulose_chlorolichen,0
434,ochrolechia_androgyna,,AGG5_TW_QW,AGG5_TW_QW_L_20260713_141817011,high_conf,5,crustose_chlorolichen,crustose_chlorolichen,0
435,lecanactis_abietina,,AGG5_TW_QW,AGG5_TW_QW_L_20260713_141817011,high_conf,1,crustose_chlorolichen,crustose_chlorolichen,0
436,cladonia_coniocraea,,AGG5_TW_QW,AGG5_TW_QW_L_20260713_141817026,high_conf,4,foliose_chlorolichen,foliose_chlorolichen,0
437,cladonia_coniocraea,,AGG5_TW_QN,AGG5_TW_QN_L_20260713_141817026,high_conf,5,foliose_chlorolichen,foliose_chlorolichen,0
438,usnea_cornuta_s._lat.,,AGG5_TW_QN,AGG5_TW_QN_L_20260713_141817042,high_conf,1,fruticose_chlorolichen,fruticose_chlorolichen,1
439,hypotrachyna_laevigata,,AGG5_TW_QN,AGG5_TW_QN_L_20260713_141817042,high_conf,5,foliose_chlorolichen,foliose_chlorolichen,1
440,lecanactis_abietina,,AGG5_TW_QN,AGG5_TW_QN_L_20260713_141817058,high_conf,5,crustose_chlorolichen,crustose_chlorolichen,0
441,ochrolechia_androgyna,,AGG5_TW_QN,AGG5_TW_QN_L_20260713_141817058,high_conf,4,crustose_chlorolichen,crustose_chlorolichen,0
442,ochrolechia_androgyna,,ARI6_TW_QE,ARI6_TW_QE_L_20260713_141817073,high_conf,5,crustose_chlorolichen,crustose_chlorolichen,0
443,normandina_pulchella,,ARI6_TW_QE,ARI6_TW_QE_L_20260713_141817089,high_conf,5,squamulose_cyanolichen,squamulose_chlorolichen,1
444,ochrolechia_androgyna,,ARI6_TW_QS,ARI6_TW_QS_L_20260713_141817089,high_conf,5,crustose_chlorolichen,crustose_chlorolichen,0
445,thelotrema_lepadinum,,ARI6_TW_QS,ARI6_TW_QS_L_20260713_141817105,high_conf,1,crustose_chlorolichen,crustose_chlorolichen,1
446,ochrolechia_androgyna,,ARI6_TW_QW,ARI6_TW_QW_L_20260713_141817105,high_conf,5,crustose_chlorolichen,crustose_chlorolichen,0
447,normandina_pulchella,,ARI6_TW_QW,ARI6_TW_QW_L_20260713_141817121,high_conf,4,squamulose_cyanolichen,squamulose_chlorolichen,1
448,normandina_pulchella,,ARI6_TW_QN,ARI6_TW_QN_L_20260713_141817121,high_conf,2,squamulose_cyanolichen,squamulose_chlorolichen,1
449,ochrolechia_androgyna,,ARI6_TW_QN,ARI6_TW_QN_L_20260713_141817136,high_conf,1,crustose_chlorolichen,crustose_chlorolichen,0
450,thelotrema_lepadinum,,ARI6_TN_QS,ARI6_TN_QS_L_20260713_141817136,high_conf,3,crustose_chlorolichen,crustose_chlorolichen,1
451,ochrolechia_androgyna,,ARI6_TN_QS,ARI6_TN_QS_L_20260713_141817159,high_conf,5,crustose_chlorolichen,crustose_chlorolichen,0
452,normandina_pulchella,,ARI6_TN_QS,ARI6_TN_QS_L_20260713_141817159,high_conf,4,squamulose_cyanolichen,squamulose_chlorolichen,1
453,cladonia_coniocraea,,ARI6_TN_QW,ARI6_TN_QW_L_20260713_141817168,high_conf,5,foliose_chlorolichen,foliose_chlorolichen,0
454,ochrolechia_androgyna,,ARI6_TN_QW,ARI6_TN_QW_L_20260713_141817184,high_conf,2,crustose_chlorolichen,crustose_chlorolichen,0
455,lepraria_sp,,ARI6_TN_QN,ARI6_TN_QN_L_20260713_141817186,med_conf,5,leprose_chlorolichen,leprose_chlorolichen,0
456,cladonia_coniocraea,,ARI6_TN_QN,ARI6_TN_QN_L_20260713_141817200,med_conf,3,foliose_chlorolichen,foliose_chlorolichen,0
457,ochrolechia_androgyna,,ARI6_TN_QN,ARI6_TN_QN_L_20260713_141817203,high_conf,2,crustose_chlorolichen,crustose_chlorolichen,0
458,lepraria_sp,,ARI6_TN_QE,ARI6_TN_QE_L_20260713_141817216,med_conf,5,leprose_chlorolichen,leprose_chlorolichen,0
459,ochrolechia_androgyna,,ARI6_TN_QE,ARI6_TN_QE_L_20260713_141817216,high_conf,5,crustose_chlorolichen,crustose_chlorolichen,0
460,pectenia_atlantica,,ARI6_TS_QN,ARI6_TS_QN_L_20260713_141817232,high_conf,3,foliose_cyanolichen,foliose_cyanolichen,1
461,lobarina_scrobiculata,,ARI6_TS_QN,ARI6_TS_QN_L_20260713_141817243,med_conf,4,foliose_cyanolichen,foliose_cyanolichen,1
462,pectenia_plumbea_s._lat.,,ARI6_TS_QN,ARI6_TS_QN_L_20260713_141817248,high_conf,3,foliose_cyanolichen,foliose_cyanolichen,1
463,ochrolechia_androgyna,,ARI6_TS_QN,ARI6_TS_QN_L_20260713_141817259,high_conf,4,crustose_chlorolichen,crustose_chlorolichen,0
464,thelotrema_lepadinum,,ARI6_TS_QN,ARI6_TS_QN_L_20260713_141817264,high_conf,4,crustose_chlorolichen,crustose_chlorolichen,1
465,pectenia_cyanoloma,,ARI6_TS_QE,ARI6_TS_QE_L_20260713_141817280,high_conf,5,foliose_cyanolichen,foliose_cyanolichen,1
466,pectenia_atlantica,,ARI6_TS_QE,ARI6_TS_QE_L_20260713_141817280,high_conf,2,foliose_cyanolichen,foliose_cyanolichen,1
467,pannaria_rubiginosa,,ARI6_TS_QE,ARI6_TS_QE_L_20260713_141817295,high_conf,1,foliose_cyanolichen,foliose_cyanolichen,1
468,sticta_limbata,,ARI6_TS_QE,ARI6_TS_QE_L_20260713_141817295,high_conf,2,foliose_cyanolichen,foliose_cyanolichen,1
469,ochrolechia_androgyna,,ARI6_TS_QE,ARI6_TS_QE_L_20260713_141817311,high_conf,5,crustose_chlorolichen,crustose_chlorolichen,0
470,thelotrema_lepadinum,,ARI6_TS_QE,ARI6_TS_QE_L_20260713_141817311,high_conf,5,crustose_chlorolichen,crustose_chlorolichen,1
471,hypotrachyna_laevigata,,ARI6_TS_QE,ARI6_TS_QE_L_20260713_141817327,high_conf,1,foliose_chlorolichen,foliose_chlorolichen,1
472,normandina_pulchella,,ARI6_TS_QE,ARI6_TS_QE_L_20260713_141817327,high_conf,4,squamulose_cyanolichen,squamulose_chlorolichen,1
473,pectenia_atlantica,,ARI6_TS_QW,ARI6_TS_QW_L_20260713_141817343,high_conf,3,foliose_cyanolichen,foliose_cyanolichen,1
474,thelotrema_lepadinum,,ARI6_TS_QW,ARI6_TS_QW_L_20260713_141817343,high_conf,4,crustose_chlorolichen,crustose_chlorolichen,1
475,ochrolechia_androgyna,,ARI6_TS_QS,ARI6_TS_QS_L_20260713_141817359,high_conf,5,crustose_chlorolichen,crustose_chlorolichen,0
476,pectenia_atlantica,,ARI6_TS_QS,ARI6_TS_QS_L_20260713_141817359,high_conf,4,foliose_cyanolichen,foliose_cyanolichen,1
477,pannaria_rubiginosa,,ARI6_TS_QS,ARI6_TS_QS_L_20260713_141817375,high_conf,2,foliose_cyanolichen,foliose_cyanolichen,1
478,cladonia_coniocraea,,ARI6_TS_QS,ARI6_TS_QS_L_20260713_141817391,high_conf,5,foliose_chlorolichen,foliose_chlorolichen,0
479,ochrolechia_androgyna,,ARI6_TE_QS,ARI6_TE_QS_L_20260713_141817391,high_conf,5,crustose_chlorolichen,crustose_chlorolichen,0
480,cladonia_sp,,ARI6_TE_QS,ARI6_TE_QS_L_20260713_141817406,high_conf,2,squamulose_chlorolichen,squamulose_chlorolichen,0
481,pectenia_atlantica,,ARI6_TE_QW,ARI6_TE_QW_L_20260713_141817406,high_conf,2,foliose_cyanolichen,foliose_cyanolichen,1
482,ochrolechia_androgyna,,ARI6_TE_QW,ARI6_TE_QW_L_20260713_141817423,high_conf,5,crustose_chlorolichen,crustose_chlorolichen,0
483,lecanactis_abietina,,ARI6_TE_QW,ARI6_TE_QW_L_20260713_141817423,med_conf,5,crustose_chlorolichen,crustose_chlorolichen,0
484,pertusaria_leioplaca,,ARI6_TE_QW,ARI6_TE_QW_L_20260713_141817446,low_conf,5,crustose_chlorolichen,crustose_chlorolichen,0
485,thelotrema_lepadinum,,ARI6_TE_QW,ARI6_TE_QW_L_20260713_141817446,high_conf,2,crustose_chlorolichen,crustose_chlorolichen,1
486,pannaria_rubiginosa,,ARI6_TE_QN,ARI6_TE_QN_L_20260713_141817459,high_conf,4,foliose_cyanolichen,foliose_cyanolichen,1
487,ochrolechia_androgyna,,ARI6_TE_QN,ARI6_TE_QN_L_20260713_141817459,high_conf,3,crustose_chlorolichen,crustose_chlorolichen,0
488,lepraria_sp,,ARI6_TE_QN,ARI6_TE_QN_L_20260713_141817470,med_conf,2,leprose_chlorolichen,leprose_chlorolichen,0
489,pertusaria_leioplaca,,ARI6_TE_QN,ARI6_TE_QN_L_20260713_141817486,med_conf,5,crustose_chlorolichen,crustose_chlorolichen,0
490,lecanactis_abietina,,ARI6_TE_QN,ARI6_TE_QN_L_20260713_141817487,med_conf,3,crustose_chlorolichen,crustose_chlorolichen,0
491,pannaria_rubiginosa,,ARI6_TE_QE,ARI6_TE_QE_L_20260713_141817502,high_conf,2,foliose_cyanolichen,foliose_cyanolichen,1
492,ochrolechia_androgyna,,ARI6_TE_QE,ARI6_TE_QE_L_20260713_141817502,high_conf,1,crustose_chlorolichen,crustose_chlorolichen,0
493,lepraria_sp,,ARI6_TE_QE,ARI6_TE_QE_L_20260713_141817518,med_conf,3,leprose_chlorolichen,leprose_chlorolichen,0
494,lecanactis_abietina,,ARI6_TE_QE,ARI6_TE_QE_L_20260713_141817518,med_conf,5,crustose_chlorolichen,crustose_chlorolichen,0
495,pectenia_atlantica,,ARI6_TE_QE,ARI6_TE_QE_L_20260713_141817534,med_conf,1,foliose_cyanolichen,foliose_cyanolichen,1
496,ochrolechia_androgyna,,ARI8_TE_QN,ARI8_TE_QN_L_20260713_141817534,high_conf,5,crustose_chlorolichen,crustose_chlorolichen,0
497,thelotrema_lepadinum,,ARI8_TE_QN,ARI8_TE_QN_L_20260713_141817550,high_conf,4,crustose_chlorolichen,crustose_chlorolichen,1
498,pectenia_atlantica,,ARI8_TE_QN,ARI8_TE_QN_L_20260713_141817559,high_conf,2,foliose_cyanolichen,foliose_cyanolichen,1
499,pannaria_rubiginosa,,ARI8_TE_QN,ARI8_TE_QN_L_20260713_141817565,high_conf,1,foliose_cyanolichen,foliose_cyanolichen,1
500,lobaria_pulmonaria,,ARI8_TE_QN,ARI8_TE_QN_L_20260713_141817581,high_conf,1,foliose_cyanolichen,foliose_cyanolichen,1
501,ochrolechia_androgyna,,ARI8_TE_QE,ARI8_TE_QE_L_20260713_141817581,high_conf,4,crustose_chlorolichen,crustose_chlorolichen,0
502,lecanactis_abietina,,ARI8_TE_QE,ARI8_TE_QE_L_20260713_141817597,high_conf,3,crustose_chlorolichen,crustose_chlorolichen,0
503,lecidella_elaeochroma_f._elaeochroma,,ARI8_TE_QE,ARI8_TE_QE_L_20260713_141817597,high_conf,5,crustose_chlorolichen,crustose_chlorolichen,0
504,normandina_pulchella,,ARI8_TE_QN,ARI8_TE_QN_L_20260713_141817613,high_conf,4,squamulose_cyanolichen,squamulose_chlorolichen,1
505,cladonia_sp,,ARI8_TE_QN,ARI8_TE_QN_L_20260713_141817629,med_conf,1,squamulose_chlorolichen,squamulose_chlorolichen,0
506,normandina_pulchella,,ARI8_TE_QS,ARI8_TE_QS_L_20260713_141817629,high_conf,5,squamulose_cyanolichen,squamulose_chlorolichen,1
507,lecanactis_abietina,,ARI8_TE_QS,ARI8_TE_QS_L_20260713_141817645,high_conf,5,crustose_chlorolichen,crustose_chlorolichen,0
508,ochrolechia_androgyna,,ARI8_TE_QS,ARI8_TE_QS_L_20260713_141817661,high_conf,3,crustose_chlorolichen,crustose_chlorolichen,0
509,lecidella_elaeochroma_f._elaeochroma,,ARI8_TE_QS,ARI8_TE_QS_L_20260713_141817676,med_conf,2,crustose_chlorolichen,crustose_chlorolichen,0
510,ochrolechia_androgyna,,ARI8_TE_QW,ARI8_TE_QW_L_20260713_141817676,high_conf,5,crustose_chlorolichen,crustose_chlorolichen,0
511,lobarina_scrobiculata,,ARI8_TE_QW,ARI8_TE_QW_L_20260713_141817692,high_conf,1,foliose_cyanolichen,foliose_cyanolichen,1
512,parmelia_sulcata,,ARI8_TE_QW,ARI8_TE_QW_L_20260713_141817708,high_conf,1,foliose_chlorolichen,foliose_chlorolichen,0
513,pectenia_cyanoloma,,ARI8_TE_QW,ARI8_TE_QW_L_20260713_141817708,high_conf,3,foliose_cyanolichen,foliose_cyanolichen,1
514,pectenia_atlantica,,ARI8_TE_QW,ARI8_TE_QW_L_20260713_141817724,high_conf,5,foliose_cyanolichen,foliose_cyanolichen,1
515,parmeliella_parvula,Dry dirt brown foliose or crustose lichen in TQ_QW_C4.,ARI8_TE_QW,ARI8_TE_QW_L_20260713_141817732,low_conf,1,squamulose_cyanolichen,squamulose_cyanolichen,1
516,thelotrema_macrosporum,,ARI8_TE_QW,ARI8_TE_QW_L_20260713_141817743,low_conf,4,crustose_chlorolichen,crustose_chlorolichen,1
517,lobaria_pulmonaria,,ARI8_TN_QS,ARI8_TN_QS_L_20260713_141817743,high_conf,5,foliose_cyanolichen,foliose_cyanolichen,1
518,parmelia_sulcata,,ARI8_TN_QS,ARI8_TN_QS_L_20260713_141817760,high_conf,5,foliose_chlorolichen,foliose_chlorolichen,0
519,hypotrachyna_taylorensis,,ARI8_TN_QS,ARI8_TN_QS_L_20260713_141817770,med_conf,5,foliose_chlorolichen,foliose_chlorolichen,1
520,ochrolechia_androgyna,,ARI8_TN_QS,ARI8_TN_QS_L_20260713_141817780,high_conf,5,crustose_chlorolichen,crustose_chlorolichen,0
521,parmelia_sulcata,,ARI8_TN_QE,ARI8_TN_QE_L_20260713_141817787,high_conf,4,foliose_chlorolichen,foliose_chlorolichen,0
522,ochrolechia_androgyna,,ARI8_TN_QE,ARI8_TN_QE_L_20260713_141817787,high_conf,4,crustose_chlorolichen,crustose_chlorolichen,0
523,lepraria_sp,,ARI8_TN_QE,ARI8_TN_QE_L_20260713_141817803,med_conf,3,leprose_chlorolichen,leprose_chlorolichen,0
524,cladonia_sp,,ARI8_TN_QE,ARI8_TN_QE_L_20260713_141817803,high_conf,1,squamulose_chlorolichen,squamulose_chlorolichen,0
525,melanelixia_subaurifera,,ARI8_TN_QE,ARI8_TN_QE_L_20260713_141817819,high_conf,1,foliose_chlorolichen,foliose_chlorolichen,0
526,lobaria_pulmonaria,,ARI8_TN_QN,ARI8_TN_QN_L_20260713_141817819,high_conf,4,foliose_cyanolichen,foliose_cyanolichen,1
527,ochrolechia_androgyna,,ARI8_TN_QN,ARI8_TN_QN_L_20260713_141817835,high_conf,5,crustose_chlorolichen,crustose_chlorolichen,0
528,parmelia_sulcata,,ARI8_TN_QN,ARI8_TN_QN_L_20260713_141817835,high_conf,4,foliose_chlorolichen,foliose_chlorolichen,0
529,hypotrachyna_taylorensis,,ARI8_TN_QN,ARI8_TN_QN_L_20260713_141817851,high_conf,2,foliose_chlorolichen,foliose_chlorolichen,1
530,cladonia_sp,Squamulose,ARI8_TN_QN,ARI8_TN_QN_L_20260713_141817860,med_conf,2,squamulose_chlorolichen,squamulose_chlorolichen,0
531,lobaria_pulmonaria,,ARI8_TN_QW,ARI8_TN_QW_L_20260713_141817867,high_conf,5,foliose_cyanolichen,foliose_cyanolichen,1
532,hypotrachyna_taylorensis,,ARI8_TN_QW,ARI8_TN_QW_L_20260713_141817883,med_conf,5,foliose_chlorolichen,foliose_chlorolichen,1
533,parmelia_sulcata,,ARI8_TN_QW,ARI8_TN_QW_L_20260713_141817883,med_conf,2,foliose_chlorolichen,foliose_chlorolichen,0
534,ochrolechia_parella,,ARI8_TN_QW,ARI8_TN_QW_L_20260713_141817898,med_conf,5,crustose_chlorolichen,crustose_chlorolichen,0
535,lecidella_elaeochroma_f._elaeochroma,,ARI8_TN_QW,ARI8_TN_QW_L_20260713_141817898,low_conf,2,crustose_chlorolichen,crustose_chlorolichen,0
536,melanelixia_subaurifera,,ARI8_TN_QW,ARI8_TN_QW_L_20260713_141817914,high_conf,1,foliose_chlorolichen,foliose_chlorolichen,0
537,ricasolia_virens,,ARI8_TS_QN,ARI8_TS_QN_L_20260713_141817914,high_conf,2,foliose_cyanolichen,foliose_cyanolichen,1
538,ochrolechia_androgyna,,ARI8_TS_QN,ARI8_TS_QN_L_20260713_141817930,high_conf,1,crustose_chlorolichen,crustose_chlorolichen,0
539,pectenia_cyanoloma,,ARI8_TS_QN,ARI8_TS_QN_L_20260713_141817930,high_conf,4,foliose_cyanolichen,foliose_cyanolichen,1
540,ochrolechia_androgyna,,ARI8_TS_QW,ARI8_TS_QW_L_20260713_141817946,high_conf,5,crustose_chlorolichen,crustose_chlorolichen,0
541,lepraria_sp,,ARI8_TS_QW,ARI8_TS_QW_L_20260713_141817962,med_conf,1,leprose_chlorolichen,leprose_chlorolichen,0
542,pectenia_plumbea_s._lat.,,ARI8_TS_QW,ARI8_TS_QW_L_20260713_141817962,med_conf,1,foliose_cyanolichen,foliose_cyanolichen,1
543,ochrolechia_androgyna,,ARI8_TS_QS,ARI8_TS_QS_L_20260713_141817978,high_conf,5,crustose_chlorolichen,crustose_chlorolichen,0
544,hypotrachyna_taylorensis,,ARI8_TS_QS,ARI8_TS_QS_L_20260713_141817978,med_conf,2,foliose_chlorolichen,foliose_chlorolichen,1
545,lecidella_elaeochroma_f._elaeochroma,,ARI8_TS_QS,ARI8_TS_QS_L_20260713_141817994,med_conf,3,crustose_chlorolichen,crustose_chlorolichen,0
546,hypotrachyna_taylorensis,,ARI8_TS_QE,ARI8_TS_QE_L_20260713_141817994,med_conf,5,foliose_chlorolichen,foliose_chlorolichen,1
547,ochrolechia_androgyna,,ARI8_TS_QE,ARI8_TS_QE_L_20260713_141818010,high_conf,5,crustose_chlorolichen,crustose_chlorolichen,0
548,cladonia_sp,,ARI8_TS_QE,ARI8_TS_QE_L_20260713_141818010,med_conf,3,squamulose_chlorolichen,squamulose_chlorolichen,0
549,lobaria_pulmonaria,,ARI8_TW_QE,ARI8_TW_QE_L_20260713_141818025,high_conf,2,foliose_cyanolichen,foliose_cyanolichen,1
550,hypotrachyna_taylorensis,,ARI8_TW_QE,ARI8_TW_QE_L_20260713_141818025,med_conf,2,foliose_chlorolichen,foliose_chlorolichen,1
551,cladonia_coniocraea,,ARI8_TW_QE,ARI8_TW_QE_L_20260713_141818041,high_conf,3,foliose_chlorolichen,foliose_chlorolichen,0
552,lobaria_pulmonaria,,ARI8_TW_QN,ARI8_TW_QN_L_20260713_141818057,high_conf,1,foliose_cyanolichen,foliose_cyanolichen,1
553,cladonia_coniocraea,,ARI8_TW_QN,ARI8_TW_QN_L_20260713_141818061,high_conf,4,foliose_chlorolichen,foliose_chlorolichen,0
554,ochrolechia_androgyna,,ARI8_TW_QN,ARI8_TW_QN_L_20260713_141818073,high_conf,2,crustose_chlorolichen,crustose_chlorolichen,0
555,parmelia_sulcata,,ARI8_TW_QN,ARI8_TW_QN_L_20260713_141818073,high_conf,4,foliose_chlorolichen,foliose_chlorolichen,0
556,lobaria_pulmonaria,,ARI8_TW_QW,ARI8_TW_QW_L_20260713_141818088,high_conf,5,foliose_cyanolichen,foliose_cyanolichen,1
557,ochrolechia_androgyna,,ARI8_TW_QW,ARI8_TW_QW_L_20260713_141818088,high_conf,5,crustose_chlorolichen,crustose_chlorolichen,0
558,ricasolia_virens,,ARI8_TW_QW,ARI8_TW_QW_L_20260713_141818109,high_conf,1,foliose_cyanolichen,foliose_cyanolichen,1
559,lobaria_pulmonaria,,ARI8_TW_QS,ARI8_TW_QS_L_20260713_141818114,high_conf,5,foliose_cyanolichen,foliose_cyanolichen,1
560,ochrolechia_androgyna,,ARI8_TW_QS,ARI8_TW_QS_L_20260713_141818120,high_conf,3,crustose_chlorolichen,crustose_chlorolichen,0
561,normandina_pulchella,,ARI8_TW_QS,ARI8_TW_QS_L_20260713_141818120,high_conf,1,squamulose_cyanolichen,squamulose_chlorolichen,1
562,thelotrema_lepadinum,,ARI8_TW_QS,ARI8_TW_QS_L_20260713_141818136,med_conf,1,crustose_chlorolichen,crustose_chlorolichen,1
563,ochrolechia_tartarea,,ARI8_TW_QS,ARI8_TW_QS_L_20260713_142837303,high_conf,5,crustose_chlorolichen,crustose_chlorolichen,1
564,lobaria_pulmonaria,,RR1_TE_QW,RR1_TE_QW_L_20260713_141818151,high_conf,5,foliose_cyanolichen,foliose_cyanolichen,1
565,parmelia_sulcata,,RR1_TE_QW,RR1_TE_QW_L_20260713_141818167,high_conf,1,foliose_chlorolichen,foliose_chlorolichen,0
566,ochrolechia_androgyna,,RR1_TE_QW,RR1_TE_QW_L_20260713_141818167,med_conf,2,crustose_chlorolichen,crustose_chlorolichen,0
567,diarthonis_spadicea,,RR1_TE_QW,RR1_TE_QW_L_20260713_141818183,med_conf,5,crustose_chlorolichen,crustose_chlorolichen,0
568,lobaria_pulmonaria,,RR1_TE_QN,RR1_TE_QN_L_20260713_141818183,high_conf,5,foliose_cyanolichen,foliose_cyanolichen,1
569,ochrolechia_androgyna,,RR1_TE_QN,RR1_TE_QN_L_20260713_141818199,high_conf,2,crustose_chlorolichen,crustose_chlorolichen,0
570,parmelia_sulcata,,RR1_TE_QN,RR1_TE_QN_L_20260713_141818215,high_conf,3,foliose_chlorolichen,foliose_chlorolichen,0
571,cladonia_sp,,RR1_TE_QN,RR1_TE_QN_L_20260713_141818215,high_conf,2,squamulose_chlorolichen,squamulose_chlorolichen,0
572,lepraria_sp,,RR1_TE_QN,RR1_TE_QN_L_20260713_141818231,med_conf,2,leprose_chlorolichen,leprose_chlorolichen,0
573,lobaria_pulmonaria,,RR1_TE_QS,RR1_TE_QS_L_20260713_141818231,high_conf,5,foliose_cyanolichen,foliose_cyanolichen,1
574,parmelia_sulcata,,RR1_TE_QS,RR1_TE_QS_L_20260713_141818247,high_conf,2,foliose_chlorolichen,foliose_chlorolichen,0
575,ochrolechia_androgyna,,RR1_TE_QS,RR1_TE_QS_L_20260713_141818247,high_conf,5,crustose_chlorolichen,crustose_chlorolichen,0
576,lobaria_pulmonaria,,RR1_TE_QE,RR1_TE_QE_L_20260713_141818263,high_conf,2,foliose_cyanolichen,foliose_cyanolichen,1
577,parmelia_sulcata,,RR1_TE_QE,RR1_TE_QE_L_20260713_141818279,high_conf,3,foliose_chlorolichen,foliose_chlorolichen,0
578,cladonia_sp,,RR1_TE_QE,RR1_TE_QE_L_20260713_141818281,high_conf,2,squamulose_chlorolichen,squamulose_chlorolichen,0
579,diarthonis_spadicea,,RR1_TE_QE,RR1_TE_QE_L_20260713_141818294,low_conf,1,crustose_chlorolichen,crustose_chlorolichen,0
580,lecanactis_abietina,,RR1_TE_QE,RR1_TE_QE_L_20260713_141818294,med_conf,5,crustose_chlorolichen,crustose_chlorolichen,0
581,eopyrenula_grandicula,,RR1_TN_QE,RR1_TN_QE_L_20260713_141818310,med_conf,5,crustose_chlorolichen,crustose_chlorolichen,0
582,eopyrenula_grandicula,,RR1_TN_QS,RR1_TN_QS_L_20260713_141818320,med_conf,5,crustose_chlorolichen,crustose_chlorolichen,0
583,eopyrenula_grandicula,,RR1_TN_QW,RR1_TN_QW_L_20260713_141818326,med_conf,5,crustose_chlorolichen,crustose_chlorolichen,0
584,hypotrachyna_laevigata,,RR1_TN_QW,RR1_TN_QW_L_20260713_141818326,med_conf,1,foliose_chlorolichen,foliose_chlorolichen,1
585,eopyrenula_grandicula,,RR1_TN_QN,RR1_TN_QN_L_20260713_141818342,med_conf,5,crustose_chlorolichen,crustose_chlorolichen,0
586,hypotrachyna_laevigata,,RR1_TN_QN,RR1_TN_QN_L_20260713_141818358,med_conf,1,foliose_chlorolichen,foliose_chlorolichen,1
587,ochrolechia_androgyna,,RR1_TS_QN,RR1_TS_QN_L_20260713_141818361,high_conf,5,crustose_chlorolichen,crustose_chlorolichen,0
588,lecanactis_abietina,,RR1_TS_QN,RR1_TS_QN_L_20260713_141818374,med_conf,5,crustose_chlorolichen,crustose_chlorolichen,0
589,lecanactis_abietina,,RR1_TS_QE,RR1_TS_QE_L_20260713_141818374,med_conf,5,crustose_chlorolichen,crustose_chlorolichen,0
590,cladonia_coniocraea,,RR1_TS_QE,RR1_TS_QE_L_20260713_141818390,high_conf,2,foliose_chlorolichen,foliose_chlorolichen,0
591,normandina_pulchella,,RR1_TS_QE,RR1_TS_QE_L_20260713_141818390,high_conf,2,squamulose_cyanolichen,squamulose_chlorolichen,1
592,ochrolechia_androgyna,,RR1_TS_QE,RR1_TS_QE_L_20260713_141818406,high_conf,2,crustose_chlorolichen,crustose_chlorolichen,0
593,lecanactis_abietina,,RR1_TS_QS,RR1_TS_QS_L_20260713_141818406,med_conf,5,crustose_chlorolichen,crustose_chlorolichen,0
594,cladonia_coniocraea,,RR1_TS_QS,RR1_TS_QS_L_20260713_141818421,high_conf,4,foliose_chlorolichen,foliose_chlorolichen,0
595,ochrolechia_androgyna,,RR1_TS_QS,RR1_TS_QS_L_20260713_141818431,high_conf,4,crustose_chlorolichen,crustose_chlorolichen,0
596,parmelia_sulcata,,RR1_TS_QS,RR1_TS_QS_L_20260713_141818439,high_conf,3,foliose_chlorolichen,foliose_chlorolichen,0
597,parmelia_sulcata,,RR1_TS_QW,RR1_TS_QW_L_20260713_141818439,high_conf,4,foliose_chlorolichen,foliose_chlorolichen,0
598,ochrolechia_androgyna,,RR1_TS_QW,RR1_TS_QW_L_20260713_141818454,high_conf,5,crustose_chlorolichen,crustose_chlorolichen,0
599,lecanactis_abietina,,RR1_TS_QW,RR1_TS_QW_L_20260713_141818461,med_conf,3,crustose_chlorolichen,crustose_chlorolichen,0
600,cladonia_coniocraea,,RR1_TS_QW,RR1_TS_QW_L_20260713_141818471,high_conf,1,foliose_chlorolichen,foliose_chlorolichen,0
601,lobaria_pulmonaria,,RR1_TW_QW,RR1_TW_QW_L_20260713_141818471,high_conf,3,foliose_cyanolichen,foliose_cyanolichen,1
602,ricasolia_virens,,RR1_TW_QW,RR1_TW_QW_L_20260713_141818485,high_conf,4,foliose_cyanolichen,foliose_cyanolichen,1
603,lecanactis_abietina,,RR1_TW_QW,RR1_TW_QW_L_20260713_141818485,med_conf,2,crustose_chlorolichen,crustose_chlorolichen,0
604,graphis_elegans,,RR1_TW_QW,RR1_TW_QW_L_20260713_141818504,med_conf,2,crustose_chlorolichen,crustose_chlorolichen,1
605,lobarina_scrobiculata,,RR1_TW_QN,RR1_TW_QN_L_20260713_141818516,high_conf,4,foliose_cyanolichen,foliose_cyanolichen,1
606,ricasolia_virens,,RR1_TW_QN,RR1_TW_QN_L_20260713_141818521,high_conf,3,foliose_cyanolichen,foliose_cyanolichen,1
607,lecanactis_abietina,,RR1_TW_QN,RR1_TW_QN_L_20260713_141818532,med_conf,1,crustose_chlorolichen,crustose_chlorolichen,0
608,lobaria_pulmonaria,,RR1_TW_QE,RR1_TW_QE_L_20260713_141818532,high_conf,4,foliose_cyanolichen,foliose_cyanolichen,1
609,ricasolia_virens,,RR1_TW_QE,RR1_TW_QE_L_20260713_141818548,high_conf,3,foliose_cyanolichen,foliose_cyanolichen,1
610,lecanactis_abietina,,RR1_TW_QE,RR1_TW_QE_L_20260713_141818562,med_conf,4,crustose_chlorolichen,crustose_chlorolichen,0
611,lobaria_pulmonaria,,RR1_TW_QS,RR1_TW_QS_L_20260713_141818571,high_conf,5,foliose_cyanolichen,foliose_cyanolichen,1
612,lecanactis_abietina,,RR1_TW_QS,RR1_TW_QS_L_20260713_141818580,med_conf,5,crustose_chlorolichen,crustose_chlorolichen,0
613,ricasolia_virens,,RR1_TW_QS,RR1_TW_QS_L_20260713_141818588,high_conf,3,foliose_cyanolichen,foliose_cyanolichen,1
614,ochrolechia_androgyna,,RR1_TW_QS,RR1_TW_QS_L_20260713_141818596,high_conf,1,crustose_chlorolichen,crustose_chlorolichen,0
615,ochrolechia_androgyna,,BG3_TE_QS,BG3_TE_QS_L_20260713_141818596,high_conf,5,crustose_chlorolichen,crustose_chlorolichen,0
616,ochrolechia_androgyna,,BG3_TE_QW,BG3_TE_QW_L_20260713_141818612,high_conf,5,crustose_chlorolichen,crustose_chlorolichen,0
617,ochrolechia_tartarea,,BG3_TE_QW,BG3_TE_QW_L_20260713_141818621,high_conf,2,crustose_chlorolichen,crustose_chlorolichen,1
618,ochrolechia_androgyna,,BG3_TE_QN,BG3_TE_QN_L_20260713_141818628,high_conf,5,crustose_chlorolichen,crustose_chlorolichen,0
619,ochrolechia_tartarea,,BG3_TE_QN,BG3_TE_QN_L_20260713_141818628,high_conf,3,crustose_chlorolichen,crustose_chlorolichen,1
620,ochrolechia_androgyna,,BG3_TE_QE,BG3_TE_QE_L_20260713_141818644,high_conf,2,crustose_chlorolichen,crustose_chlorolichen,0
621,ochrolechia_tartarea,,BG3_TE_QE,BG3_TE_QE_L_20260713_141818654,high_conf,5,crustose_chlorolichen,crustose_chlorolichen,1
622,ochrolechia_tartarea,,BG3_TN_QN,BG3_TN_QN_L_20260713_141818662,high_conf,5,crustose_chlorolichen,crustose_chlorolichen,1
623,hypotrachyna_laevigata,,BG3_TN_QN,BG3_TN_QN_L_20260713_141818675,high_conf,5,foliose_chlorolichen,foliose_chlorolichen,1
624,platismatia_glauca,,BG3_TN_QN,BG3_TN_QN_L_20260713_141818675,med_conf,1,foliose_chlorolichen,foliose_chlorolichen,1
625,cladonia_chlorophaea_s._lat.,,BG3_TN_QN,BG3_TN_QN_L_20260713_141818692,high_conf,3,foliose_chlorolichen,foliose_chlorolichen,0
626,cladonia_sp,"Different, squamulose. Probably coniocracea.",BG3_TN_QN,BG3_TN_QN_L_20260713_141818692,high_conf,2,squamulose_chlorolichen,squamulose_chlorolichen,0
627,ochrolechia_tartarea,,BG3_TN_QW,BG3_TN_QW_L_20260713_141818707,high_conf,3,crustose_chlorolichen,crustose_chlorolichen,1
628,ochrolechia_androgyna,,BG3_TN_QW,BG3_TN_QW_L_20260713_141818707,high_conf,3,crustose_chlorolichen,crustose_chlorolichen,0
629,hypotrachyna_laevigata,,BG3_TN_QW,BG3_TN_QW_L_20260713_141818723,high_conf,3,foliose_chlorolichen,foliose_chlorolichen,1
630,parmelia_saxatilis_s._lat.,,BG3_TN_QW,BG3_TN_QW_L_20260713_141818723,high_conf,3,foliose_chlorolichen,foliose_chlorolichen,0
631,cladonia_sp,,BG3_TN_QW,BG3_TN_QW_L_20260713_141818739,high_conf,1,squamulose_chlorolichen,squamulose_chlorolichen,0
632,ochrolechia_tartarea,,BG3_TN_QS,BG3_TN_QS_L_20260713_141818751,high_conf,2,crustose_chlorolichen,crustose_chlorolichen,1
633,ochrolechia_androgyna,,BG3_TN_QS,BG3_TN_QS_L_20260713_141818762,high_conf,5,crustose_chlorolichen,crustose_chlorolichen,0
634,parmelia_saxatilis_s._lat.,,BG3_TN_QS,BG3_TN_QS_L_20260713_141818762,high_conf,4,foliose_chlorolichen,foliose_chlorolichen,0
635,hypotrachyna_laevigata,,BG3_TN_QS,BG3_TN_QS_L_20260713_141818771,high_conf,2,foliose_chlorolichen,foliose_chlorolichen,1
636,ochrolechia_androgyna,,BG3_TN_QE,BG3_TN_QE_L_20260713_141818787,high_conf,5,crustose_chlorolichen,crustose_chlorolichen,0
637,ochrolechia_tartarea,,BG3_TN_QE,BG3_TN_QE_L_20260713_141818791,high_conf,2,crustose_chlorolichen,crustose_chlorolichen,1
638,parmelia_saxatilis_s._lat.,,BG3_TN_QE,BG3_TN_QE_L_20260713_141818803,high_conf,5,foliose_chlorolichen,foliose_chlorolichen,0
639,lichen_(unidentified),"In cell 1. Whitish color with black circular apothacea, very slight raised margins around apothacea.",BG3_TN_QE,BG3_TN_QE_L_20260713_141818803,low_conf,1,crustose_unknown_photobiont,,0
640,cladonia_coniocraea,,BG3_TN_QE,BG3_TN_QE_L_20260713_141818820,high_conf,3,foliose_chlorolichen,foliose_chlorolichen,0
641,ochrolechia_tartarea,,BG3_TS_QS,BG3_TS_QS_L_20260713_141818820,high_conf,3,crustose_chlorolichen,crustose_chlorolichen,1
642,ochrolechia_androgyna,,BG3_TS_QS,BG3_TS_QS_L_20260713_141818836,high_conf,5,crustose_chlorolichen,crustose_chlorolichen,0
643,ochrolechia_androgyna,,BG3_TS_QE,BG3_TS_QE_L_20260713_141818836,high_conf,5,crustose_chlorolichen,crustose_chlorolichen,0
644,ochrolechia_tartarea,,BG3_TS_QE,BG3_TS_QE_L_20260713_141818854,high_conf,2,crustose_chlorolichen,crustose_chlorolichen,1
645,parmelia_saxatilis_s._lat.,,BG3_TS_QE,BG3_TS_QE_L_20260713_141818866,high_conf,2,foliose_chlorolichen,foliose_chlorolichen,0
646,usnea_subfloridana,,BG3_TS_QE,BG3_TS_QE_L_20260713_141818866,med_conf,2,fruticose_chlorolichen,fruticose_chlorolichen,1
647,ochrolechia_tartarea,,BG3_TS_QN,BG3_TS_QN_L_20260713_141818888,high_conf,5,crustose_chlorolichen,crustose_chlorolichen,1
648,parmelia_saxatilis_s._lat.,,BG3_TS_QN,BG3_TS_QN_L_20260713_141818898,high_conf,1,foliose_chlorolichen,foliose_chlorolichen,0
649,lepraria_sp,,BG3_TS_QN,BG3_TS_QN_L_20260713_141818904,med_conf,1,leprose_chlorolichen,leprose_chlorolichen,0
650,ochrolechia_tartarea,,BG3_TS_QW,BG3_TS_QW_L_20260713_141818914,high_conf,5,crustose_chlorolichen,crustose_chlorolichen,1
651,lepra_albescens_var._albescens,,BG3_TW_QE,BG3_TW_QE_L_20260713_141818921,med_conf,4,crustose_chlorolichen,crustose_chlorolichen,0
652,ochrolechia_tartarea,,BG3_TW_QE,BG3_TW_QE_L_20260713_141818930,high_conf,5,crustose_chlorolichen,crustose_chlorolichen,1
653,platismatia_glauca,,BG3_TW_QE,BG3_TW_QE_L_20260713_141818940,high_conf,1,foliose_chlorolichen,foliose_chlorolichen,1
654,parmelia_sulcata,,BG3_TW_QE,BG3_TW_QE_L_20260713_141818951,high_conf,5,foliose_chlorolichen,foliose_chlorolichen,0
655,ochrolechia_tartarea,,BG3_TW_QS,BG3_TW_QS_L_20260713_141818951,high_conf,5,crustose_chlorolichen,crustose_chlorolichen,1
656,ochrolechia_androgyna,,BG3_TW_QS,BG3_TW_QS_L_20260713_141818962,high_conf,5,crustose_chlorolichen,crustose_chlorolichen,0
657,cladonia_chlorophaea_s._lat.,,BG3_TW_QS,BG3_TW_QS_L_20260713_141818962,high_conf,1,foliose_chlorolichen,foliose_chlorolichen,0
658,cladonia_coniocraea,,BG3_TW_QS,BG3_TW_QS_L_20260713_141818978,high_conf,2,foliose_chlorolichen,foliose_chlorolichen,0
659,parmelia_sulcata,,BG3_TW_QS,BG3_TW_QS_L_20260713_141818988,high_conf,5,foliose_chlorolichen,foliose_chlorolichen,0
660,ochrolechia_androgyna,,BG3_TW_QW,BG3_TW_QW_L_20260713_141818994,high_conf,5,crustose_chlorolichen,crustose_chlorolichen,0
661,ochrolechia_tartarea,,BG3_TW_QW,BG3_TW_QW_L_20260713_141818994,high_conf,2,crustose_chlorolichen,crustose_chlorolichen,1
662,parmelia_sulcata,,BG3_TW_QW,BG3_TW_QW_L_20260713_141819010,high_conf,3,foliose_chlorolichen,foliose_chlorolichen,0
663,lepraria_sp,,BG3_TW_QW,BG3_TW_QW_L_20260713_141819026,med_conf,4,leprose_chlorolichen,leprose_chlorolichen,0
664,ochrolechia_androgyna,,BG3_TW_QN,BG3_TW_QN_L_20260713_141819026,med_conf,5,crustose_chlorolichen,crustose_chlorolichen,0
665,parmelia_sulcata,,BG3_TW_QN,BG3_TW_QN_L_20260713_141819044,med_conf,2,foliose_chlorolichen,foliose_chlorolichen,0
666,ochrolechia_androgyna,,AGG4_TE_QS,AGG4_TE_QS_L_20260713_141819052,high_conf,5,crustose_chlorolichen,crustose_chlorolichen,0
667,cladonia_coniocraea,,AGG4_TE_QS,AGG4_TE_QS_L_20260713_141819061,high_conf,5,foliose_chlorolichen,foliose_chlorolichen,0
668,parmelia_sulcata,,AGG4_TE_QS,AGG4_TE_QS_L_20260713_141819070,high_conf,4,foliose_chlorolichen,foliose_chlorolichen,0
669,ochrolechia_androgyna,,AGG4_TE_QE,AGG4_TE_QE_L_20260713_141819079,high_conf,5,crustose_chlorolichen,crustose_chlorolichen,0
670,cladonia_coniocraea,,AGG4_TE_QE,AGG4_TE_QE_L_20260713_141819088,high_conf,5,foliose_chlorolichen,foliose_chlorolichen,0
671,parmelia_sulcata,,AGG4_TE_QE,AGG4_TE_QE_L_20260713_141819090,high_conf,3,foliose_chlorolichen,foliose_chlorolichen,0
672,cladonia_coniocraea,,AGG4_TE_QN,AGG4_TE_QN_L_20260713_141819106,high_conf,5,foliose_chlorolichen,foliose_chlorolichen,0
673,ochrolechia_androgyna,,AGG4_TE_QN,AGG4_TE_QN_L_20260713_141819111,high_conf,5,crustose_chlorolichen,crustose_chlorolichen,0
674,parmelia_sulcata,,AGG4_TE_QN,AGG4_TE_QN_L_20260713_141819123,high_conf,5,foliose_chlorolichen,foliose_chlorolichen,0
675,lepraria_sp,,AGG4_TE_QN,AGG4_TE_QN_L_20260713_141819123,med_conf,2,leprose_chlorolichen,leprose_chlorolichen,0
676,sphaerophorus_fragilis,,AGG4_TE_QN,AGG4_TE_QN_L_20260713_141819138,high_conf,1,fruticose_chlorolichen,fruticose_chlorolichen,1
677,parmelia_sulcata,,AGG4_TE_QW,AGG4_TE_QW_L_20260713_141819138,high_conf,5,foliose_chlorolichen,foliose_chlorolichen,0
678,ochrolechia_androgyna,,AGG4_TE_QW,AGG4_TE_QW_L_20260713_141819154,high_conf,4,crustose_chlorolichen,crustose_chlorolichen,0
679,ochrolechia_tartarea,,AGG4_TE_QW,AGG4_TE_QW_L_20260713_141819163,high_conf,2,crustose_chlorolichen,crustose_chlorolichen,1
680,sphaerophorus_globosus,,AGG4_TE_QW,AGG4_TE_QW_L_20260713_141819170,high_conf,1,fruticose_chlorolichen,fruticose_chlorolichen,1
681,ochrolechia_androgyna,,AGG4_TN_QS,AGG4_TN_QS_L_20260713_141819170,high_conf,5,crustose_chlorolichen,crustose_chlorolichen,0
682,glaucomaria_carpinea,,AGG4_TN_QS,AGG4_TN_QS_L_20260713_141819186,high_conf,4,crustose_chlorolichen,crustose_chlorolichen,0
683,lecanora_chlarotera_s._lat.,,AGG4_TN_QS,AGG4_TN_QS_L_20260713_141819186,high_conf,3,crustose_chlorolichen,crustose_chlorolichen,0
684,usnea_sp,,AGG4_TN_QS,AGG4_TN_QS_L_20260713_141819202,high_conf,1,fruticose_chlorolichen,fruticose_chlorolichen,1
685,pyrenula_macrospora,,AGG4_TN_QS,AGG4_TN_QS_L_20260713_141819202,med_conf,4,crustose_chlorolichen,crustose_chlorolichen,1
686,ochrolechia_androgyna,,AGG4_TN_QW,AGG4_TN_QW_L_20260713_141819218,high_conf,5,crustose_chlorolichen,crustose_chlorolichen,0
687,hypotrachyna_laevigata,,AGG4_TN_QW,AGG4_TN_QW_L_20260713_141819234,high_conf,5,foliose_chlorolichen,foliose_chlorolichen,1
688,melanelixia_glabratula,,AGG4_TN_QW,AGG4_TN_QW_L_20260713_141819237,high_conf,1,foliose_chlorolichen,foliose_chlorolichen,0
689,cladonia_sp,,AGG4_TN_QW,AGG4_TN_QW_L_20260713_141819250,high_conf,3,squamulose_chlorolichen,squamulose_chlorolichen,0
690,hypotrachyna_laevigata,,AGG4_TN_QN,AGG4_TN_QN_L_20260713_141819250,high_conf,4,foliose_chlorolichen,foliose_chlorolichen,1
691,ochrolechia_androgyna,,AGG4_TN_QN,AGG4_TN_QN_L_20260713_141819267,high_conf,5,crustose_chlorolichen,crustose_chlorolichen,0
692,lobaria_pulmonaria,,AGG4_TN_QN,AGG4_TN_QN_L_20260713_141819267,high_conf,1,foliose_cyanolichen,foliose_cyanolichen,1
693,sphaerophorus_fragilis,,AGG4_TN_QN,AGG4_TN_QN_L_20260713_141819286,high_conf,1,fruticose_chlorolichen,fruticose_chlorolichen,1
694,cladonia_coniocraea,,AGG4_TN_QN,AGG4_TN_QN_L_20260713_141819296,high_conf,3,foliose_chlorolichen,foliose_chlorolichen,0
695,sticta_sylvatica,,AGG4_TN_QN,AGG4_TN_QN_L_20260713_141819305,high_conf,1,foliose_cyanolichen,foliose_cyanolichen,1
696,parmelia_sulcata,,AGG4_TN_QE,AGG4_TN_QE_L_20260713_141819313,high_conf,5,foliose_chlorolichen,foliose_chlorolichen,0
697,cladonia_sp,,AGG4_TN_QE,AGG4_TN_QE_L_20260713_141819323,high_conf,1,squamulose_chlorolichen,squamulose_chlorolichen,0
698,ochrolechia_tartarea,,AGG4_TN_QE,AGG4_TN_QE_L_20260713_141819328,high_conf,3,crustose_chlorolichen,crustose_chlorolichen,1
699,ochrolechia_androgyna,,AGG4_TN_QE,AGG4_TN_QE_L_20260713_141819328,high_conf,4,crustose_chlorolichen,crustose_chlorolichen,0
700,parmelia_sulcata,,AGG4_TS_QN,AGG4_TS_QN_L_20260713_141819344,high_conf,5,foliose_chlorolichen,foliose_chlorolichen,0
701,ochrolechia_androgyna,,AGG4_TS_QN,AGG4_TS_QN_L_20260713_141819344,high_conf,3,crustose_chlorolichen,crustose_chlorolichen,0
702,cladonia_sp,,AGG4_TS_QN,AGG4_TS_QN_L_20260713_141819363,high_conf,4,squamulose_chlorolichen,squamulose_chlorolichen,0
703,parmelia_sulcata,,AGG4_TS_QE,AGG4_TS_QE_L_20260713_141819376,high_conf,5,foliose_chlorolichen,foliose_chlorolichen,0
704,melanelixia_glabratula,,AGG4_TS_QE,AGG4_TS_QE_L_20260713_141819376,high_conf,1,foliose_chlorolichen,foliose_chlorolichen,0
705,normandina_pulchella,,AGG4_TS_QE,AGG4_TS_QE_L_20260713_141819392,high_conf,2,squamulose_cyanolichen,squamulose_chlorolichen,1
706,cladonia_sp,,AGG4_TS_QE,AGG4_TS_QE_L_20260713_141819392,high_conf,3,squamulose_chlorolichen,squamulose_chlorolichen,0
707,lepraria_sp,,AGG4_TS_QE,AGG4_TS_QE_L_20260713_141819408,high_conf,5,leprose_chlorolichen,leprose_chlorolichen,0
708,cladonia_coniocraea,,AGG4_TS_QS,AGG4_TS_QS_L_20260713_141819408,high_conf,5,foliose_chlorolichen,foliose_chlorolichen,0
709,parmelia_sulcata,,AGG4_TS_QS,AGG4_TS_QS_L_20260713_141819424,high_conf,1,foliose_chlorolichen,foliose_chlorolichen,0
710,usnea_subfloridana,,AGG4_TS_QS,AGG4_TS_QS_L_20260713_141819424,high_conf,1,fruticose_chlorolichen,fruticose_chlorolichen,1
711,ochrolechia_androgyna,,AGG4_TS_QS,AGG4_TS_QS_L_20260713_141819440,med_conf,5,crustose_chlorolichen,crustose_chlorolichen,0
712,ochrolechia_androgyna,,AGG4_TS_QW,AGG4_TS_QW_L_20260713_141819456,high_conf,3,crustose_chlorolichen,crustose_chlorolichen,0
713,cladonia_sp,,AGG4_TS_QW,AGG4_TS_QW_L_20260713_141819463,high_conf,5,squamulose_chlorolichen,squamulose_chlorolichen,0
714,parmelia_sulcata,,AGG4_TS_QW,AGG4_TS_QW_L_20260713_141819472,high_conf,5,foliose_chlorolichen,foliose_chlorolichen,0
715,ochrolechia_androgyna,,RA1_TE_QW,RA1_TE_QW_L_20260713_141819472,high_conf,4,crustose_chlorolichen,crustose_chlorolichen,0
716,menegazzia_terebrata,,RA1_TE_QW,RA1_TE_QW_L_20260713_141819487,high_conf,5,foliose_chlorolichen,foliose_chlorolichen,1
717,parmelia_sulcata,,RA1_TE_QW,RA1_TE_QW_L_20260713_141819487,high_conf,2,foliose_chlorolichen,foliose_chlorolichen,0
718,cladonia_coniocraea,,RA1_TE_QW,RA1_TE_QW_L_20260713_141819503,high_conf,5,foliose_chlorolichen,foliose_chlorolichen,0
719,sphaerophorus_globosus,,RA1_TE_QW,RA1_TE_QW_L_20260713_141819503,med_conf,2,fruticose_chlorolichen,fruticose_chlorolichen,1
720,usnea_cornuta_s._lat.,,RA1_TE_QW,RA1_TE_QW_L_20260713_141819521,high_conf,1,fruticose_chlorolichen,fruticose_chlorolichen,1
721,lepraria_sp,,RA1_TE_QN,RA1_TE_QN_L_20260713_141819535,high_conf,3,leprose_chlorolichen,leprose_chlorolichen,0
722,cladonia_sp,,RA1_TE_QN,RA1_TE_QN_L_20260713_141819535,high_conf,5,squamulose_chlorolichen,squamulose_chlorolichen,0
723,usnea_cornuta_s._lat.,,RA1_TE_QN,RA1_TE_QN_L_20260713_141819554,high_conf,1,fruticose_chlorolichen,fruticose_chlorolichen,1
724,lepraria_sp,,RA1_TE_QE,RA1_TE_QE_L_20260713_141819561,high_conf,3,leprose_chlorolichen,leprose_chlorolichen,0
725,normandina_pulchella,,RA1_TE_QE,RA1_TE_QE_L_20260713_141819569,high_conf,5,squamulose_cyanolichen,squamulose_chlorolichen,1
726,cladonia_coniocraea,,RA1_TE_QE,RA1_TE_QE_L_20260713_141819576,high_conf,5,foliose_chlorolichen,foliose_chlorolichen,0
727,usnea_cornuta_s._lat.,,RA1_TE_QE,RA1_TE_QE_L_20260713_141819591,high_conf,2,fruticose_chlorolichen,fruticose_chlorolichen,1
728,usnea_subfloridana,,RA1_TE_QE,RA1_TE_QE_L_20260713_141819603,high_conf,1,fruticose_chlorolichen,fruticose_chlorolichen,1
729,lepra_albescens_var._albescens,,RA1_TE_QE,RA1_TE_QE_L_20260713_141819613,med_conf,5,crustose_chlorolichen,crustose_chlorolichen,0
730,cladonia_coniocraea,,RA1_TE_QS,RA1_TE_QS_L_20260713_141819622,high_conf,5,foliose_chlorolichen,foliose_chlorolichen,0
731,ochrolechia_androgyna,,RA1_TE_QS,RA1_TE_QS_L_20260713_141819629,high_conf,5,crustose_chlorolichen,crustose_chlorolichen,0
732,hypotrachyna_laevigata,,RA1_TE_QS,RA1_TE_QS_L_20260713_141819639,med_conf,3,foliose_chlorolichen,foliose_chlorolichen,1
733,thelotrema_lepadinum,,RA1_TE_QS,RA1_TE_QS_L_20260713_141819649,high_conf,5,crustose_chlorolichen,crustose_chlorolichen,1
734,mycoblastus_sanguinarius_f._sanguinarius,,RA1_TE_QS,RA1_TE_QS_L_20260713_141819658,high_conf,2,crustose_chlorolichen,crustose_chlorolichen,0
735,usnea_cornuta_s._lat.,,RA1_TE_QS,RA1_TE_QS_L_20260713_141819669,high_conf,1,fruticose_chlorolichen,fruticose_chlorolichen,1
736,cladonia_chlorophaea_s._lat.,,RA1_TN_QS,RA1_TN_QS_L_20260713_141819677,high_conf,5,foliose_chlorolichen,foliose_chlorolichen,0
737,lepraria_sp,,RA1_TN_QS,RA1_TN_QS_L_20260713_141819685,high_conf,1,leprose_chlorolichen,leprose_chlorolichen,0
738,thelotrema_lepadinum,,RA1_TN_QS,RA1_TN_QS_L_20260713_141819693,high_conf,4,crustose_chlorolichen,crustose_chlorolichen,1
739,lecanora_sp,,RA1_TN_QS,RA1_TN_QS_L_20260713_141819701,high_conf,4,crustose_chlorolichen,crustose_chlorolichen,0
740,pannaria_rubiginosa,,RA1_TN_QS,RA1_TN_QS_L_20260713_141819711,high_conf,2,foliose_cyanolichen,foliose_cyanolichen,1
741,parmelia_saxatilis_s._lat.,,RA1_TN_QS,RA1_TN_QS_L_20260713_141819719,med_conf,4,foliose_chlorolichen,foliose_chlorolichen,0
742,normandina_pulchella,,RA1_TN_QS,RA1_TN_QS_L_20260713_141819727,high_conf,3,squamulose_cyanolichen,squamulose_chlorolichen,1
743,mycoblastus_sanguinarius_f._sanguinarius,,RA1_TN_QE,RA1_TN_QE_L_20260713_141819735,high_conf,5,crustose_chlorolichen,crustose_chlorolichen,0
744,normandina_pulchella,,RA1_TN_QE,RA1_TN_QE_L_20260713_141819747,high_conf,5,squamulose_cyanolichen,squamulose_chlorolichen,1
745,cladonia_chlorophaea_s._lat.,,RA1_TN_QE,RA1_TN_QE_L_20260713_141819755,high_conf,3,foliose_chlorolichen,foliose_chlorolichen,0
746,cladonia_coniocraea,,RA1_TN_QE,RA1_TN_QE_L_20260713_141819763,high_conf,5,foliose_chlorolichen,foliose_chlorolichen,0
747,pannaria_conoplea,,RA1_TN_QE,RA1_TN_QE_L_20260713_141819771,high_conf,2,foliose_cyanolichen,foliose_cyanolichen,1
748,graphis_scripta_s._lat.,,RA1_TN_QE,RA1_TN_QE_L_20260713_141819779,high_conf,1,crustose_chlorolichen,crustose_chlorolichen,0
749,cladonia_chlorophaea_s._lat.,,RA1_TN_QW,RA1_TN_QW_L_20260713_141819791,high_conf,5,foliose_chlorolichen,foliose_chlorolichen,0
750,normandina_pulchella,,RA1_TN_QW,RA1_TN_QW_L_20260713_141819799,high_conf,5,squamulose_cyanolichen,squamulose_chlorolichen,1
751,thelotrema_lepadinum,,RA1_TN_QW,RA1_TN_QW_L_20260713_141819807,high_conf,1,crustose_chlorolichen,crustose_chlorolichen,1
752,cladonia_coniocraea,,RA1_TN_QN,RA1_TN_QN_L_20260713_141819815,high_conf,3,foliose_chlorolichen,foliose_chlorolichen,0
753,cladonia_chlorophaea_s._lat.,,RA1_TN_QN,RA1_TN_QN_L_20260713_141819821,high_conf,2,foliose_chlorolichen,foliose_chlorolichen,0
754,normandina_pulchella,,RA1_TN_QN,RA1_TN_QN_L_20260713_141819821,,3,squamulose_cyanolichen,squamulose_chlorolichen,1
755,cladonia_chlorophaea_s._lat.,,RA1_TS_QW,RA1_TS_QW_L_20260713_141819842,high_conf,5,foliose_chlorolichen,foliose_chlorolichen,0
756,cladonia_coniocraea,,RA1_TS_QW,RA1_TS_QW_L_20260713_141819842,high_conf,2,foliose_chlorolichen,foliose_chlorolichen,0
757,parmelia_sulcata,,RA1_TS_QW,RA1_TS_QW_L_20260713_141819863,high_conf,4,foliose_chlorolichen,foliose_chlorolichen,0
758,usnea_cornuta_s._lat.,,RA1_TS_QW,RA1_TS_QW_L_20260713_141819868,high_conf,2,fruticose_chlorolichen,fruticose_chlorolichen,1
759,ochrolechia_androgyna,,RA1_TS_QW,RA1_TS_QW_L_20260713_141819884,high_conf,2,crustose_chlorolichen,crustose_chlorolichen,0
760,cladonia_coniocraea,,RA1_TS_QS,RA1_TS_QS_L_20260713_141819884,high_conf,2,foliose_chlorolichen,foliose_chlorolichen,0
761,cladonia_floerkeana,,RA1_TS_QS,RA1_TS_QS_L_20260713_141819900,med_conf,3,foliose_chlorolichen,foliose_chlorolichen,0
762,ochrolechia_androgyna,,RA1_TS_QS,RA1_TS_QS_L_20260713_141819900,high_conf,3,crustose_chlorolichen,crustose_chlorolichen,0
763,parmelia_sulcata,,RA1_TS_QS,RA1_TS_QS_L_20260713_141819921,med_conf,2,foliose_chlorolichen,foliose_chlorolichen,0
764,usnea_cornuta_s._lat.,,RA1_TS_QS,RA1_TS_QS_L_20260713_141819921,high_conf,1,fruticose_chlorolichen,fruticose_chlorolichen,1
765,parmelia_sulcata,,RA1_TS_QE,RA1_TS_QE_L_20260713_141819932,med_conf,1,foliose_chlorolichen,foliose_chlorolichen,0
766,cladonia_floerkeana,,RA1_TS_QE,RA1_TS_QE_L_20260713_141819932,med_conf,5,foliose_chlorolichen,foliose_chlorolichen,0
767,cladonia_chlorophaea_s._lat.,,RA1_TS_QE,RA1_TS_QE_L_20260713_141819948,high_conf,1,foliose_chlorolichen,foliose_chlorolichen,0
768,cladonia_sp,,RA1_TS_QE,RA1_TS_QE_L_20260713_141819964,high_conf,5,squamulose_chlorolichen,squamulose_chlorolichen,0
769,lepra_sp,,RA1_TS_QE,RA1_TS_QE_L_20260713_141819970,high_conf,5,crustose_chlorolichen,crustose_chlorolichen,0
770,usnea_cornuta_s._lat.,,RA1_TS_QN,RA1_TS_QN_L_20260713_141819980,high_conf,3,fruticose_chlorolichen,fruticose_chlorolichen,1
771,cladonia_floerkeana,,RA1_TS_QN,RA1_TS_QN_L_20260713_141819980,high_conf,4,foliose_chlorolichen,foliose_chlorolichen,0
772,cladonia_sp,,RA1_TS_QN,RA1_TS_QN_L_20260713_141819996,high_conf,5,squamulose_chlorolichen,squamulose_chlorolichen,0
773,lepraria_sp,,RA1_TS_QN,RA1_TS_QN_L_20260713_141819996,med_conf,1,leprose_chlorolichen,leprose_chlorolichen,0
774,lepra_sp,,RA1_TS_QN,RA1_TS_QN_L_20260713_141820011,med_conf,2,crustose_chlorolichen,crustose_chlorolichen,0
775,lepraria_sp,,RA1_TW_QN,RA1_TW_QN_L_20260713_141820011,med_conf,5,leprose_chlorolichen,leprose_chlorolichen,0
776,cladonia_sp,,RA1_TW_QN,RA1_TW_QN_L_20260713_141820031,high_conf,5,squamulose_chlorolichen,squamulose_chlorolichen,0
777,lepraria_sp,,RA1_TW_QN,RA1_TW_QN_L_20260713_141820043,med_conf,2,leprose_chlorolichen,leprose_chlorolichen,0
778,lepra_sp,,RA1_TW_QE,RA1_TW_QE_L_20260713_141820043,med_conf,5,crustose_chlorolichen,crustose_chlorolichen,0
779,cladonia_sp,,RA1_TW_QE,RA1_TW_QE_L_20260713_141820059,high_conf,5,squamulose_chlorolichen,squamulose_chlorolichen,0
780,pectenia_atlantica,,RA1_TW_QE,RA1_TW_QE_L_20260713_141820064,med_conf,1,foliose_cyanolichen,foliose_cyanolichen,1
781,lepraria_sp,,RA1_TW_QE,RA1_TW_QE_L_20260713_141820075,med_conf,2,leprose_chlorolichen,leprose_chlorolichen,0
782,cladonia_chlorophaea_s._lat.,,RA1_TW_QS,RA1_TW_QS_L_20260713_141820075,high_conf,5,foliose_chlorolichen,foliose_chlorolichen,0
783,ochrolechia_tartarea,,RA1_TW_QS,RA1_TW_QS_L_20260713_141820091,high_conf,2,crustose_chlorolichen,crustose_chlorolichen,1
784,pyrenula_macrospora,,RA1_TW_QS,RA1_TW_QS_L_20260713_141820091,med_conf,2,crustose_chlorolichen,crustose_chlorolichen,1
785,graphis_scripta_s._lat.,,RA1_TW_QW,RA1_TW_QW_L_20260713_141820107,high_conf,3,crustose_chlorolichen,crustose_chlorolichen,0
786,cladonia_chlorophaea_s._lat.,,RA1_TW_QW,RA1_TW_QW_L_20260713_141820107,high_conf,5,foliose_chlorolichen,foliose_chlorolichen,0
787,lepra_sp,,RA1_TW_QW,RA1_TW_QW_L_20260713_141820123,high_conf,3,crustose_chlorolichen,crustose_chlorolichen,0
788,graphis_elegans,,RA1_TW_QW,RA1_TW_QW_L_20260713_141820123,high_conf,1,crustose_chlorolichen,crustose_chlorolichen,1
789,usnea_subfloridana,,AGG4_TW_QS,AGG4_TW_QS_L_20260713_141820138,high_conf,3,fruticose_chlorolichen,fruticose_chlorolichen,1
790,cladonia_coniocraea,,AGG4_TW_QS,AGG4_TW_QS_L_20260713_141820154,high_conf,5,foliose_chlorolichen,foliose_chlorolichen,0
791,ochrolechia_androgyna,,AGG4_TW_QS,AGG4_TW_QS_L_20260713_141820170,high_conf,4,crustose_chlorolichen,crustose_chlorolichen,0
792,parmelia_saxatilis_s._lat.,,AGG4_TW_QS,AGG4_TW_QS_L_20260713_141820170,high_conf,4,foliose_chlorolichen,foliose_chlorolichen,0
793,parmelia_saxatilis_s._lat.,,AGG4_TW_QE,AGG4_TW_QE_L_20260713_141820187,high_conf,5,foliose_chlorolichen,foliose_chlorolichen,0
794,ochrolechia_androgyna,,AGG4_TW_QE,AGG4_TW_QE_L_20260713_141820187,high_conf,3,crustose_chlorolichen,crustose_chlorolichen,0
795,lepra_sp,,AGG4_TW_QE,AGG4_TW_QE_L_20260713_141820204,med_conf,5,crustose_chlorolichen,crustose_chlorolichen,0
796,lepraria_sp,,AGG4_TW_QE,AGG4_TW_QE_L_20260713_141820217,med_conf,3,leprose_chlorolichen,leprose_chlorolichen,0
797,ochrolechia_tartarea,,AGG4_TW_QN,AGG4_TW_QN_L_20260713_141820220,high_conf,5,crustose_chlorolichen,crustose_chlorolichen,1
798,ochrolechia_androgyna,,AGG4_TW_QN,AGG4_TW_QN_L_20260713_141820233,high_conf,3,crustose_chlorolichen,crustose_chlorolichen,0
799,parmelia_saxatilis_s._lat.,,AGG4_TW_QN,AGG4_TW_QN_L_20260713_141820238,high_conf,5,foliose_chlorolichen,foliose_chlorolichen,0
800,ochrolechia_androgyna,,AGG4_TW_QW,AGG4_TW_QW_L_20260713_141820249,high_conf,5,crustose_chlorolichen,crustose_chlorolichen,0
801,parmelia_saxatilis_s._lat.,,AGG4_TW_QW,AGG4_TW_QW_L_20260713_141820254,high_conf,5,foliose_chlorolichen,foliose_chlorolichen,0
802,ochrolechia_androgyna,,LAE2_TE_QS,LAE2_TE_QS_L_20260713_141820265,high_conf,5,crustose_chlorolichen,crustose_chlorolichen,0
803,cladonia_coniocraea,,LAE2_TE_QS,LAE2_TE_QS_L_20260713_141820265,high_conf,5,foliose_chlorolichen,foliose_chlorolichen,0
804,ochrolechia_androgyna,,LAE2_TE_QE,LAE2_TE_QE_L_20260713_141820287,high_conf,5,crustose_chlorolichen,crustose_chlorolichen,0
805,lepraria_sp,,LAE2_TE_QE,LAE2_TE_QE_L_20260713_141820297,med_conf,5,leprose_chlorolichen,leprose_chlorolichen,0
806,cladonia_coniocraea,,LAE2_TE_QN,LAE2_TE_QN_L_20260713_141820297,high_conf,4,foliose_chlorolichen,foliose_chlorolichen,0
807,lepraria_sp,,LAE2_TE_QN,LAE2_TE_QN_L_20260713_141820313,low_conf,2,leprose_chlorolichen,leprose_chlorolichen,0
808,lepraria_sp,,LAE2_TE_QW,LAE2_TE_QW_L_20260713_141820313,high_conf,5,leprose_chlorolichen,leprose_chlorolichen,0
809,lecanactis_abietina,,LAE2_TE_QW,LAE2_TE_QW_L_20260713_141820329,high_conf,4,crustose_chlorolichen,crustose_chlorolichen,0
810,cladonia_sp,,LAE2_TN_QE,LAE2_TN_QE_L_20260713_141820345,high_conf,5,squamulose_chlorolichen,squamulose_chlorolichen,0
811,lecanactis_abietina,,LAE2_TN_QE,LAE2_TN_QE_L_20260713_141820345,med_conf,3,crustose_chlorolichen,crustose_chlorolichen,0
812,lecanactis_abietina,,LAE2_TN_QN,LAE2_TN_QN_L_20260713_141820361,low_conf,5,crustose_chlorolichen,crustose_chlorolichen,0
813,cladonia_sp,,LAE2_TN_QN,LAE2_TN_QN_L_20260713_141820364,high_conf,2,squamulose_chlorolichen,squamulose_chlorolichen,0
814,cladonia_sp,,LAE2_TN_QS,LAE2_TN_QS_L_20260713_141820377,high_conf,5,squamulose_chlorolichen,squamulose_chlorolichen,0
815,graphis_scripta_s._lat.,,LAE2_TN_QW,LAE2_TN_QW_L_20260713_141820377,high_conf,1,crustose_chlorolichen,crustose_chlorolichen,0
816,cladonia_sp,,LAE2_TN_QW,LAE2_TN_QW_L_20260713_141820397,high_conf,4,squamulose_chlorolichen,squamulose_chlorolichen,0
817,normandina_pulchella,,LAE2_TN_QW,LAE2_TN_QW_L_20260713_141820397,high_conf,3,squamulose_cyanolichen,squamulose_chlorolichen,1
818,pyrenula_macrospora,,LAE2_TN_QW,LAE2_TN_QW_L_20260713_141820409,med_conf,3,crustose_chlorolichen,crustose_chlorolichen,1
819,cladonia_sp,,LAE2_TS_QN,LAE2_TS_QN_L_20260713_141820420,high_conf,5,squamulose_chlorolichen,squamulose_chlorolichen,0
820,normandina_pulchella,,LAE2_TS_QN,LAE2_TS_QN_L_20260713_141820425,high_conf,2,squamulose_cyanolichen,squamulose_chlorolichen,1
821,ochrolechia_androgyna,,LAE2_TS_QN,LAE2_TS_QN_L_20260713_141820441,high_conf,4,crustose_chlorolichen,crustose_chlorolichen,0
822,cladonia_coniocraea,,LAE2_TS_QW,LAE2_TS_QW_L_20260713_141820441,high_conf,5,foliose_chlorolichen,foliose_chlorolichen,0
823,lepraria_sp,,LAE2_TS_QW,LAE2_TS_QW_L_20260713_141820457,med_conf,4,leprose_chlorolichen,leprose_chlorolichen,0
824,ochrolechia_tartarea,,LAE2_TS_QE,LAE2_TS_QE_L_20260713_141820464,high_conf,4,crustose_chlorolichen,crustose_chlorolichen,1
825,cladonia_coniocraea,,LAE2_TS_QE,LAE2_TS_QE_L_20260713_141820473,high_conf,5,foliose_chlorolichen,foliose_chlorolichen,0
826,lepraria_sp,,LAE2_TS_QE,LAE2_TS_QE_L_20260713_141820473,med_conf,3,leprose_chlorolichen,leprose_chlorolichen,0
827,cladonia_sp,,LAE2_TS_QS,LAE2_TS_QS_L_20260713_141820489,high_conf,5,squamulose_chlorolichen,squamulose_chlorolichen,0
828,ochrolechia_tartarea,,LAE2_TS_QS,LAE2_TS_QS_L_20260713_141820504,high_conf,2,crustose_chlorolichen,crustose_chlorolichen,1
829,lepraria_sp,,LAE2_TS_QS,LAE2_TS_QS_L_20260713_141820505,med_conf,2,leprose_chlorolichen,leprose_chlorolichen,0
830,pyrenula_macrospora,,LAE2_TW_QE,LAE2_TW_QE_L_20260713_141820521,high_conf,5,crustose_chlorolichen,crustose_chlorolichen,1
831,diarthonis_spadicea,,LAE2_TW_QE,LAE2_TW_QE_L_20260713_141820521,med_conf,2,crustose_chlorolichen,crustose_chlorolichen,0
832,graphis_scripta_s._lat.,,LAE2_TW_QE,LAE2_TW_QE_L_20260713_141820537,high_conf,2,crustose_chlorolichen,crustose_chlorolichen,0
833,thelotrema_lepadinum,,LAE2_TW_QE,LAE2_TW_QE_L_20260713_141820546,high_conf,4,crustose_chlorolichen,crustose_chlorolichen,1
834,arthonia_sp,,LAE2_TW_QE,LAE2_TW_QE_L_20260713_141925162,high_conf,1,crustose_chlorolichen,,
835,pyrenula_macrospora,,LAE2_TW_QS,LAE2_TW_QS_L_20260713_141820570,high_conf,5,crustose_chlorolichen,crustose_chlorolichen,1
836,diarthonis_spadicea,,LAE2_TW_QS,LAE2_TW_QS_L_20260713_141820570,high_conf,1,crustose_chlorolichen,crustose_chlorolichen,0
837,graphis_scripta_s._lat.,,LAE2_TW_QS,LAE2_TW_QS_L_20260713_141820587,high_conf,1,crustose_chlorolichen,crustose_chlorolichen,0
838,lecanora_chlarotera_s._lat.,,LAE2_TW_QS,LAE2_TW_QS_L_20260713_141820587,med_conf,2,crustose_chlorolichen,crustose_chlorolichen,0
839,thelotrema_lepadinum,,LAE2_TW_QS,LAE2_TW_QS_L_20260713_141820601,high_conf,4,crustose_chlorolichen,crustose_chlorolichen,1
840,lecanora_chlarotera_s._lat.,,LAE2_TW_QW,LAE2_TW_QW_L_20260713_141820601,med_conf,1,crustose_chlorolichen,crustose_chlorolichen,0
841,pyrenula_macrospora,,LAE2_TW_QW,LAE2_TW_QW_L_20260713_141820620,high_conf,5,crustose_chlorolichen,crustose_chlorolichen,1
842,thelotrema_lepadinum,,LAE2_TW_QW,LAE2_TW_QW_L_20260713_141820620,high_conf,5,crustose_chlorolichen,crustose_chlorolichen,1
843,graphis_scripta_s._lat.,,LAE2_TW_QW,LAE2_TW_QW_L_20260713_141820633,high_conf,1,crustose_chlorolichen,crustose_chlorolichen,0
844,arthonia_sp,,LAE2_TW_QW,LAE2_TW_QW_L_20260713_141926813,med_conf,1,crustose_chlorolichen,,
845,lecanactis_abietina,,LAE2_TW_QW,LAE2_TW_QW_L_20260713_141820654,med_conf,1,crustose_chlorolichen,crustose_chlorolichen,0
846,graphis_scripta_s._lat.,,LAE2_TW_QN,LAE2_TW_QN_L_20260713_141820664,high_conf,1,crustose_chlorolichen,crustose_chlorolichen,0
847,pyrenula_macrospora,,LAE2_TW_QN,LAE2_TW_QN_L_20260713_141820664,high_conf,5,crustose_chlorolichen,crustose_chlorolichen,1
848,thelotrema_lepadinum,,LAE2_TW_QN,LAE2_TW_QN_L_20260713_141820680,high_conf,5,crustose_chlorolichen,crustose_chlorolichen,1
849,lecanactis_abietina,,LAE2_TW_QN,LAE2_TW_QN_L_20260713_141820696,high_conf,1,crustose_chlorolichen,crustose_chlorolichen,0
